,Price,Close,Open,Trend,MA_5,FVG,LiquidityGrabHigh,LiquidityGrabLow,Target,Label
4,2025-04-10 00:00:00+00:00,1.0958904027938845,1.0955302715301514,1,1.0954342842102052,-1,0,0,1.0972130298614502,1.0
5,2025-04-10 00:15:00+00:00,1.0972130298614502,1.0960105657577517,1,1.095818829536438,-1,1,1,1.0976948738098145,1.0
6,2025-04-10 00:30:00+00:00,1.0976948738098145,1.0973334312438965,1,1.096275758743286,-1,1,1,1.0989010334014893,1.0
7,2025-04-10 00:45:00+00:00,1.0989010334014893,1.0978153944015503,1,1.0970219135284425,-1,1,1,1.0982975959777832,0.0
8,2025-04-10 01:00:00+00:00,1.0982975959777832,1.098780393600464,1,1.0975993871688843,-1,0,1,1.098659634590149,0.0
9,2025-04-10 01:15:00+00:00,1.098659634590149,1.098538875579834,1,1.0981532335281372,0,1,1,1.0982975959777832,0.0
10,2025-04-10 01:30:00+00:00,1.0982975959777832,1.098418354988098,-1,1.0983701467514038,0,0,1,1.0975743532180786,0.0
11,2025-04-10 01:45:00+00:00,1.0975743532180786,1.0975743532180786,-1,1.0983460426330567,1,0,1,1.096731662750244,1.0
12,2025-04-10 02:00:00+00:00,1.096731662750244,1.0978153944015503,-1,1.0979121685028077,1,0,1,1.0969723463058472,1.0
13,2025-04-10 02:15:00+00:00,1.0969723463058472,1.096611499786377,-1,1.0976471185684205,1,0,1,1.096731662750244,1.0
14,2025-04-10 02:30:00+00:00,1.096731662750244,1.0969723463058472,-1,1.0972615242004393,0,0,1,1.0974539518356323,1.0
15,2025-04-10 02:45:00+00:00,1.0974539518356323,1.096731662750244,1,1.097092795372009,0,0,1,1.0990219116210938,1.0
16,2025-04-10 03:00:00+00:00,1.0990219116210938,1.0974539518356323,1,1.097382307052612,-1,1,1,1.098659634590149,1.0
17,2025-04-10 03:15:00+00:00,1.098659634590149,1.0991426706314087,1,1.0977679014205932,-1,1,1,1.098418354988098,1.0
18,2025-04-10 03:30:00+00:00,1.098418354988098,1.098418354988098,1,1.0980571031570434,0,0,1,1.098659634590149,1.0
19,2025-04-10 03:45:00+00:00,1.098659634590149,1.098418354988098,1,1.0984426975250243,0,0,1,1.098538875579834,1.0
20,2025-04-10 04:00:00+00:00,1.098538875579834,1.098418354988098,-1,1.0986596822738648,0,0,1,1.098659634590149,1.0
21,2025-04-10 04:15:00+00:00,1.098659634590149,1.098538875579834,1,1.0985872268676757,0,0,1,1.0982975959777832,1.0
22,2025-04-10 04:30:00+00:00,1.0982975959777832,1.098659634590149,-1,1.0985148191452025,0,0,1,1.098659634590149,1.0
23,2025-04-10 04:45:00+00:00,1.098659634590149,1.0981770753860474,1,1.0985630750656128,0,0,1,1.0981770753860474,1.0
24,2025-04-10 05:00:00+00:00,1.0981770753860474,1.098659634590149,-1,1.0984665632247925,0,0,1,1.0992635488510132,1.0
25,2025-04-10 05:15:00+00:00,1.0992635488510132,1.0982975959777832,1,1.0986114978790282,0,1,1,1.0991426706314087,1.0
26,2025-04-10 05:30:00+00:00,1.0991426706314087,1.099384307861328,1,1.0987081050872802,-1,1,1,1.098780393600464,1.0
27,2025-04-10 05:45:00+00:00,1.098780393600464,1.0989010334014893,-1,1.0988046646118164,0,0,1,1.0974539518356323,1.0
28,2025-04-10 06:00:00+00:00,1.0974539518356323,1.0989010334014893,-1,1.0985635280609132,0,0,1,1.098056435585022,1.0
29,2025-04-10 06:15:00+00:00,1.098056435585022,1.0974539518356323,-1,1.098539400100708,0,0,1,1.0978153944015503,1.0
30,2025-04-10 06:30:00+00:00,1.0978153944015503,1.098538875579834,-1,1.0982497692108155,0,0,1,1.098538875579834,1.0
31,2025-04-10 06:45:00+00:00,1.098538875579834,1.0978153944015503,1,1.0981290102005006,0,0,1,1.098418354988098,1.0
32,2025-04-10 07:00:00+00:00,1.098418354988098,1.098780393600464,1,1.0980566024780274,0,0,1,1.0990219116210938,1.0
33,2025-04-10 07:15:00+00:00,1.0990219116210938,1.098418354988098,1,1.0983701944351196,0,1,1,1.1018069982528689,1.0
34,2025-04-10 07:30:00+00:00,1.1018069982528689,1.098418354988098,1,1.099120306968689,0,1,1,1.1031439304351809,1.0
35,2025-04-10 07:45:00+00:00,1.1031439304351809,1.101321578025818,1,1.100186014175415,-1,1,1,1.1024142503738403,1.0
36,2025-04-10 08:00:00+00:00,1.1024142503738403,1.1029006242752075,1,1.1009610891342163,-1,0,1,1.1037527322769165,1.0
37,2025-04-10 08:15:00+00:00,1.1037527322769165,1.1027790307998655,1,1.10202796459198,0,1,1,1.103265643119812,1.0
38,2025-04-10 08:30:00+00:00,1.103265643119812,1.103265643119812,1,1.1028767108917237,0,1,1,1.1041183471679688,1.0
39,2025-04-10 08:45:00+00:00,1.1041183471679688,1.1030223369598389,1,1.1033389806747436,0,0,1,1.1041183471679688,1.0
40,2025-04-10 09:00:00+00:00,1.1041183471679688,1.1038745641708374,1,1.1035338640213013,0,0,1,1.1047282218933103,1.0
41,2025-04-10 09:15:00+00:00,1.1047282218933103,1.1043622493743896,1,1.1039966583251952,0,1,1,1.1046061515808103,1.0
42,2025-04-10 09:30:00+00:00,1.1046061515808103,1.1046061515808103,1,1.1041673421859741,0,0,1,1.1060723066329956,1.0
43,2025-04-10 09:45:00+00:00,1.1060723066329956,1.1049723625183103,1,1.104728674888611,0,1,1,1.107051968574524,1.0
44,2025-04-10 10:00:00+00:00,1.107051968574524,1.1061947345733645,1,1.1053153991699218,-1,1,0,1.1059499979019165,1.0
45,2025-04-10 10:15:00+00:00,1.1059499979019165,1.1068068742752075,1,1.1056817293167114,0,0,1,1.107419729232788,1.0
46,2025-04-10 10:30:00+00:00,1.107419729232788,1.1059499979019165,1,1.1062200307846068,0,1,1,1.108033299446106,1.0
47,2025-04-10 10:45:00+00:00,1.108033299446106,1.1072970628738403,1,1.106905460357666,0,0,1,1.1082788705825806,1.0
48,2025-04-10 11:00:00+00:00,1.1082788705825806,1.1082788705825806,1,1.107346773147583,0,1,0,1.1079105138778689,1.0
49,2025-04-10 11:15:00+00:00,1.1079105138778689,1.108401656150818,1,1.107518482208252,0,0,1,1.1076650619506836,1.0
50,2025-04-10 11:30:00+00:00,1.1076650619506836,1.1082788705825806,-1,1.1078614950180055,0,0,1,1.1075423955917358,1.0
51,2025-04-10 11:45:00+00:00,1.1075423955917358,1.1076650619506836,-1,1.1078860282897949,0,0,1,1.109385371208191,1.0
52,2025-04-10 12:00:00+00:00,1.109385371208191,1.1072970628738403,1,1.108156442642212,0,1,1,1.1107407808303833,1.0
53,2025-04-10 12:15:00+00:00,1.1107407808303833,1.109385371208191,1,1.1086488246917725,-1,1,0,1.1117286682128906,1.0
54,2025-04-10 12:30:00+00:00,1.1117286682128906,1.113089919090271,1,1.1094124555587768,-1,1,0,1.1102476119995115,1.0
55,2025-04-10 12:45:00+00:00,1.1102476119995115,1.1114816665649414,1,1.1099289655685425,0,0,1,1.1112345457077026,1.0
56,2025-04-10 13:00:00+00:00,1.1112345457077026,1.1097548007965088,1,1.1106673955917359,1,0,1,1.1123470067977903,1.0
57,2025-04-10 13:15:00+00:00,1.1123470067977903,1.1112345457077026,1,1.1112597227096557,0,0,1,1.1129660606384275,1.0
58,2025-04-10 13:30:00+00:00,1.1129660606384275,1.1120996475219729,1,1.1117047786712646,-1,0,1,1.113089919090271,1.0
59,2025-04-10 13:45:00+00:00,1.113089919090271,1.1127183437347412,1,1.1119770288467408,-1,1,1,1.1133378744125366,1.0
60,2025-04-10 14:00:00+00:00,1.1133378744125366,1.1135857105255127,1,1.1125950813293457,0,1,1,1.113709807395935,1.0
61,2025-04-10 14:15:00+00:00,1.113709807395935,1.11346173286438,1,1.1130901336669923,0,1,1,1.1143302917480469,1.0
62,2025-04-10 14:30:00+00:00,1.1143302917480469,1.113709807395935,1,1.1134867906570434,0,1,1,1.1185681819915771,1.0
63,2025-04-10 14:45:00+00:00,1.1185681819915771,1.1140819787979126,1,1.1146072149276733,0,1,1,1.1161960363388062,1.0
64,2025-04-10 15:00:00+00:00,1.1161960363388062,1.117817997932434,1,1.1152284383773803,-1,0,1,1.118943691253662,1.0
65,2025-04-10 15:15:00+00:00,1.118943691253662,1.1169440746307373,1,1.1163496017456054,0,1,1,1.1218308210372925,1.0
66,2025-04-10 15:30:00+00:00,1.1218308210372925,1.11906898021698,1,1.117973804473877,-1,1,0,1.119444727897644,0.0
67,2025-04-10 15:45:00+00:00,1.119444727897644,1.1218308210372925,1,1.1189966917037963,-1,0,1,1.1188185214996338,1.0
68,2025-04-10 16:00:00+00:00,1.1188185214996338,1.11906898021698,-1,1.1190467596054077,0,0,1,1.1196954250335691,1.0
69,2025-04-10 16:15:00+00:00,1.1196954250335691,1.119194269180298,-1,1.11974663734436,0,0,1,1.1198208332061768,1.0
70,2025-04-10 16:30:00+00:00,1.1198208332061768,1.1199462413787842,-1,1.1199220657348632,0,0,1,1.1201971769332886,1.0
71,2025-04-10 16:45:00+00:00,1.1201971769332886,1.1193194389343262,1,1.1195953369140625,0,0,1,1.119194269180298,1.0
72,2025-04-10 17:00:00+00:00,1.119194269180298,1.119444727897644,-1,1.1195452451705932,0,0,1,1.1179429292678833,1.0
73,2025-04-10 17:15:00+00:00,1.1179429292678833,1.11906898021698,-1,1.119370126724243,0,0,1,1.1212018728256226,1.0
74,2025-04-10 17:30:00+00:00,1.1212018728256226,1.11831796169281,1,1.1196714162826538,0,1,1,1.1213276386260986,0.0
75,2025-04-10 17:45:00+00:00,1.1213276386260986,1.1212018728256226,1,1.1199727773666381,-1,1,1,1.121956706047058,0.0
76,2025-04-10 18:00:00+00:00,1.121956706047058,1.1215791702270508,1,1.120324683189392,0,1,1,1.123974323272705,0.0
77,2025-04-10 18:15:00+00:00,1.123974323272705,1.1223344802856443,1,1.1212806940078734,-1,1,0,1.1241008043289185,0.0
78,2025-04-10 18:30:00+00:00,1.1241008043289185,1.124353528022766,1,1.1225122690200806,-1,1,1,1.121956706047058,0.0
79,2025-04-10 18:45:00+00:00,1.121956706047058,1.123721718788147,-1,1.1226632356643678,0,0,1,1.1184431314468384,0.0
80,2025-04-10 19:00:00+00:00,1.1184431314468384,1.1217050552368164,-1,1.1220863342285157,1,0,1,1.1163206100463867,1.0
81,2025-04-10 19:15:00+00:00,1.1163206100463867,1.1188185214996338,-1,1.1209591150283813,1,0,1,1.1179429292678833,1.0
82,2025-04-10 19:30:00+00:00,1.1179429292678833,1.1166945695877075,-1,1.119752836227417,1,0,1,1.120824933052063,1.0
83,2025-04-10 19:45:00+00:00,1.120824933052063,1.1181930303573608,1,1.1190976619720459,0,0,1,1.1199462413787842,1.0
84,2025-04-10 20:00:00+00:00,1.1199462413787842,1.1205737590789795,1,1.118695569038391,-1,0,1,1.1188185214996338,1.0
85,2025-04-10 20:15:00+00:00,1.1188185214996338,1.1198208332061768,1,1.1187706470489502,0,0,1,1.118943691253662,1.0
86,2025-04-10 20:30:00+00:00,1.118943691253662,1.118943691253662,-1,1.1192952632904052,1,0,1,1.1205737590789795,1.0
87,2025-04-10 20:45:00+00:00,1.1205737590789795,1.11906898021698,1,1.1198214292526245,0,0,1,1.1203227043151855,1.0
88,2025-04-10 21:00:00+00:00,1.1203227043151855,1.120824933052063,1,1.119720983505249,-1,0,1,1.1199462413787842,1.0
89,2025-04-10 21:15:00+00:00,1.1199462413787842,1.1205737590789795,1,1.119720983505249,0,0,1,1.1198208332061768,1.0
90,2025-04-10 21:30:00+00:00,1.1198208332061768,1.1196954250335691,-1,1.1199214458465576,0,0,1,1.1204482316970823,1.0
91,2025-04-10 21:45:00+00:00,1.1204482316970823,1.1199462413787842,1,1.1202223539352416,0,0,1,1.121956706047058,1.0
92,2025-04-10 22:00:00+00:00,1.121956706047058,1.1204482316970823,1,1.1204989433288575,-1,1,1,1.1213276386260986,1.0
93,2025-04-10 22:15:00+00:00,1.1213276386260986,1.1220825910568235,1,1.12069993019104,-1,1,1,1.1220825910568235,1.0
94,2025-04-10 22:30:00+00:00,1.1220825910568235,1.1213276386260986,1,1.121127200126648,0,0,1,1.12296462059021,1.0
95,2025-04-10 22:45:00+00:00,1.12296462059021,1.1220825910568235,1,1.1217559576034546,0,1,1,1.1223344802856443,1.0
96,2025-04-10 23:00:00+00:00,1.1223344802856443,1.1241008043289185,1,1.122133207321167,0,1,1,1.123090744018555,1.0
97,2025-04-10 23:15:00+00:00,1.123090744018555,1.1222084760665894,1,1.1223600149154662,0,0,1,1.1228384971618652,1.0
98,2025-04-10 23:30:00+00:00,1.1228384971618652,1.12271249294281,1,1.1226621866226196,0,1,1,1.1263798475265503,1.0
99,2025-04-10 23:45:00+00:00,1.1263798475265503,1.123090744018555,1,1.123521637916565,0,1,1,1.1261261701583862,1.0
100,2025-04-11 00:00:00+00:00,1.1261261701583862,1.1265066862106323,1,1.1241539478302003,-1,1,1,1.1279042959213257,1.0
101,2025-04-11 00:15:00+00:00,1.1279042959213257,1.1261261701583862,1,1.1252679109573365,0,1,1,1.1332728862762451,1.0
102,2025-04-11 00:30:00+00:00,1.1332728862762451,1.1279042959213257,1,1.1273043394088744,-1,1,1,1.1312217712402344,0.0
103,2025-04-11 00:45:00+00:00,1.1312217712402344,1.132502794265747,1,1.1289809942245483,-1,0,1,1.1290504932403564,1.0
104,2025-04-11 01:00:00+00:00,1.1290504932403564,1.1295605897903442,-1,1.1295151233673095,0,0,1,1.131733775138855,1.0
105,2025-04-11 01:15:00+00:00,1.131733775138855,1.128413438796997,1,1.1306366443634033,0,0,1,1.1305822134017944,0.0
106,2025-04-11 01:30:00+00:00,1.1305822134017944,1.1309658288955688,-1,1.1311722278594971,0,0,1,1.1309658288955688,1.0
107,2025-04-11 01:45:00+00:00,1.1309658288955688,1.1303266286849976,1,1.130710816383362,0,0,1,1.132502794265747,0.0
108,2025-04-11 02:00:00+00:00,1.132502794265747,1.1312217712402344,1,1.1309670209884644,0,0,1,1.1314777135849,0.0
109,2025-04-11 02:15:00+00:00,1.1314777135849,1.132502794265747,1,1.131452465057373,-1,0,1,1.130454421043396,0.0
110,2025-04-11 02:30:00+00:00,1.130454421043396,1.1313496828079224,-1,1.1311965942382813,0,0,1,1.130454421043396,1.0
111,2025-04-11 02:45:00+00:00,1.130454421043396,1.130454421043396,-1,1.1311710357666016,1,0,1,1.131733775138855,1.0
112,2025-04-11 03:00:00+00:00,1.131733775138855,1.1307101249694824,1,1.1313246250152589,0,0,1,1.1334012746810913,1.0
113,2025-04-11 03:15:00+00:00,1.1334012746810913,1.13237464427948,1,1.1315043210983275,-1,1,1,1.1352026462554932,0.0
114,2025-04-11 03:30:00+00:00,1.1352026462554932,1.1332728862762451,1,1.1322493076324462,-1,1,1,1.134429931640625,0.0
115,2025-04-11 03:45:00+00:00,1.134429931640625,1.1345586776733398,1,1.1330444097518921,-1,1,1,1.1328877210617063,0.0
116,2025-04-11 04:00:00+00:00,1.1328877210617063,1.1340440511703491,-1,1.1335310697555543,0,0,1,1.131861925125122,1.0
117,2025-04-11 04:15:00+00:00,1.131861925125122,1.1328877210617063,-1,1.1335566997528077,1,0,1,1.1321182250976562,1.0
118,2025-04-11 04:30:00+00:00,1.1321182250976562,1.131861925125122,-1,1.1333000898361205,1,0,1,1.1326310634613037,1.0
119,2025-04-11 04:45:00+00:00,1.1326310634613037,1.131861925125122,-1,1.1327857732772828,0,0,1,1.1308379173278809,1.0
120,2025-04-11 05:00:00+00:00,1.1308379173278809,1.1322463750839231,-1,1.132067370414734,0,0,1,1.1303266286849976,1.0
121,2025-04-11 05:15:00+00:00,1.1303266286849976,1.1309658288955688,-1,1.131555151939392,1,0,1,1.127650022506714,1.0
122,2025-04-11 05:30:00+00:00,1.127650022506714,1.1303266286849976,-1,1.1307127714157104,0,0,1,1.128668189048767,1.0
123,2025-04-11 05:45:00+00:00,1.128668189048767,1.1277772188186646,-1,1.1300227642059326,1,0,1,1.126633644104004,1.0
124,2025-04-11 06:00:00+00:00,1.126633644104004,1.1285407543182373,-1,1.1288232803344727,0,0,1,1.1261261701583862,1.0
125,2025-04-11 06:15:00+00:00,1.1261261701583862,1.1261261701583862,-1,1.1278809309005737,1,0,1,1.1267606019973757,1.0
126,2025-04-11 06:30:00+00:00,1.1267606019973757,1.1265066862106323,-1,1.1271677255630492,0,0,1,1.128668189048767,1.0
127,2025-04-11 06:45:00+00:00,1.128668189048767,1.1265066862106323,1,1.12737135887146,0,0,1,1.1337867975234983,1.0
128,2025-04-11 07:00:00+00:00,1.1337867975234983,1.1290504932403564,1,1.1283950805664062,-1,1,0,1.1350737810134888,1.0
129,2025-04-11 07:15:00+00:00,1.1350737810134888,1.133529782295227,1,1.1300831079483031,-1,1,1,1.1348161697387695,1.0
130,2025-04-11 07:30:00+00:00,1.1348161697387695,1.1343011856079102,1,1.1318211078643798,0,1,1,1.1368803977966309,1.0
131,2025-04-11 07:45:00+00:00,1.1368803977966309,1.1348161697387695,1,1.133845067024231,0,1,1,1.1373976469039917,1.0
132,2025-04-11 08:00:00+00:00,1.1373976469039917,1.1363636255264282,1,1.135590958595276,0,1,1,1.138952136039734,1.0
133,2025-04-11 08:15:00+00:00,1.138952136039734,1.1376564502716064,1,1.136624026298523,-1,0,1,1.142987847328186,0.0
134,2025-04-11 08:30:00+00:00,1.142987847328186,1.1384334564208984,1,1.1382068395614624,0,1,1,1.1432491540908811,0.0
135,2025-04-11 08:45:00+00:00,1.1432491540908811,1.1435105800628662,1,1.1398934364318847,-1,1,1,1.140380859375,0.0
136,2025-04-11 09:00:00+00:00,1.140380859375,1.1420739889144895,-1,1.1405935287475586,0,0,1,1.1402509212493896,0.0
137,2025-04-11 09:15:00+00:00,1.1402509212493896,1.1405109167099,-1,1.1411641836166382,1,0,1,1.141422152519226,0.0
138,2025-04-11 09:30:00+00:00,1.141422152519226,1.1396011114120483,-1,1.1416581869125366,0,0,1,1.138952136039734,0.0
139,2025-04-11 09:45:00+00:00,1.138952136039734,1.141291856765747,-1,1.140851044654846,0,0,1,1.1373976469039917,0.0
140,2025-04-11 10:00:00+00:00,1.1373976469039917,1.1367511749267578,-1,1.1396807432174683,1,0,1,1.1362345218658447,0.0
141,2025-04-11 10:15:00+00:00,1.1362345218658447,1.1373976469039917,-1,1.1388514757156372,1,0,1,1.133529782295227,0.0
142,2025-04-11 10:30:00+00:00,1.133529782295227,1.1362345218658447,-1,1.1375072479248047,0,0,1,1.1343011856079102,1.0
143,2025-04-11 10:45:00+00:00,1.1343011856079102,1.1343011856079102,-1,1.1360830545425415,1,0,1,1.1352026462554932,1.0
144,2025-04-11 11:00:00+00:00,1.1352026462554932,1.1341726779937744,-1,1.1353331565856934,0,0,1,1.1364928483963013,1.0
145,2025-04-11 11:15:00+00:00,1.1364928483963013,1.1350737810134888,1,1.1351521968841554,0,0,1,1.1340440511703491,0.0
146,2025-04-11 11:30:00+00:00,1.1340440511703491,1.1361054182052612,-1,1.1347141027450562,0,0,1,1.1328877210617063,1.0
147,2025-04-11 11:45:00+00:00,1.1328877210617063,1.1336582899093628,-1,1.134585690498352,0,0,1,1.135589361190796,1.0
148,2025-04-11 12:00:00+00:00,1.135589361190796,1.133529782295227,1,1.1348433256149293,0,0,1,1.1353315114974976,0.0
149,2025-04-11 12:15:00+00:00,1.1353315114974976,1.1364928483963013,1,1.13486909866333,0,0,1,1.1359764337539673,0.0
150,2025-04-11 12:30:00+00:00,1.1359764337539673,1.135589361190796,1,1.1347658157348632,0,0,1,1.1398608684539795,0.0
151,2025-04-11 12:45:00+00:00,1.1398608684539795,1.1361054182052612,1,1.1359291791915893,0,1,1,1.1407711505889893,0.0
152,2025-04-11 13:00:00+00:00,1.1407711505889893,1.1401208639144895,1,1.137505865097046,-1,1,1,1.1401208639144895,0.0
153,2025-04-11 13:15:00+00:00,1.1401208639144895,1.1405109167099,1,1.1384121656417847,0,1,1,1.138044834136963,0.0
154,2025-04-11 13:30:00+00:00,1.138044834136963,1.1398608684539795,-1,1.1389548301696777,0,0,1,1.1364928483963013,0.0
155,2025-04-11 13:45:00+00:00,1.1364928483963013,1.1381744146347046,-1,1.1390581130981445,1,0,1,1.1383039951324463,0.0
156,2025-04-11 14:00:00+00:00,1.1383039951324463,1.135589361190796,-1,1.138746738433838,0,0,1,1.1377859115600586,0.0
157,2025-04-11 14:15:00+00:00,1.1377859115600586,1.1379153728485107,-1,1.1381496906280517,0,0,1,1.1354604959487915,0.0
158,2025-04-11 14:30:00+00:00,1.1354604959487915,1.1375269889831543,-1,1.1372176170349122,0,0,1,1.1345586776733398,0.0
159,2025-04-11 14:45:00+00:00,1.1345586776733398,1.1359764337539673,-1,1.1365203857421875,1,0,1,1.133529782295227,0.0
160,2025-04-11 15:00:00+00:00,1.133529782295227,1.134687423706055,-1,1.1359277725219727,1,0,1,1.1334012746810913,0.0
161,2025-04-11 15:15:00+00:00,1.1334012746810913,1.1330161094665527,-1,1.1349472284317017,0,0,1,1.1340440511703491,0.0
162,2025-04-11 15:30:00+00:00,1.1340440511703491,1.1336582899093628,-1,1.1341988563537597,0,0,1,1.1330161094665527,0.0
163,2025-04-11 15:45:00+00:00,1.1330161094665527,1.1340440511703491,-1,1.133709979057312,0,0,1,1.131861925125122,0.0
164,2025-04-11 16:00:00+00:00,1.131861925125122,1.13275945186615,-1,1.1331706285476684,1,0,1,1.1291780471801758,1.0
165,2025-04-11 16:15:00+00:00,1.1291780471801758,1.131733775138855,-1,1.1323002815246581,1,0,1,1.1296881437301636,1.0
166,2025-04-11 16:30:00+00:00,1.1296881437301636,1.129433035850525,-1,1.1315576553344726,1,0,1,1.1308379173278809,1.0
167,2025-04-11 16:45:00+00:00,1.1308379173278809,1.1300712823867798,-1,1.130916428565979,0,0,1,1.1314777135849,1.0
168,2025-04-11 17:00:00+00:00,1.1314777135849,1.1307101249694824,1,1.1306087493896484,-1,0,1,1.1316057443618774,1.0
169,2025-04-11 17:15:00+00:00,1.1316057443618774,1.131733775138855,1,1.1305575132369996,-1,0,1,1.131733775138855,1.0
170,2025-04-11 17:30:00+00:00,1.131733775138855,1.1312217712402344,1,1.1310686588287353,0,1,1,1.1290504932403564,1.0
171,2025-04-11 17:45:00+00:00,1.1290504932403564,1.1321182250976562,-1,1.130941128730774,0,0,1,1.1300712823867798,1.0
172,2025-04-11 18:00:00+00:00,1.1300712823867798,1.1293054819107056,-1,1.1307878017425537,1,0,1,1.131733775138855,1.0
173,2025-04-11 18:15:00+00:00,1.131733775138855,1.1299434900283811,1,1.1308390140533446,0,0,1,1.1309658288955688,1.0
174,2025-04-11 18:30:00+00:00,1.1309658288955688,1.131733775138855,1,1.130711030960083,0,0,1,1.1314777135849,1.0
175,2025-04-11 18:45:00+00:00,1.1314777135849,1.1310937404632568,1,1.130659818649292,0,0,1,1.13237464427948,1.0
176,2025-04-11 19:00:00+00:00,1.13237464427948,1.1313496828079224,1,1.1313246488571167,0,1,1,1.133529782295227,1.0
177,2025-04-11 19:15:00+00:00,1.133529782295227,1.1321182250976562,1,1.1320163488388062,-1,1,1,1.1339154243469238,1.0
178,2025-04-11 19:30:00+00:00,1.1339154243469238,1.1337867975234983,1,1.1324526786804199,-1,1,1,1.1345586776733398,1.0
179,2025-04-11 19:45:00+00:00,1.1345586776733398,1.1336582899093628,1,1.1331712484359742,0,1,1,1.1350737810134888,1.0
180,2025-04-11 20:00:00+00:00,1.1350737810134888,1.1341726779937744,1,1.1338904619216919,0,1,1,1.1352026462554932,1.0
181,2025-04-11 20:15:00+00:00,1.1352026462554932,1.1352026462554932,1,1.1344560623168944,-1,1,1,1.1352026462554932,1.0
182,2025-04-11 20:30:00+00:00,1.1352026462554932,1.135589361190796,1,1.1347906351089478,0,1,1,1.1362345218658447,1.0
183,2025-04-11 20:45:00+00:00,1.1362345218658447,1.135589361190796,1,1.135254454612732,0,1,1,1.1363636255264282,1.0
184,2025-04-11 21:00:00+00:00,1.1363636255264282,1.1363636255264282,1,1.1356154441833497,-1,1,0,1.1363636255264282,1.0
185,2025-04-11 21:15:00+00:00,1.1363636255264282,1.1363636255264282,1,1.1358734130859376,-1,0,0,1.1336582899093628,1.0
186,2025-04-13 23:00:00+00:00,1.1336582899093628,1.1341726779937744,-1,1.1355645418167115,1,0,1,1.1330161094665527,1.0
187,2025-04-13 23:15:00+00:00,1.1330161094665527,1.1339154243469238,-1,1.1351272344589234,1,0,1,1.1341726779937744,1.0
188,2025-04-13 23:30:00+00:00,1.1341726779937744,1.1334012746810913,-1,1.1347148656845092,0,0,1,1.134687423706055,1.0
189,2025-04-13 23:45:00+00:00,1.134687423706055,1.134429931640625,1,1.1343796253204346,-1,0,1,1.1368803977966309,1.0
190,2025-04-14 00:00:00+00:00,1.1368803977966309,1.134687423706055,1,1.134482979774475,-1,1,1,1.1359764337539673,1.0
191,2025-04-14 00:15:00+00:00,1.1359764337539673,1.1367511749267578,1,1.134946608543396,-1,0,1,1.1363636255264282,1.0
192,2025-04-14 00:30:00+00:00,1.1363636255264282,1.1362345218658447,1,1.1356161117553711,0,0,1,1.1368803977966309,1.0
193,2025-04-14 00:45:00+00:00,1.1368803977966309,1.1361054182052612,1,1.1361576557159423,0,0,1,1.1384334564208984,1.0
194,2025-04-14 01:00:00+00:00,1.1384334564208984,1.1368803977966309,1,1.1369068622589111,0,1,1,1.1394712924957275,0.0
195,2025-04-14 01:15:00+00:00,1.1394712924957275,1.1377859115600586,1,1.1374250411987306,-1,1,1,1.1397310495376587,0.0
196,2025-04-14 01:30:00+00:00,1.1397310495376587,1.139211654663086,1,1.1381759643554688,-1,1,1,1.1388224363327026,0.0
197,2025-04-14 01:45:00+00:00,1.1388224363327026,1.1397310495376587,1,1.1386677265167235,0,0,1,1.140380859375,0.0
198,2025-04-14 02:00:00+00:00,1.140380859375,1.1388224363327026,1,1.1393678188323975,0,0,1,1.1390818357467651,0.0
199,2025-04-14 02:15:00+00:00,1.1390818357467651,1.1401208639144895,-1,1.139497494697571,0,0,1,1.1383039951324463,0.0
200,2025-04-14 02:30:00+00:00,1.1383039951324463,1.138952136039734,-1,1.1392640352249146,0,0,1,1.1376564502716064,1.0
201,2025-04-14 02:45:00+00:00,1.1376564502716064,1.1385631561279297,-1,1.1388491153717042,1,0,1,1.1371389627456665,1.0
202,2025-04-14 03:00:00+00:00,1.1371389627456665,1.1376564502716064,-1,1.138512420654297,0,0,1,1.1371389627456665,1.0
203,2025-04-14 03:15:00+00:00,1.1371389627456665,1.137268304824829,-1,1.1378640413284302,0,0,1,1.1366219520568848,1.0
204,2025-04-14 03:30:00+00:00,1.1366219520568848,1.137268304824829,-1,1.1373720645904541,0,0,1,1.1375269889831543,1.0
205,2025-04-14 03:45:00+00:00,1.1375269889831543,1.1366219520568848,1,1.1372166633605958,0,0,1,1.1375269889831543,1.0
206,2025-04-14 04:00:00+00:00,1.1375269889831543,1.1376564502716064,1,1.1371907711029052,0,0,1,1.1379153728485107,1.0
207,2025-04-14 04:15:00+00:00,1.1379153728485107,1.1377859115600586,1,1.137346053123474,-1,0,1,1.1373976469039917,1.0
208,2025-04-14 04:30:00+00:00,1.1373976469039917,1.138044834136963,-1,1.137397789955139,0,0,1,1.1370097398757937,1.0
209,2025-04-14 04:45:00+00:00,1.1370097398757937,1.1373976469039917,-1,1.137475347518921,1,0,1,1.1361054182052612,1.0
210,2025-04-14 05:00:00+00:00,1.1361054182052612,1.1375269889831543,-1,1.1371910333633424,0,0,1,1.1379153728485107,1.0
211,2025-04-14 05:15:00+00:00,1.1379153728485107,1.1362345218658447,1,1.1372687101364136,0,0,1,1.1370097398757937,1.0
212,2025-04-14 05:30:00+00:00,1.1370097398757937,1.138044834136963,-1,1.1370875835418701,0,0,1,1.1388224363327026,1.0
213,2025-04-14 05:45:00+00:00,1.1388224363327026,1.137268304824829,1,1.1373725414276123,0,1,1,1.1397310495376587,1.0
214,2025-04-14 06:00:00+00:00,1.1397310495376587,1.1386927366256714,1,1.1379168033599854,0,1,1,1.1407711505889893,1.0
215,2025-04-14 06:15:00+00:00,1.1407711505889893,1.1399909257888794,1,1.138849949836731,-1,1,1,1.1416828632354736,0.0
216,2025-04-14 06:30:00+00:00,1.1416828632354736,1.1401208639144895,1,1.1396034479141235,0,1,1,1.1420739889144895,0.0
217,2025-04-14 06:45:00+00:00,1.1420739889144895,1.1419435739517212,1,1.1406162977218628,0,1,1,1.141291856765747,0.0
218,2025-04-14 07:00:00+00:00,1.141291856765747,1.1424654722213743,1,1.1411101818084717,0,0,1,1.1399909257888794,0.0
219,2025-04-14 07:15:00+00:00,1.1399909257888794,1.141422152519226,-1,1.1411621570587158,0,0,1,1.1396011114120483,0.0
220,2025-04-14 07:30:00+00:00,1.1396011114120483,1.1402509212493896,-1,1.1409281492233276,1,0,1,1.1393414735794067,0.0
221,2025-04-14 07:45:00+00:00,1.1393414735794067,1.1393414735794067,-1,1.1404598712921143,1,0,1,1.1402509212493896,0.0
222,2025-04-14 08:00:00+00:00,1.1402509212493896,1.1390818357467651,1,1.1400952577590941,0,0,1,1.1406410932540894,0.0
223,2025-04-14 08:15:00+00:00,1.1406410932540894,1.1406410932540894,1,1.1399651050567627,-1,0,1,1.1385631561279297,0.0
224,2025-04-14 08:30:00+00:00,1.1385631561279297,1.1405109167099,-1,1.1396795511245728,0,0,1,1.1393414735794067,0.0
225,2025-04-14 08:45:00+00:00,1.1393414735794067,1.1385631561279297,-1,1.1396276235580445,1,0,1,1.1406410932540894,0.0
226,2025-04-14 09:00:00+00:00,1.1406410932540894,1.1393414735794067,1,1.139887547492981,0,0,1,1.1397310495376587,0.0
227,2025-04-14 09:15:00+00:00,1.1397310495376587,1.1406410932540894,-1,1.1397835731506347,0,0,1,1.1393414735794067,0.0
228,2025-04-14 09:30:00+00:00,1.1393414735794067,1.1398608684539795,-1,1.1395236492156982,0,0,1,1.139211654663086,0.0
229,2025-04-14 09:45:00+00:00,1.139211654663086,1.1393414735794067,-1,1.1396533489227294,0,0,1,1.1381744146347046,0.0
230,2025-04-14 10:00:00+00:00,1.1381744146347046,1.1390818357467651,-1,1.139419937133789,1,0,1,1.1386927366256714,0.0
231,2025-04-14 10:15:00+00:00,1.1386927366256714,1.1376564502716064,-1,1.1390302658081055,1,0,1,1.1388224363327026,0.0
232,2025-04-14 10:30:00+00:00,1.1388224363327026,1.138952136039734,-1,1.1388485431671143,0,0,1,1.1390818357467651,0.0
233,2025-04-14 10:45:00+00:00,1.1390818357467651,1.1388224363327026,1,1.138796615600586,-1,0,1,1.1388224363327026,0.0
234,2025-04-14 11:00:00+00:00,1.1388224363327026,1.1388224363327026,1,1.1387187719345093,0,0,1,1.1393414735794067,0.0
235,2025-04-14 11:15:00+00:00,1.1393414735794067,1.1386927366256714,1,1.1389521837234498,0,1,1,1.1401208639144895,0.0
236,2025-04-14 11:30:00+00:00,1.1401208639144895,1.1394712924957275,1,1.1392378091812134,-1,1,1,1.1385631561279297,0.0
237,2025-04-14 11:45:00+00:00,1.1385631561279297,1.1398608684539795,-1,1.1391859531402588,0,1,1,1.1373976469039917,0.0
238,2025-04-14 12:00:00+00:00,1.1373976469039917,1.1386927366256714,-1,1.1388491153717042,1,0,1,1.1358473300933838,0.0
239,2025-04-14 12:15:00+00:00,1.1358473300933838,1.1375269889831543,-1,1.1382540941238404,1,0,1,1.137268304824829,0.0
240,2025-04-14 12:30:00+00:00,1.137268304824829,1.1359764337539673,-1,1.1378394603729247,0,0,1,1.1340440511703491,0.0
241,2025-04-14 12:45:00+00:00,1.1340440511703491,1.1367511749267578,-1,1.1366240978240967,0,0,1,1.1321182250976562,1.0
242,2025-04-14 13:00:00+00:00,1.1321182250976562,1.1341726779937744,-1,1.135335111618042,1,0,1,1.1305822134017944,1.0
243,2025-04-14 13:15:00+00:00,1.1305822134017944,1.1322463750839231,-1,1.1339720249176026,1,0,1,1.1328877210617063,1.0
244,2025-04-14 13:30:00+00:00,1.1328877210617063,1.1312217712402344,-1,1.1333801031112671,0,0,1,1.133144497871399,1.0
245,2025-04-14 13:45:00+00:00,1.133144497871399,1.133144497871399,1,1.1325553417205811,0,0,1,1.1340440511703491,1.0
246,2025-04-14 14:00:00+00:00,1.1340440511703491,1.133144497871399,1,1.1325553417205811,0,0,1,1.1352026462554932,1.0
247,2025-04-14 14:15:00+00:00,1.1352026462554932,1.1341726779937744,1,1.1331722259521484,-1,1,1,1.1357183456420898,1.0
248,2025-04-14 14:30:00+00:00,1.1357183456420898,1.135589361190796,1,1.1341994524002075,-1,1,0,1.1370097398757937,1.0
249,2025-04-14 14:45:00+00:00,1.1370097398757937,1.1354604959487915,1,1.1350238561630248,-1,1,1,1.1367511749267578,0.0
250,2025-04-14 15:00:00+00:00,1.1367511749267578,1.1373976469039917,1,1.1357451915740966,0,1,1,1.1375269889831543,0.0
251,2025-04-14 15:15:00+00:00,1.1375269889831543,1.1366219520568848,1,1.1364417791366577,0,0,1,1.1370097398757937,0.0
252,2025-04-14 15:30:00+00:00,1.1370097398757937,1.1376564502716064,1,1.1368031978607178,0,0,1,1.1361054182052612,0.0
253,2025-04-14 15:45:00+00:00,1.1361054182052612,1.1373976469039917,-1,1.1368806123733521,0,1,1,1.1368803977966309,0.0
254,2025-04-14 16:00:00+00:00,1.1368803977966309,1.1359764337539673,1,1.1368547439575196,0,0,1,1.1361054182052612,0.0
255,2025-04-14 16:15:00+00:00,1.1361054182052612,1.1364928483963013,-1,1.1367255926132203,0,0,1,1.1358473300933838,0.0
256,2025-04-14 16:30:00+00:00,1.1358473300933838,1.1359764337539673,-1,1.1363896608352662,0,0,1,1.1336582899093628,0.0
257,2025-04-14 16:45:00+00:00,1.1336582899093628,1.1354604959487915,-1,1.13571937084198,0,0,1,1.1345586776733398,1.0
258,2025-04-14 17:00:00+00:00,1.1345586776733398,1.1343011856079102,-1,1.1354100227355957,1,0,1,1.1345586776733398,1.0
259,2025-04-14 17:15:00+00:00,1.1345586776733398,1.134429931640625,-1,1.1349456787109375,0,0,1,1.1341726779937744,1.0
260,2025-04-14 17:30:00+00:00,1.1341726779937744,1.134429931640625,-1,1.1345591306686402,0,0,1,1.1341726779937744,1.0
261,2025-04-14 17:45:00+00:00,1.1341726779937744,1.1339154243469238,-1,1.1342242002487182,1,0,1,1.1343011856079102,1.0
262,2025-04-14 18:00:00+00:00,1.1343011856079102,1.1343011856079102,-1,1.1343527793884278,0,0,1,1.1350737810134888,1.0
263,2025-04-14 18:15:00+00:00,1.1350737810134888,1.1343011856079102,1,1.1344558000564575,-1,1,1,1.1348161697387695,1.0
264,2025-04-14 18:30:00+00:00,1.1348161697387695,1.1352026462554932,1,1.1345072984695435,0,0,1,1.1358473300933838,1.0
265,2025-04-14 18:45:00+00:00,1.1358473300933838,1.1348161697387695,1,1.1348422288894653,0,1,1,1.1364928483963013,0.0
266,2025-04-14 19:00:00+00:00,1.1364928483963013,1.1357183456420898,1,1.1353062629699706,-1,1,1,1.1370097398757937,0.0
267,2025-04-14 19:15:00+00:00,1.1370097398757937,1.1363636255264282,1,1.1358479738235474,-1,1,1,1.1366219520568848,0.0
268,2025-04-14 19:30:00+00:00,1.1366219520568848,1.1370097398757937,1,1.1361576080322267,-1,1,1,1.1357183456420898,0.0
269,2025-04-14 19:45:00+00:00,1.1357183456420898,1.1366219520568848,-1,1.1363380432128907,0,0,1,1.1361054182052612,0.0
270,2025-04-14 20:00:00+00:00,1.1361054182052612,1.135589361190796,-1,1.1363896608352662,1,0,1,1.1352026462554932,0.0
271,2025-04-14 20:15:00+00:00,1.1352026462554932,1.1359764337539673,-1,1.1361316204071046,0,0,1,1.1354604959487915,0.0
272,2025-04-14 20:30:00+00:00,1.1354604959487915,1.1350737810134888,-1,1.135821771621704,0,0,1,1.1353315114974976,0.0
273,2025-04-14 20:45:00+00:00,1.1353315114974976,1.135589361190796,-1,1.1355636835098266,0,0,1,1.1350737810134888,0.0
274,2025-04-14 21:00:00+00:00,1.1350737810134888,1.1352026462554932,-1,1.1354347705841064,0,0,1,1.1354604959487915,0.0
275,2025-04-14 21:15:00+00:00,1.1354604959487915,1.1353315114974976,1,1.1353057861328124,0,0,1,1.1357183456420898,0.0
276,2025-04-14 21:30:00+00:00,1.1357183456420898,1.1354604959487915,1,1.1354089260101319,0,0,1,1.1362345218658447,0.0
277,2025-04-14 21:45:00+00:00,1.1362345218658447,1.1358473300933838,1,1.1355637311935425,0,1,1,1.1349449157714844,0.0
278,2025-04-14 22:00:00+00:00,1.1349449157714844,1.1362345218658447,-1,1.1354864120483399,0,1,1,1.1354604959487915,0.0
279,2025-04-14 22:15:00+00:00,1.1354604959487915,1.1349449157714844,-1,1.1355637550354003,1,0,1,1.1358473300933838,0.0
280,2025-04-14 22:30:00+00:00,1.1358473300933838,1.1358473300933838,1,1.1356411218643188,0,0,1,1.1357183456420898,0.0
281,2025-04-14 22:45:00+00:00,1.1357183456420898,1.1354604959487915,1,1.1356411218643188,0,0,1,1.134687423706055,0.0
282,2025-04-14 23:00:00+00:00,1.134687423706055,1.135589361190796,-1,1.135331702232361,0,0,1,1.1348161697387695,0.0
283,2025-04-14 23:15:00+00:00,1.1348161697387695,1.134429931640625,-1,1.1353059530258178,1,0,1,1.134429931640625,0.0
284,2025-04-14 23:30:00+00:00,1.134429931640625,1.1345586776733398,-1,1.1350998401641845,0,0,1,1.1340440511703491,0.0
285,2025-04-14 23:45:00+00:00,1.1340440511703491,1.1341726779937744,-1,1.1347391843795775,1,0,1,1.133529782295227,1.0
286,2025-04-15 00:00:00+00:00,1.133529782295227,1.1339154243469238,-1,1.1343014717102051,1,0,1,1.133144497871399,1.0
287,2025-04-15 00:15:00+00:00,1.133144497871399,1.1336582899093628,-1,1.133992886543274,1,0,1,1.1322463750839231,1.0
288,2025-04-15 00:30:00+00:00,1.1322463750839231,1.1328877210617063,-1,1.1334789276123047,1,0,1,1.1330161094665527,1.0
289,2025-04-15 00:45:00+00:00,1.1330161094665527,1.1322463750839231,-1,1.1331961631774903,0,0,1,1.133144497871399,1.0
290,2025-04-15 01:00:00+00:00,1.133144497871399,1.1332728862762451,1,1.1330162525177,-1,0,1,1.1332728862762451,1.0
291,2025-04-15 01:15:00+00:00,1.1332728862762451,1.1334012746810913,1,1.1329648733139037,-1,0,1,1.1319899559020996,1.0
292,2025-04-15 01:30:00+00:00,1.1319899559020996,1.133144497871399,-1,1.1327339649200439,0,0,1,1.13275945186615,1.0
293,2025-04-15 01:45:00+00:00,1.13275945186615,1.1321182250976562,-1,1.1328365802764893,1,0,1,1.1339154243469238,1.0
294,2025-04-15 02:00:00+00:00,1.1339154243469238,1.1328877210617063,1,1.1330164432525636,0,1,1,1.1341726779937744,1.0
295,2025-04-15 02:15:00+00:00,1.1341726779937744,1.1337867975234983,1,1.1332220792770387,-1,1,1,1.1349449157714844,1.0
296,2025-04-15 02:30:00+00:00,1.1349449157714844,1.134429931640625,1,1.1335564851760864,-1,1,0,1.1353315114974976,1.0
297,2025-04-15 02:45:00+00:00,1.1353315114974976,1.1349449157714844,1,1.134224796295166,-1,1,0,1.1352026462554932,0.0
298,2025-04-15 03:00:00+00:00,1.1352026462554932,1.1354604959487915,1,1.1347134351730346,-1,1,1,1.1352026462554932,1.0
299,2025-04-15 03:15:00+00:00,1.1352026462554932,1.1352026462554932,1,1.1349708795547486,0,0,1,1.135589361190796,1.0
300,2025-04-15 03:30:00+00:00,1.135589361190796,1.1354604959487915,1,1.1352542161941528,0,0,1,1.1350737810134888,0.0
301,2025-04-15 03:45:00+00:00,1.1350737810134888,1.135589361190796,-1,1.1352799892425538,0,0,1,1.1350737810134888,1.0
302,2025-04-15 04:00:00+00:00,1.1350737810134888,1.1350737810134888,-1,1.135228443145752,0,0,1,1.1357183456420898,1.0
303,2025-04-15 04:15:00+00:00,1.1357183456420898,1.1349449157714844,1,1.1353315830230712,0,1,1,1.1362345218658447,0.0
304,2025-04-15 04:30:00+00:00,1.1362345218658447,1.1358473300933838,1,1.1355379581451417,-1,1,1,1.1359764337539673,0.0
305,2025-04-15 04:45:00+00:00,1.1359764337539673,1.1361054182052612,1,1.1356153726577758,-1,1,1,1.1362345218658447,0.0
306,2025-04-15 05:00:00+00:00,1.1362345218658447,1.1361054182052612,1,1.135847520828247,0,0,1,1.1362345218658447,0.0
307,2025-04-15 05:15:00+00:00,1.1362345218658447,1.1363636255264282,1,1.1360796689987183,0,1,1,1.1359764337539673,0.0
308,2025-04-15 05:30:00+00:00,1.1359764337539673,1.1359764337539673,-1,1.1361312866210938,0,0,1,1.1353315114974976,0.0
309,2025-04-15 05:45:00+00:00,1.1353315114974976,1.1358473300933838,-1,1.1359506845474243,1,0,1,1.1358473300933838,0.0
310,2025-04-15 06:00:00+00:00,1.1358473300933838,1.1352026462554932,-1,1.1359248638153077,0,0,1,1.1345586776733398,0.0
311,2025-04-15 06:15:00+00:00,1.1345586776733398,1.1357183456420898,-1,1.1355896949768067,0,0,1,1.1341726779937744,1.0
312,2025-04-15 06:30:00+00:00,1.1341726779937744,1.1348161697387695,-1,1.1351773262023925,0,0,1,1.133529782295227,1.0
313,2025-04-15 06:45:00+00:00,1.133529782295227,1.1341726779937744,-1,1.1346879959106446,0,0,1,1.1345586776733398,1.0
314,2025-04-15 07:00:00+00:00,1.1345586776733398,1.133529782295227,1,1.134533429145813,0,0,1,1.1337867975234983,0.0
315,2025-04-15 07:15:00+00:00,1.1337867975234983,1.1345586776733398,-1,1.1341213226318358,0,0,1,1.1352026462554932,1.0
316,2025-04-15 07:30:00+00:00,1.1352026462554932,1.1334012746810913,1,1.1342501163482666,0,0,1,1.1358473300933838,0.0
317,2025-04-15 07:45:00+00:00,1.1358473300933838,1.1350737810134888,1,1.1345850467681884,0,1,1,1.1358473300933838,0.0
318,2025-04-15 08:00:00+00:00,1.1358473300933838,1.1363636255264282,1,1.1350485563278199,-1,1,1,1.1358473300933838,0.0
319,2025-04-15 08:15:00+00:00,1.1358473300933838,1.1359764337539673,1,1.1353062868118287,0,0,1,1.1352026462554932,0.0
320,2025-04-15 08:30:00+00:00,1.1352026462554932,1.1358473300933838,-1,1.1355894565582276,0,0,1,1.1349449157714844,0.0
321,2025-04-15 08:45:00+00:00,1.1349449157714844,1.1352026462554932,-1,1.1355379104614258,1,0,1,1.134687423706055,0.0
322,2025-04-15 09:00:00+00:00,1.134687423706055,1.1349449157714844,-1,1.13530592918396,0,0,1,1.1350737810134888,0.0
323,2025-04-15 09:15:00+00:00,1.1350737810134888,1.1345586776733398,-1,1.135151219367981,0,0,1,1.1349449157714844,0.0
324,2025-04-15 09:30:00+00:00,1.1349449157714844,1.1353315114974976,-1,1.134970736503601,0,0,1,1.134429931640625,0.0
325,2025-04-15 09:45:00+00:00,1.134429931640625,1.1350737810134888,-1,1.1348161935806274,0,0,1,1.134429931640625,0.0
326,2025-04-15 10:00:00+00:00,1.134429931640625,1.1341726779937744,-1,1.1347131967544555,0,0,1,1.134687423706055,0.0
327,2025-04-15 10:15:00+00:00,1.134687423706055,1.134687423706055,-1,1.1347131967544557,0,0,1,1.1339154243469238,0.0
328,2025-04-15 10:30:00+00:00,1.1339154243469238,1.1350737810134888,-1,1.1344815254211427,0,0,1,1.134687423706055,0.0
329,2025-04-15 10:45:00+00:00,1.134687423706055,1.134429931640625,1,1.1344300270080567,0,0,1,1.1339154243469238,0.0
330,2025-04-15 11:00:00+00:00,1.1339154243469238,1.134687423706055,-1,1.1343271255493164,0,0,1,1.1326310634613037,0.0
331,2025-04-15 11:15:00+00:00,1.1326310634613037,1.1339154243469238,-1,1.133967351913452,1,0,1,1.132502794265747,0.0
332,2025-04-15 11:30:00+00:00,1.132502794265747,1.132502794265747,-1,1.1335304260253907,1,0,1,1.1328877210617063,0.0
333,2025-04-15 11:45:00+00:00,1.1328877210617063,1.1321182250976562,-1,1.133324885368347,0,0,1,1.1339154243469238,0.0
334,2025-04-15 12:00:00+00:00,1.1339154243469238,1.1328877210617063,1,1.133170485496521,-1,0,1,1.1339154243469238,0.0
335,2025-04-15 12:15:00+00:00,1.1339154243469238,1.1341726779937744,1,1.133170485496521,-1,0,1,1.1326310634613037,0.0
336,2025-04-15 12:30:00+00:00,1.1326310634613037,1.133529782295227,-1,1.133170485496521,0,0,1,1.1313496828079224,0.0
337,2025-04-15 12:45:00+00:00,1.1313496828079224,1.1328877210617063,-1,1.132939863204956,0,0,1,1.131861925125122,0.0
338,2025-04-15 13:00:00+00:00,1.131861925125122,1.1313496828079224,-1,1.1327347040176392,0,0,1,1.1313496828079224,0.0
339,2025-04-15 13:15:00+00:00,1.1313496828079224,1.131733775138855,-1,1.132221555709839,0,0,1,1.131861925125122,0.0
340,2025-04-15 13:30:00+00:00,1.131861925125122,1.1312217712402344,1,1.1318108558654785,0,0,1,1.131861925125122,0.0
341,2025-04-15 13:45:00+00:00,1.131861925125122,1.1314777135849,1,1.131657028198242,0,0,1,1.129433035850525,0.0
342,2025-04-15 14:00:00+00:00,1.129433035850525,1.1319899559020996,-1,1.1312736988067627,0,0,1,1.1312217712402344,0.0
343,2025-04-15 14:15:00+00:00,1.1312217712402344,1.1295605897903442,1,1.1311456680297851,1,0,1,1.131861925125122,0.0
344,2025-04-15 14:30:00+00:00,1.131861925125122,1.1316057443618774,1,1.131248116493225,0,1,1,1.133144497871399,0.0
345,2025-04-15 14:45:00+00:00,1.133144497871399,1.131733775138855,1,1.1315046310424806,-1,1,1,1.1319899559020996,0.0
346,2025-04-15 15:00:00+00:00,1.1319899559020996,1.1330161094665527,1,1.131530237197876,0,0,1,1.1313496828079224,0.0
347,2025-04-15 15:15:00+00:00,1.1313496828079224,1.1319899559020996,-1,1.1319135665893554,0,0,1,1.1299434900283811,0.0
348,2025-04-15 15:30:00+00:00,1.1299434900283811,1.1312217712402344,-1,1.1316579103469848,1,0,1,1.1290504932403564,0.0
349,2025-04-15 15:45:00+00:00,1.1290504932403564,1.1299434900283811,-1,1.1310956239700318,1,0,1,1.1285407543182373,0.0
350,2025-04-15 16:00:00+00:00,1.1285407543182373,1.1293054819107056,-1,1.1301748752593994,1,0,1,1.128031611442566,0.0
351,2025-04-15 16:15:00+00:00,1.128031611442566,1.128413438796997,-1,1.1293832063674927,1,0,1,1.1273956298828125,1.0
352,2025-04-15 16:30:00+00:00,1.1273956298828125,1.1282861232757568,-1,1.1285923957824706,1,0,1,1.1279042959213257,1.0
353,2025-04-15 16:45:00+00:00,1.1279042959213257,1.127268671989441,-1,1.1281845569610596,0,0,1,1.1277772188186646,1.0
354,2025-04-15 17:00:00+00:00,1.1277772188186646,1.127650022506714,-1,1.1279299020767213,0,0,1,1.128413438796997,1.0
355,2025-04-15 17:15:00+00:00,1.128413438796997,1.1275228261947632,1,1.127904438972473,0,0,1,1.128031611442566,1.0
356,2025-04-15 17:30:00+00:00,1.128031611442566,1.1285407543182373,1,1.127904438972473,-1,0,1,1.1275228261947632,1.0
357,2025-04-15 17:45:00+00:00,1.1275228261947632,1.1282861232757568,-1,1.1279298782348632,0,0,1,1.127268671989441,1.0
358,2025-04-15 18:00:00+00:00,1.127268671989441,1.1273956298828125,-1,1.1278027534484862,1,0,1,1.1279042959213257,1.0
359,2025-04-15 18:15:00+00:00,1.1279042959213257,1.1271415948867798,1,1.1278281688690186,0,0,1,1.127268671989441,1.0
360,2025-04-15 18:30:00+00:00,1.127268671989441,1.1279042959213257,-1,1.1275992155075074,0,0,1,1.1277772188186646,1.0
361,2025-04-15 18:45:00+00:00,1.1277772188186646,1.1273956298828125,1,1.127548336982727,0,0,1,1.128413438796997,1.0
362,2025-04-15 19:00:00+00:00,1.128413438796997,1.127650022506714,1,1.1277264595031737,0,1,1,1.128795504570007,1.0
363,2025-04-15 19:15:00+00:00,1.128795504570007,1.1282861232757568,1,1.128031826019287,-1,1,1,1.128668189048767,1.0
364,2025-04-15 19:30:00+00:00,1.128668189048767,1.128795504570007,1,1.1281846046447754,0,0,1,1.1285407543182373,1.0
365,2025-04-15 19:45:00+00:00,1.1285407543182373,1.1290504932403564,1,1.1284390211105346,0,1,1,1.1285407543182373,1.0
366,2025-04-15 20:00:00+00:00,1.1285407543182373,1.128795504570007,-1,1.1285917282104492,0,0,1,1.1290504932403564,1.0
367,2025-04-15 20:15:00+00:00,1.1290504932403564,1.1285407543182373,1,1.1287191390991211,0,0,1,1.128795504570007,1.0
368,2025-04-15 20:30:00+00:00,1.128795504570007,1.1290504932403564,1,1.1287191390991211,0,1,1,1.1285407543182373,1.0
369,2025-04-15 20:45:00+00:00,1.1285407543182373,1.128668189048767,-1,1.128693652153015,0,0,1,1.1290504932403564,1.0
370,2025-04-15 21:00:00+00:00,1.1290504932403564,1.1290504932403564,1,1.128795599937439,0,0,1,1.128668189048767,1.0
371,2025-04-15 21:15:00+00:00,1.128668189048767,1.1290504932403564,-1,1.1288210868835449,0,0,1,1.1289230585098269,1.0
372,2025-04-15 21:30:00+00:00,1.1289230585098269,1.128668189048767,1,1.128795599937439,0,0,1,1.1285407543182373,1.0
373,2025-04-15 21:45:00+00:00,1.1285407543182373,1.128413438796997,-1,1.128744649887085,0,0,1,1.1299434900283811,1.0
374,2025-04-15 22:00:00+00:00,1.1299434900283811,1.128795504570007,1,1.1290251970291139,0,1,1,1.1295605897903442,1.0
375,2025-04-15 22:15:00+00:00,1.1295605897903442,1.1299434900283811,1,1.1291272163391113,-1,1,1,1.1298158168792725,1.0
376,2025-04-15 22:30:00+00:00,1.1298158168792725,1.1296881437301636,1,1.1293567419052124,0,0,1,1.1298158168792725,1.0
377,2025-04-15 22:45:00+00:00,1.1298158168792725,1.1299434900283811,1,1.1295352935791017,0,0,1,1.129433035850525,1.0
378,2025-04-15 23:00:00+00:00,1.129433035850525,1.1293054819107056,-1,1.1297137498855592,1,0,1,1.1295605897903442,1.0
379,2025-04-15 23:15:00+00:00,1.1295605897903442,1.1293054819107056,-1,1.1296371698379517,1,0,1,1.1298158168792725,1.0
380,2025-04-15 23:30:00+00:00,1.1298158168792725,1.129433035850525,1,1.1296882152557373,0,0,1,1.1295605897903442,1.0
381,2025-04-15 23:45:00+00:00,1.1295605897903442,1.1299434900283811,-1,1.1296371698379517,0,1,1,1.1316057443618774,1.0
382,2025-04-16 00:00:00+00:00,1.1316057443618774,1.1296881437301636,1,1.1299951553344727,0,1,1,1.1314777135849,1.0
383,2025-04-16 00:15:00+00:00,1.1314777135849,1.1319899559020996,1,1.1304040908813477,-1,1,1,1.1316057443618774,1.0
384,2025-04-16 00:30:00+00:00,1.1316057443618774,1.131733775138855,1,1.1308131217956543,0,1,1,1.1319899559020996,1.0
385,2025-04-16 00:45:00+00:00,1.1319899559020996,1.131733775138855,1,1.1312479496002197,0,0,1,1.13237464427948,1.0
386,2025-04-16 01:00:00+00:00,1.13237464427948,1.1321182250976562,1,1.131810760498047,0,1,1,1.1326310634613037,1.0
387,2025-04-16 01:15:00+00:00,1.1326310634613037,1.1326310634613037,1,1.1320158243179321,-1,1,0,1.133144497871399,1.0
388,2025-04-16 01:30:00+00:00,1.133144497871399,1.132502794265747,1,1.132349181175232,0,1,1,1.13275945186615,1.0
389,2025-04-16 01:45:00+00:00,1.13275945186615,1.133144497871399,1,1.1325799226760864,0,0,1,1.132502794265747,1.0
390,2025-04-16 02:00:00+00:00,1.132502794265747,1.13275945186615,-1,1.132682490348816,0,0,1,1.1328877210617063,1.0
391,2025-04-16 02:15:00+00:00,1.1328877210617063,1.13275945186615,1,1.1327851057052611,0,0,1,1.1332728862762451,1.0
392,2025-04-16 02:30:00+00:00,1.1332728862762451,1.1334012746810913,1,1.1329134702682495,0,1,1,1.1330161094665527,1.0
393,2025-04-16 02:45:00+00:00,1.1330161094665527,1.133529782295227,1,1.1328877925872802,0,0,1,1.1334012746810913,1.0
394,2025-04-16 03:00:00+00:00,1.1334012746810913,1.1332728862762451,1,1.1330161571502686,0,0,1,1.1337867975234983,1.0
395,2025-04-16 03:15:00+00:00,1.1337867975234983,1.1334012746810913,1,1.1332729578018188,0,1,1,1.1343011856079102,1.0
396,2025-04-16 03:30:00+00:00,1.1343011856079102,1.1337867975234983,1,1.1335556507110596,-1,1,1,1.1345586776733398,1.0
397,2025-04-16 03:45:00+00:00,1.1345586776733398,1.1343011856079102,1,1.1338128089904784,-1,1,0,1.1339154243469238,1.0
398,2025-04-16 04:00:00+00:00,1.1339154243469238,1.134687423706055,-1,1.1339926719665527,0,1,1,1.1339154243469238,1.0
399,2025-04-16 04:15:00+00:00,1.1339154243469238,1.1341726779937744,-1,1.1340955018997192,1,0,1,1.1348161697387695,1.0
400,2025-04-16 04:30:00+00:00,1.1348161697387695,1.1339154243469238,1,1.1343013763427734,0,0,1,1.1348161697387695,1.0
401,2025-04-16 04:45:00+00:00,1.1348161697387695,1.1349449157714844,1,1.1344043731689453,-1,1,0,1.1350737810134888,1.0
402,2025-04-16 05:00:00+00:00,1.1350737810134888,1.1345586776733398,1,1.1345073938369752,0,1,1,1.1350737810134888,1.0
403,2025-04-16 05:15:00+00:00,1.1350737810134888,1.1349449157714844,1,1.134739065170288,0,0,1,1.1358473300933838,1.0
404,2025-04-16 05:30:00+00:00,1.1358473300933838,1.1352026462554932,1,1.1351254463195801,0,1,0,1.1384334564208984,1.0
405,2025-04-16 05:45:00+00:00,1.1384334564208984,1.1357183456420898,1,1.1358489036560058,-1,1,1,1.1371389627456665,0.0
406,2025-04-16 06:00:00+00:00,1.1371389627456665,1.1383039951324463,1,1.1363134622573852,-1,0,1,1.1377859115600586,0.0
407,2025-04-16 06:15:00+00:00,1.1377859115600586,1.137268304824829,1,1.1368558883666993,0,0,1,1.1371389627456665,0.0
408,2025-04-16 06:30:00+00:00,1.1371389627456665,1.1381744146347046,-1,1.1372689247131347,0,0,1,1.1364928483963013,0.0
409,2025-04-16 06:45:00+00:00,1.1364928483963013,1.1370097398757937,-1,1.1373980283737182,0,0,1,1.137268304824829,1.0
410,2025-04-16 07:00:00+00:00,1.137268304824829,1.1367511749267578,1,1.1371649980545044,0,0,1,1.1394712924957275,0.0
411,2025-04-16 07:15:00+00:00,1.1394712924957275,1.1376564502716064,1,1.1376314640045166,-1,1,1,1.1385631561279297,0.0
412,2025-04-16 07:30:00+00:00,1.1385631561279297,1.1393414735794067,1,1.1377869129180909,-1,0,1,1.1388224363327026,0.0
413,2025-04-16 07:45:00+00:00,1.1388224363327026,1.1385631561279297,1,1.1381236076354981,0,0,1,1.1379153728485107,0.0
414,2025-04-16 08:00:00+00:00,1.1379153728485107,1.1390818357467651,-1,1.13840811252594,0,0,1,1.1370097398757937,0.0
415,2025-04-16 08:15:00+00:00,1.1370097398757937,1.1376564502716064,-1,1.1383563995361328,1,0,1,1.1350737810134888,0.0
416,2025-04-16 08:30:00+00:00,1.1350737810134888,1.1366219520568848,-1,1.1374768972396851,1,0,1,1.1373976469039917,1.0
417,2025-04-16 08:45:00+00:00,1.1373976469039917,1.1353315114974976,1,1.1372437953948975,0,0,1,1.1364928483963013,0.0
418,2025-04-16 09:00:00+00:00,1.1364928483963013,1.1371389627456665,-1,1.1367778778076172,0,0,1,1.1370097398757937,0.0
419,2025-04-16 09:15:00+00:00,1.1370097398757937,1.1362345218658447,1,1.1365967512130737,0,0,1,1.1359764337539673,0.0
420,2025-04-16 09:30:00+00:00,1.1359764337539673,1.1375269889831543,-1,1.1363900899887085,0,0,1,1.1361054182052612,1.0
421,2025-04-16 09:45:00+00:00,1.1361054182052612,1.1364928483963013,-1,1.136596417427063,0,0,1,1.1371389627456665,1.0
422,2025-04-16 10:00:00+00:00,1.1371389627456665,1.1364928483963013,1,1.136544680595398,0,0,1,1.1368803977966309,0.0
423,2025-04-16 10:15:00+00:00,1.1368803977966309,1.1367511749267578,1,1.1366221904754639,0,0,1,1.1366219520568848,0.0
424,2025-04-16 10:30:00+00:00,1.1366219520568848,1.1368803977966309,1,1.1365446329116822,0,0,1,1.1366219520568848,1.0
425,2025-04-16 10:45:00+00:00,1.1366219520568848,1.1367511749267578,-1,1.1366737365722657,0,0,1,1.1362345218658447,1.0
426,2025-04-16 11:00:00+00:00,1.1362345218658447,1.1362345218658447,-1,1.1366995573043823,0,0,1,1.1370097398757937,1.0
427,2025-04-16 11:15:00+00:00,1.1370097398757937,1.1366219520568848,1,1.1366737127304076,0,0,1,1.1364928483963013,0.0
428,2025-04-16 11:30:00+00:00,1.1364928483963013,1.137268304824829,-1,1.1365962028503418,0,0,1,1.1364928483963013,1.0
429,2025-04-16 11:45:00+00:00,1.1364928483963013,1.1362345218658447,-1,1.1365703821182251,0,0,1,1.1354604959487915,1.0
430,2025-04-16 12:00:00+00:00,1.1354604959487915,1.1367511749267578,-1,1.1363380908966065,0,0,1,1.1359764337539673,1.0
431,2025-04-16 12:15:00+00:00,1.1359764337539673,1.1354604959487915,-1,1.136286473274231,0,0,1,1.1359764337539673,1.0
432,2025-04-16 12:30:00+00:00,1.1359764337539673,1.1363636255264282,-1,1.1360798120498656,0,0,1,1.1352026462554932,1.0
433,2025-04-16 12:45:00+00:00,1.1352026462554932,1.1358473300933838,-1,1.135821771621704,0,0,1,1.1363636255264282,1.0
434,2025-04-16 13:00:00+00:00,1.1363636255264282,1.135589361190796,1,1.1357959270477296,0,0,1,1.137268304824829,1.0
435,2025-04-16 13:15:00+00:00,1.137268304824829,1.1364928483963013,1,1.136157488822937,-1,1,1,1.1362345218658447,1.0
436,2025-04-16 13:30:00+00:00,1.1362345218658447,1.1367511749267578,1,1.1362091064453126,0,0,1,1.1368803977966309,1.0
437,2025-04-16 13:45:00+00:00,1.1368803977966309,1.1366219520568848,1,1.1363898992538453,0,0,1,1.1370097398757937,1.0
438,2025-04-16 14:00:00+00:00,1.1370097398757937,1.1370097398757937,1,1.1367513179779052,0,1,1,1.1368803977966309,1.0
439,2025-04-16 14:15:00+00:00,1.1368803977966309,1.1370097398757937,1,1.1368546724319457,0,0,1,1.1368803977966309,1.0
440,2025-04-16 14:30:00+00:00,1.1368803977966309,1.1368803977966309,1,1.1367770910263062,0,0,1,1.1385631561279297,1.0
441,2025-04-16 14:45:00+00:00,1.1385631561279297,1.1370097398757937,1,1.137242817878723,0,0,1,1.1385631561279297,0.0
442,2025-04-16 15:00:00+00:00,1.1385631561279297,1.1385631561279297,1,1.137579369544983,-1,1,1,1.1364928483963013,0.0
443,2025-04-16 15:15:00+00:00,1.1364928483963013,1.1383039951324463,-1,1.1374759912490844,0,0,1,1.1375269889831543,1.0
444,2025-04-16 15:30:00+00:00,1.1375269889831543,1.1366219520568848,-1,1.1376053094863892,1,0,1,1.1385631561279297,1.0
445,2025-04-16 15:45:00+00:00,1.1385631561279297,1.1376564502716064,1,1.1379418611526488,0,0,1,1.1390818357467651,1.0
446,2025-04-16 16:00:00+00:00,1.1390818357467651,1.1386927366256714,1,1.138045597076416,-1,1,1,1.1375269889831543,0.0
447,2025-04-16 16:15:00+00:00,1.1375269889831543,1.1385631561279297,-1,1.137838363647461,0,0,1,1.1379153728485107,1.0
448,2025-04-16 16:30:00+00:00,1.1379153728485107,1.1376564502716064,-1,1.1381228685379028,0,0,1,1.1377859115600586,1.0
449,2025-04-16 16:45:00+00:00,1.1377859115600586,1.1376564502716064,-1,1.1381746530532837,0,0,1,1.1373976469039917,1.0
450,2025-04-16 17:00:00+00:00,1.1373976469039917,1.1376564502716064,-1,1.137941551208496,0,0,1,1.1375269889831543,1.0
451,2025-04-16 17:15:00+00:00,1.1375269889831543,1.1368803977966309,-1,1.137630581855774,0,0,1,1.1385631561279297,1.0
452,2025-04-16 17:30:00+00:00,1.1385631561279297,1.1373976469039917,1,1.137837815284729,0,1,1,1.1379153728485107,1.0
453,2025-04-16 17:45:00+00:00,1.1379153728485107,1.1388224363327026,1,1.137837815284729,0,0,1,1.1371389627456665,1.0
454,2025-04-16 18:00:00+00:00,1.1371389627456665,1.1375269889831543,-1,1.1377084255218506,0,0,1,1.1373976469039917,1.0
455,2025-04-16 18:15:00+00:00,1.1373976469039917,1.1371389627456665,-1,1.1377084255218506,0,0,1,1.1381744146347046,1.0
456,2025-04-16 18:30:00+00:00,1.1381744146347046,1.1377859115600586,1,1.1378379106521606,0,0,1,1.138952136039734,1.0
457,2025-04-16 18:45:00+00:00,1.138952136039734,1.138044834136963,1,1.1379157066345216,0,0,1,1.1397310495376587,1.0
458,2025-04-16 19:00:00+00:00,1.1397310495376587,1.138952136039734,1,1.138278841972351,-1,1,1,1.1409013271331787,1.0
459,2025-04-16 19:15:00+00:00,1.1409013271331787,1.1398608684539795,1,1.1390313148498534,-1,1,1,1.1397310495376587,0.0
460,2025-04-16 19:30:00+00:00,1.1397310495376587,1.1406410932540894,1,1.139497995376587,0,0,1,1.139211654663086,1.0
461,2025-04-16 19:45:00+00:00,1.139211654663086,1.1396011114120483,-1,1.139705443382263,1,0,1,1.1390818357467651,1.0
462,2025-04-16 20:00:00+00:00,1.1390818357467651,1.1388224363327026,-1,1.1397313833236695,1,0,1,1.139211654663086,1.0
463,2025-04-16 20:15:00+00:00,1.139211654663086,1.138952136039734,-1,1.139627504348755,0,0,1,1.1396011114120483,1.0
464,2025-04-16 20:30:00+00:00,1.1396011114120483,1.1394712924957275,1,1.1393674612045288,0,0,1,1.1401208639144895,0.0
465,2025-04-16 20:45:00+00:00,1.1401208639144895,1.1397310495376587,1,1.139445424079895,-1,0,1,1.1409013271331787,0.0
466,2025-04-16 21:00:00+00:00,1.1409013271331787,1.1402509212493896,1,1.1397833585739137,-1,1,1,1.1401208639144895,0.0
467,2025-04-16 21:15:00+00:00,1.1401208639144895,1.1405109167099,1,1.1399911642074583,0,0,1,1.1401208639144895,0.0
468,2025-04-16 21:30:00+00:00,1.1401208639144895,1.1397310495376587,-1,1.140173006057739,0,0,1,1.1401208639144895,0.0
469,2025-04-16 21:45:00+00:00,1.1401208639144895,1.1405109167099,-1,1.1402769565582274,0,0,1,1.1402509212493896,0.0
470,2025-04-16 22:00:00+00:00,1.1402509212493896,1.1402509212493896,-1,1.1403029680252075,0,0,1,1.1401208639144895,0.0
471,2025-04-16 22:15:00+00:00,1.1401208639144895,1.140380859375,-1,1.1401468753814696,0,0,1,1.140380859375,0.0
472,2025-04-16 22:30:00+00:00,1.140380859375,1.1401208639144895,1,1.1401988744735718,0,0,1,1.1402509212493896,0.0
473,2025-04-16 22:45:00+00:00,1.1402509212493896,1.1402509212493896,1,1.1402248859405517,0,0,1,1.1401208639144895,0.0
474,2025-04-16 23:00:00+00:00,1.1401208639144895,1.1402509212493896,-1,1.1402248859405515,0,0,1,1.1402509212493896,0.0
475,2025-04-16 23:15:00+00:00,1.1402509212493896,1.1401208639144895,1,1.1402248859405515,0,1,1,1.1406410932540894,0.0
476,2025-04-16 23:30:00+00:00,1.1406410932540894,1.1402509212493896,1,1.1403289318084717,0,1,1,1.1398608684539795,0.0
477,2025-04-16 23:45:00+00:00,1.1398608684539795,1.1409013271331787,-1,1.1402249336242676,0,0,1,1.1388224363327026,0.0
478,2025-04-17 00:00:00+00:00,1.1388224363327026,1.1399909257888794,-1,1.1399392366409302,1,0,1,1.138044834136963,0.0
479,2025-04-17 00:15:00+00:00,1.138044834136963,1.1384334564208984,-1,1.1395240306854248,1,0,1,1.1376564502716064,0.0
480,2025-04-17 00:30:00+00:00,1.1376564502716064,1.1383039951324463,-1,1.1390051364898681,1,0,1,1.1370097398757937,0.0
481,2025-04-17 00:45:00+00:00,1.1370097398757937,1.1377859115600586,-1,1.138278865814209,1,0,1,1.1364928483963013,0.0
482,2025-04-17 01:00:00+00:00,1.1364928483963013,1.1368803977966309,-1,1.1376052618026733,1,0,1,1.1364928483963013,1.0
483,2025-04-17 01:15:00+00:00,1.1364928483963013,1.1367511749267578,-1,1.137139344215393,0,0,1,1.1362345218658447,1.0
484,2025-04-17 01:30:00+00:00,1.1362345218658447,1.1364928483963013,-1,1.1367772817611694,0,0,1,1.1368803977966309,1.0
485,2025-04-17 01:45:00+00:00,1.1368803977966309,1.1363636255264282,1,1.1366220712661743,0,0,1,1.1376564502716064,0.0
486,2025-04-17 02:00:00+00:00,1.1376564502716064,1.1370097398757937,1,1.136751413345337,-1,0,1,1.1375269889831543,0.0
487,2025-04-17 02:15:00+00:00,1.1375269889831543,1.1376564502716064,1,1.1369582414627075,-1,0,1,1.1381744146347046,0.0
488,2025-04-17 02:30:00+00:00,1.1381744146347046,1.1375269889831543,1,1.137294554710388,0,1,1,1.138044834136963,0.0
489,2025-04-17 02:45:00+00:00,1.138044834136963,1.1383039951324463,1,1.1376566171646119,-1,0,1,1.1377859115600586,0.0
490,2025-04-17 03:00:00+00:00,1.1377859115600586,1.1383039951324463,-1,1.1378377199172973,0,0,1,1.1377859115600586,0.0
491,2025-04-17 03:15:00+00:00,1.1377859115600586,1.1379153728485107,-1,1.1378636121749879,0,0,1,1.1368803977966309,0.0
492,2025-04-17 03:30:00+00:00,1.1368803977966309,1.1379153728485107,-1,1.137734293937683,0,0,1,1.1367511749267578,0.0
493,2025-04-17 03:45:00+00:00,1.1367511749267578,1.1368803977966309,-1,1.1374496459960937,1,0,1,1.1370097398757937,1.0
494,2025-04-17 04:00:00+00:00,1.1370097398757937,1.1367511749267578,-1,1.13724262714386,0,0,1,1.1371389627456665,0.0
495,2025-04-17 04:15:00+00:00,1.1371389627456665,1.1370097398757937,1,1.1371132373809814,0,0,1,1.1366219520568848,0.0
496,2025-04-17 04:30:00+00:00,1.1366219520568848,1.1371389627456665,-1,1.1368804454803467,0,0,1,1.1364928483963013,1.0
497,2025-04-17 04:45:00+00:00,1.1364928483963013,1.1367511749267578,-1,1.1368029356002807,0,0,1,1.1371389627456665,1.0
498,2025-04-17 05:00:00+00:00,1.1371389627456665,1.1364928483963013,1,1.1368804931640626,0,0,1,1.1364928483963013,0.0
499,2025-04-17 05:15:00+00:00,1.1364928483963013,1.1371389627456665,-1,1.136777114868164,0,0,1,1.1349449157714844,1.0
500,2025-04-17 05:30:00+00:00,1.1349449157714844,1.1362345218658447,-1,1.1363383054733276,1,0,1,1.1354604959487915,1.0
501,2025-04-17 05:45:00+00:00,1.1354604959487915,1.1348161697387695,-1,1.136106014251709,1,0,1,1.1353315114974976,1.0
502,2025-04-17 06:00:00+00:00,1.1353315114974976,1.135589361190796,-1,1.1358737468719482,0,0,1,1.1361054182052612,1.0
503,2025-04-17 06:15:00+00:00,1.1361054182052612,1.1358473300933838,1,1.1356670379638671,0,0,1,1.1366219520568848,1.0
504,2025-04-17 06:30:00+00:00,1.1366219520568848,1.1359764337539673,1,1.1356928586959838,0,0,1,1.1364928483963013,1.0
505,2025-04-17 06:45:00+00:00,1.1364928483963013,1.1363636255264282,1,1.1360024452209472,-1,1,1,1.1368803977966309,1.0
506,2025-04-17 07:00:00+00:00,1.1368803977966309,1.1366219520568848,1,1.1362864255905152,0,0,1,1.1361054182052612,1.0
507,2025-04-17 07:15:00+00:00,1.1361054182052612,1.1367511749267578,-1,1.136441206932068,0,0,1,1.1375269889831543,1.0
508,2025-04-17 07:30:00+00:00,1.1375269889831543,1.1361054182052612,1,1.1367255210876466,0,1,1,1.138044834136963,0.0
509,2025-04-17 07:45:00+00:00,1.138044834136963,1.1373976469039917,1,1.137010097503662,-1,1,1,1.1379153728485107,0.0
510,2025-04-17 08:00:00+00:00,1.1379153728485107,1.1381744146347046,1,1.137294602394104,-1,0,1,1.1375269889831543,0.0
511,2025-04-17 08:15:00+00:00,1.1375269889831543,1.1377859115600586,1,1.1374239206314087,0,0,1,1.1384334564208984,0.0
512,2025-04-17 08:30:00+00:00,1.1384334564208984,1.138044834136963,1,1.137889528274536,0,1,1,1.1383039951324463,0.0
513,2025-04-17 08:45:00+00:00,1.1383039951324463,1.1390818357467651,1,1.1380449295043946,-1,1,1,1.1379153728485107,0.0
514,2025-04-17 09:00:00+00:00,1.1379153728485107,1.1383039951324463,-1,1.138019037246704,0,0,1,1.1375269889831543,0.0
515,2025-04-17 09:15:00+00:00,1.1375269889831543,1.1376564502716064,-1,1.1379413604736328,0,0,1,1.1381744146347046,0.0
516,2025-04-17 09:30:00+00:00,1.1381744146347046,1.1375269889831543,1,1.1380708456039428,0,0,1,1.1375269889831543,0.0
517,2025-04-17 09:45:00+00:00,1.1375269889831543,1.1383039951324463,-1,1.137889552116394,0,0,1,1.1375269889831543,0.0
518,2025-04-17 10:00:00+00:00,1.1375269889831543,1.1376564502716064,-1,1.1377341508865357,0,0,1,1.1376564502716064,0.0
519,2025-04-17 10:15:00+00:00,1.1376564502716064,1.1370097398757937,-1,1.1376823663711548,0,0,1,1.1367511749267578,0.0
520,2025-04-17 10:30:00+00:00,1.1367511749267578,1.1375269889831543,-1,1.1375272035598756,0,0,1,1.1361054182052612,0.0
521,2025-04-17 10:45:00+00:00,1.1361054182052612,1.1367511749267578,-1,1.1371134042739868,1,0,1,1.1367511749267578,1.0
522,2025-04-17 11:00:00+00:00,1.1367511749267578,1.1361054182052612,-1,1.1369582414627075,0,0,1,1.1370097398757937,0.0
523,2025-04-17 11:15:00+00:00,1.1370097398757937,1.1367511749267578,1,1.1368547916412353,0,0,1,1.1368803977966309,0.0
524,2025-04-17 11:30:00+00:00,1.1368803977966309,1.1371389627456665,1,1.1366995811462401,0,0,1,1.1361054182052612,0.0
525,2025-04-17 11:45:00+00:00,1.1361054182052612,1.1366219520568848,-1,1.136570429801941,0,0,1,1.1366219520568848,1.0
526,2025-04-17 12:00:00+00:00,1.1366219520568848,1.1358473300933838,-1,1.1366737365722657,0,0,1,1.1345586776733398,0.0
527,2025-04-17 12:15:00+00:00,1.1345586776733398,1.1367511749267578,-1,1.136235237121582,0,0,1,1.1357183456420898,1.0
528,2025-04-17 12:30:00+00:00,1.1357183456420898,1.1353315114974976,-1,1.1359769582748414,0,0,1,1.1357183456420898,1.0
529,2025-04-17 12:45:00+00:00,1.1357183456420898,1.1361054182052612,-1,1.1357445478439332,0,0,1,1.1361054182052612,1.0
530,2025-04-17 13:00:00+00:00,1.1361054182052612,1.1368803977966309,1,1.1357445478439332,0,1,1,1.1366219520568848,1.0
531,2025-04-17 13:15:00+00:00,1.1366219520568848,1.135589361190796,1,1.1357445478439332,0,0,1,1.1362345218658447,0.0
532,2025-04-17 13:30:00+00:00,1.1362345218658447,1.1366219520568848,1,1.1360797166824341,0,0,1,1.1363636255264282,0.0
533,2025-04-17 13:45:00+00:00,1.1363636255264282,1.1362345218658447,1,1.1362087726593018,0,0,1,1.1364928483963013,0.0
534,2025-04-17 14:00:00+00:00,1.1364928483963013,1.1364928483963013,1,1.136363673210144,0,0,1,1.1381744146347046,0.0
535,2025-04-17 14:15:00+00:00,1.1381744146347046,1.1367511749267578,1,1.1367774724960327,0,1,1,1.1376564502716064,0.0
536,2025-04-17 14:30:00+00:00,1.1376564502716064,1.1381744146347046,1,1.136984372138977,-1,0,1,1.1352026462554932,0.0
537,2025-04-17 14:45:00+00:00,1.1352026462554932,1.138044834136963,-1,1.1367779970169067,0,0,1,1.1364928483963013,1.0
538,2025-04-17 15:00:00+00:00,1.1364928483963013,1.1353315114974976,-1,1.1368038415908814,1,0,1,1.1377859115600586,0.0
539,2025-04-17 15:15:00+00:00,1.1377859115600586,1.1367511749267578,1,1.1370624542236327,0,0,1,1.1371389627456665,0.0
540,2025-04-17 15:30:00+00:00,1.1371389627456665,1.1377859115600586,1,1.1368553638458252,-1,0,1,1.1364928483963013,0.0
541,2025-04-17 15:45:00+00:00,1.1364928483963013,1.1371389627456665,-1,1.1366226434707642,0,0,1,1.1362345218658447,0.0
542,2025-04-17 16:00:00+00:00,1.1362345218658447,1.1366219520568848,-1,1.1368290185928345,0,0,1,1.1354604959487915,1.0
543,2025-04-17 16:15:00+00:00,1.1354604959487915,1.1364928483963013,-1,1.1366225481033325,0,0,1,1.1361054182052612,1.0
544,2025-04-17 16:30:00+00:00,1.1361054182052612,1.1354604959487915,-1,1.136286449432373,0,0,1,1.1353315114974976,1.0
545,2025-04-17 16:45:00+00:00,1.1353315114974976,1.1362345218658447,-1,1.1359249591827392,0,0,1,1.134687423706055,1.0
546,2025-04-17 17:00:00+00:00,1.134687423706055,1.1354604959487915,-1,1.1355638742446899,0,0,1,1.1350737810134888,1.0
547,2025-04-17 17:15:00+00:00,1.1350737810134888,1.1348161697387695,-1,1.1353317260742188,0,0,1,1.1353315114974976,1.0
548,2025-04-17 17:30:00+00:00,1.1353315114974976,1.1349449157714844,1,1.13530592918396,0,0,1,1.1354604959487915,1.0
549,2025-04-17 17:45:00+00:00,1.1354604959487915,1.1353315114974976,1,1.135176944732666,-1,0,1,1.1350737810134888,1.0
550,2025-04-17 18:00:00+00:00,1.1350737810134888,1.135589361190796,-1,1.1351253986358643,0,0,1,1.1362345218658447,1.0
551,2025-04-17 18:15:00+00:00,1.1362345218658447,1.1354604959487915,1,1.1354348182678222,0,1,1,1.1363636255264282,1.0
552,2025-04-17 18:30:00+00:00,1.1363636255264282,1.1359764337539673,1,1.1356927871704101,-1,0,1,1.1377859115600586,1.0
553,2025-04-17 18:45:00+00:00,1.1377859115600586,1.1363636255264282,1,1.1361836671829224,0,1,1,1.1373976469039917,0.0
554,2025-04-17 19:00:00+00:00,1.1373976469039917,1.1375269889831543,1,1.1365710973739624,-1,0,1,1.1376564502716064,1.0
555,2025-04-17 19:15:00+00:00,1.1376564502716064,1.1373976469039917,1,1.137087631225586,0,0,1,1.1377859115600586,0.0
556,2025-04-17 19:30:00+00:00,1.1377859115600586,1.1377859115600586,1,1.1373979091644286,0,1,1,1.1375269889831543,0.0
557,2025-04-17 19:45:00+00:00,1.1375269889831543,1.1377859115600586,-1,1.137630581855774,0,0,1,1.138044834136963,0.0
558,2025-04-17 20:00:00+00:00,1.138044834136963,1.1375269889831543,1,1.1376823663711548,0,1,1,1.137268304824829,0.0
559,2025-04-17 20:15:00+00:00,1.137268304824829,1.1377859115600586,-1,1.1376564979553223,0,0,1,1.1368803977966309,1.0
560,2025-04-17 20:30:00+00:00,1.1368803977966309,1.1371389627456665,-1,1.1375012874603272,0,0,1,1.1367511749267578,1.0
561,2025-04-17 20:45:00+00:00,1.1367511749267578,1.1368803977966309,-1,1.137294340133667,1,0,1,1.137268304824829,1.0
562,2025-04-17 21:00:00+00:00,1.137268304824829,1.137268304824829,1,1.137242603302002,0,0,1,1.1370097398757937,1.0
563,2025-04-17 21:15:00+00:00,1.1370097398757937,1.1377859115600586,-1,1.1370355844497682,0,0,1,1.1371389627456665,1.0
564,2025-04-17 21:30:00+00:00,1.1371389627456665,1.1368803977966309,1,1.1370097160339356,0,0,1,1.1373976469039917,1.0
565,2025-04-17 21:45:00+00:00,1.1373976469039917,1.137268304824829,1,1.1371131658554077,0,0,1,1.1379153728485107,1.0
566,2025-04-17 22:00:00+00:00,1.1379153728485107,1.137268304824829,1,1.1373460054397584,0,0,1,1.1373976469039917,0.0
567,2025-04-17 22:15:00+00:00,1.1373976469039917,1.137268304824829,1,1.137371873855591,0,0,1,1.1370097398757937,1.0
568,2025-04-17 22:30:00+00:00,1.1370097398757937,1.137268304824829,-1,1.137371873855591,0,0,1,1.1371389627456665,1.0
569,2025-04-17 22:45:00+00:00,1.1371389627456665,1.1370097398757937,-1,1.137371873855591,0,0,1,1.1375269889831543,1.0
570,2025-04-17 23:00:00+00:00,1.1375269889831543,1.137268304824829,1,1.1373977422714234,0,0,1,1.1375269889831543,1.0
571,2025-04-17 23:15:00+00:00,1.1375269889831543,1.1375269889831543,1,1.137320065498352,0,0,1,1.1373976469039917,1.0
572,2025-04-17 23:30:00+00:00,1.1373976469039917,1.1375269889831543,1,1.137320065498352,0,0,1,1.1376564502716064,1.0
573,2025-04-17 23:45:00+00:00,1.1376564502716064,1.1373976469039917,1,1.1374494075775146,0,0,1,1.1377859115600586,1.0
574,2025-04-18 00:00:00+00:00,1.1377859115600586,1.1376564502716064,1,1.137578797340393,0,1,1,1.1383039951324463,0.0
575,2025-04-18 00:15:00+00:00,1.1383039951324463,1.138044834136963,1,1.1377341985702514,0,1,1,1.1381744146347046,0.0
576,2025-04-18 00:30:00+00:00,1.1381744146347046,1.1383039951324463,1,1.1378636837005616,0,0,1,1.1377859115600586,0.0
577,2025-04-18 00:45:00+00:00,1.1377859115600586,1.1381744146347046,-1,1.137941336631775,0,0,1,1.1376564502716064,0.0
578,2025-04-18 01:00:00+00:00,1.1376564502716064,1.1376564502716064,-1,1.137941336631775,0,0,1,1.1376564502716064,0.0
579,2025-04-18 01:15:00+00:00,1.1376564502716064,1.1376564502716064,-1,1.1379154443740844,0,0,1,1.1376564502716064,0.0
580,2025-04-18 01:30:00+00:00,1.1376564502716064,1.1377859115600586,-1,1.1377859354019164,0,0,1,1.1373976469039917,0.0
581,2025-04-18 01:45:00+00:00,1.1373976469039917,1.1376564502716064,-1,1.137630581855774,0,0,1,1.1377859115600586,1.0
582,2025-04-18 02:00:00+00:00,1.1377859115600586,1.1375269889831543,1,1.137630581855774,0,0,1,1.1377859115600586,0.0
583,2025-04-18 02:15:00+00:00,1.1377859115600586,1.1377859115600586,1,1.1376564741134643,0,0,1,1.1375269889831543,0.0
584,2025-04-18 02:30:00+00:00,1.1375269889831543,1.1376564502716064,-1,1.137630581855774,0,0,1,1.1375269889831543,0.0
585,2025-04-18 02:45:00+00:00,1.1375269889831543,1.1376564502716064,-1,1.1376046895980836,0,0,1,1.1376564502716064,0.0
586,2025-04-18 03:00:00+00:00,1.1376564502716064,1.1377859115600586,0,1.1376564502716064,0,0,1,1.1375269889831543,0.0
587,2025-04-18 03:15:00+00:00,1.1375269889831543,1.1376564502716064,-1,1.1376046657562255,0,0,1,1.1373976469039917,0.0
588,2025-04-18 03:30:00+00:00,1.1373976469039917,1.1375269889831543,-1,1.1375270128250121,0,0,1,1.1376564502716064,0.0
589,2025-04-18 03:45:00+00:00,1.1376564502716064,1.1373976469039917,1,1.1375529050827027,0,0,1,1.1376564502716064,0.0
590,2025-04-18 04:00:00+00:00,1.1376564502716064,1.1375269889831543,1,1.137578797340393,0,0,1,1.1375269889831543,0.0
591,2025-04-18 04:15:00+00:00,1.1375269889831543,1.1375269889831543,-1,1.1375529050827027,0,0,1,1.1376564502716064,0.0
592,2025-04-18 04:30:00+00:00,1.1376564502716064,1.1375269889831543,1,1.137578797340393,0,1,1,1.1373976469039917,0.0
593,2025-04-18 04:45:00+00:00,1.1373976469039917,1.1376564502716064,-1,1.137578797340393,0,0,1,1.1373976469039917,0.0
594,2025-04-18 05:00:00+00:00,1.1373976469039917,1.137268304824829,-1,1.1375270366668702,0,0,1,1.1375269889831543,0.0
595,2025-04-18 05:15:00+00:00,1.1375269889831543,1.1373976469039917,1,1.1375011444091796,0,0,1,1.1370097398757937,0.0
596,2025-04-18 05:30:00+00:00,1.1370097398757937,1.1373976469039917,-1,1.1373976945877076,0,0,1,1.1373976469039917,1.0
597,2025-04-18 05:45:00+00:00,1.1373976469039917,1.1370097398757937,1,1.1373459339141845,0,0,1,1.1373976469039917,1.0
598,2025-04-18 06:00:00+00:00,1.1373976469039917,1.1371389627456665,1,1.1373459339141845,0,0,1,1.1376564502716064,1.0
599,2025-04-18 06:15:00+00:00,1.1376564502716064,1.1376564502716064,1,1.1373976945877076,0,1,1,1.137268304824829,0.0
600,2025-04-18 06:30:00+00:00,1.137268304824829,1.1373976469039917,-1,1.1373459577560425,0,0,1,1.1367511749267578,1.0
601,2025-04-18 06:45:00+00:00,1.1367511749267578,1.1373976469039917,-1,1.1372942447662353,0,0,1,1.1373976469039917,1.0
602,2025-04-18 07:00:00+00:00,1.1373976469039917,1.1363636255264282,1,1.1372942447662353,0,0,1,1.1376564502716064,1.0
603,2025-04-18 07:15:00+00:00,1.1376564502716064,1.1376564502716064,1,1.1373460054397584,-1,0,1,1.1375269889831543,1.0
604,2025-04-18 07:30:00+00:00,1.1375269889831543,1.1375269889831543,1,1.1373201131820678,0,0,1,1.137268304824829,1.0
605,2025-04-18 07:45:00+00:00,1.137268304824829,1.1375269889831543,-1,1.1373201131820678,0,0,1,1.1373976469039917,1.0
606,2025-04-18 08:00:00+00:00,1.1373976469039917,1.1371389627456665,-1,1.1374494075775146,0,0,1,1.1370097398757937,1.0
607,2025-04-18 08:15:00+00:00,1.1370097398757937,1.1373976469039917,-1,1.137371826171875,0,0,1,1.137268304824829,1.0
608,2025-04-18 08:30:00+00:00,1.137268304824829,1.137268304824829,-1,1.1372941970825194,0,0,1,1.1373976469039917,1.0
609,2025-04-18 08:45:00+00:00,1.1373976469039917,1.1371389627456665,1,1.137268328666687,0,0,1,1.1373976469039917,1.0
610,2025-04-18 09:00:00+00:00,1.1373976469039917,1.1373976469039917,1,1.1372941970825194,0,1,1,1.137268304824829,1.0
611,2025-04-18 09:15:00+00:00,1.137268304824829,1.137268304824829,-1,1.137268328666687,0,0,1,1.1373976469039917,1.0
612,2025-04-18 09:30:00+00:00,1.1373976469039917,1.1373976469039917,1,1.1373459100723267,0,0,1,1.1373976469039917,1.0
613,2025-04-18 09:45:00+00:00,1.1373976469039917,1.1375269889831543,1,1.1373717784881592,0,0,1,1.1376564502716064,1.0
614,2025-04-18 10:00:00+00:00,1.1376564502716064,1.137268304824829,1,1.137423539161682,0,0,1,1.1377859115600586,1.0
615,2025-04-18 10:15:00+00:00,1.1377859115600586,1.1376564502716064,1,1.1375011920928955,0,1,1,1.1377859115600586,1.0
616,2025-04-18 10:30:00+00:00,1.1377859115600586,1.1376564502716064,1,1.1376047134399414,0,1,1,1.1377859115600586,1.0
617,2025-04-18 10:45:00+00:00,1.1377859115600586,1.1377859115600586,1,1.1376823663711548,0,0,1,1.1377859115600586,1.0
618,2025-04-18 11:00:00+00:00,1.1377859115600586,1.1377859115600586,1,1.1377600193023683,0,1,1,1.1377859115600586,1.0
619,2025-04-18 11:15:00+00:00,1.1377859115600586,1.1377859115600586,0,1.1377859115600586,0,0,1,1.1384334564208984,1.0
620,2025-04-18 11:30:00+00:00,1.1384334564208984,1.1376564502716064,1,1.1379154205322266,0,1,1,1.1384334564208984,1.0
621,2025-04-18 11:45:00+00:00,1.1384334564208984,1.1384334564208984,1,1.1380449295043946,-1,0,1,1.1385631561279297,1.0
622,2025-04-18 12:00:00+00:00,1.1385631561279297,1.1384334564208984,1,1.1382003784179688,0,1,1,1.1388224363327026,1.0
623,2025-04-18 12:15:00+00:00,1.1388224363327026,1.1385631561279297,1,1.1384076833724976,0,0,1,1.1385631561279297,1.0
624,2025-04-18 12:30:00+00:00,1.1385631561279297,1.138952136039734,1,1.1385631322860719,0,1,1,1.1385631561279297,1.0
625,2025-04-18 12:45:00+00:00,1.1385631561279297,1.1385631561279297,-1,1.138589072227478,0,0,1,1.1383039951324463,1.0
626,2025-04-18 13:00:00+00:00,1.1383039951324463,1.1385631561279297,-1,1.1385631799697875,0,0,1,1.1381744146347046,1.0
627,2025-04-18 13:15:00+00:00,1.1381744146347046,1.1383039951324463,-1,1.1384854316711426,0,0,1,1.1384334564208984,1.0
628,2025-04-18 13:30:00+00:00,1.1384334564208984,1.1384334564208984,1,1.1384076356887818,0,0,1,1.1383039951324463,1.0
629,2025-04-18 13:45:00+00:00,1.1383039951324463,1.1383039951324463,-1,1.138355803489685,0,0,1,1.138952136039734,1.0
630,2025-04-18 14:00:00+00:00,1.138952136039734,1.1383039951324463,1,1.1384335994720458,0,1,1,1.138952136039734,1.0
631,2025-04-18 14:15:00+00:00,1.138952136039734,1.138952136039734,1,1.1385632276535036,-1,0,1,1.138952136039734,1.0
632,2025-04-18 14:30:00+00:00,1.138952136039734,1.138952136039734,1,1.1387187719345095,0,0,1,1.1399909257888794,1.0
633,2025-04-18 14:45:00+00:00,1.1399909257888794,1.138952136039734,1,1.1390302658081057,0,1,1,1.1393414735794067,0.0
634,2025-04-18 15:00:00+00:00,1.1393414735794067,1.1397310495376587,1,1.1392377614974978,-1,0,1,1.1393414735794067,1.0
635,2025-04-18 15:15:00+00:00,1.1393414735794067,1.1393414735794067,1,1.139315629005432,0,0,1,1.1397310495376587,1.0
636,2025-04-18 15:30:00+00:00,1.1397310495376587,1.139211654663086,1,1.139471411705017,0,0,1,1.1394712924957275,0.0
637,2025-04-18 15:45:00+00:00,1.1394712924957275,1.1397310495376587,-1,1.1395752429962158,0,0,1,1.139211654663086,1.0
638,2025-04-18 16:00:00+00:00,1.139211654663086,1.1396011114120483,-1,1.139419388771057,0,0,1,1.1397310495376587,1.0
639,2025-04-18 16:15:00+00:00,1.1397310495376587,1.139211654663086,1,1.1394973039627074,0,0,1,1.1394712924957275,0.0
640,2025-04-18 16:30:00+00:00,1.1394712924957275,1.1396011114120483,-1,1.1395232677459717,0,0,1,1.1397310495376587,1.0
641,2025-04-18 16:45:00+00:00,1.1397310495376587,1.1394712924957275,1,1.1395232677459717,0,0,1,1.1394712924957275,1.0
642,2025-04-18 17:00:00+00:00,1.1394712924957275,1.1397310495376587,-1,1.1395232677459717,0,0,1,1.1396011114120483,1.0
643,2025-04-18 17:15:00+00:00,1.1396011114120483,1.1396011114120483,-1,1.1396011590957642,0,0,1,1.1396011114120483,1.0
644,2025-04-18 17:30:00+00:00,1.1396011114120483,1.1394712924957275,1,1.1395751714706421,0,0,1,1.1396011114120483,1.0
645,2025-04-18 17:45:00+00:00,1.1396011114120483,1.1394712924957275,-1,1.1396011352539062,0,0,1,1.1397310495376587,1.0
646,2025-04-18 18:00:00+00:00,1.1397310495376587,1.1396011114120483,1,1.1396011352539062,0,0,1,1.1397310495376587,1.0
647,2025-04-18 18:15:00+00:00,1.1397310495376587,1.1397310495376587,1,1.1396530866622925,0,1,1,1.1396011114120483,1.0
648,2025-04-18 18:30:00+00:00,1.1396011114120483,1.1396011114120483,-1,1.1396530866622925,0,0,1,1.1397310495376587,1.0
649,2025-04-18 18:45:00+00:00,1.1397310495376587,1.1397310495376587,1,1.1396790742874146,0,0,1,1.1396011114120483,1.0
650,2025-04-18 19:00:00+00:00,1.1396011114120483,1.1398608684539795,-1,1.1396790742874146,0,0,1,1.1398608684539795,1.0
651,2025-04-18 19:15:00+00:00,1.1398608684539795,1.1397310495376587,1,1.1397050380706788,0,0,1,1.1396011114120483,1.0
652,2025-04-18 19:30:00+00:00,1.1396011114120483,1.1398608684539795,-1,1.1396790504455567,0,1,1,1.1397310495376587,1.0
653,2025-04-18 19:45:00+00:00,1.1397310495376587,1.1396011114120483,1,1.1397050380706788,0,0,1,1.1396011114120483,1.0
654,2025-04-18 20:00:00+00:00,1.1396011114120483,1.1398608684539795,-1,1.1396790504455567,0,0,1,1.1398608684539795,1.0
655,2025-04-18 20:15:00+00:00,1.1398608684539795,1.1397310495376587,1,1.1397310018539428,0,0,1,1.1398608684539795,1.0
656,2025-04-18 20:30:00+00:00,1.1398608684539795,1.1399909257888794,1,1.1397310018539428,0,0,1,1.1398608684539795,1.0
657,2025-04-18 20:45:00+00:00,1.1398608684539795,1.1398608684539795,1,1.1397829532623291,0,1,1,1.1396011114120483,1.0
658,2025-04-18 21:00:00+00:00,1.1396011114120483,1.1396011114120483,-1,1.139756965637207,1,0,1,1.1396011114120483,1.0
659,2025-04-18 21:15:00+00:00,1.1396011114120483,1.1396011114120483,-1,1.139756965637207,0,0,1,1.144164800643921,1.0
660,2025-04-20 23:00:00+00:00,1.144164800643921,1.1437721252441406,1,1.1406177520751952,-1,1,0,1.1442956924438477,1.0
661,2025-04-20 23:15:00+00:00,1.1442956924438477,1.144164800643921,1,1.141504716873169,-1,1,1,1.145081877708435,1.0
662,2025-04-20 23:30:00+00:00,1.145081877708435,1.1445575952529907,1,1.14254891872406,-1,1,1,1.145213007926941,1.0
663,2025-04-20 23:45:00+00:00,1.145213007926941,1.145213007926941,1,1.1436712980270385,-1,1,1,1.147315263748169,1.0
664,2025-04-21 00:00:00+00:00,1.147315263748169,1.145737886428833,1,1.1452141284942627,-1,1,1,1.1477103233337402,1.0
665,2025-04-21 00:15:00+00:00,1.1477103233337402,1.147446870803833,1,1.1459232330322267,-1,0,1,1.1469204425811768,1.0
666,2025-04-21 00:30:00+00:00,1.1469204425811768,1.1477103233337402,1,1.1464481830596924,0,1,1,1.1467890739440918,1.0
667,2025-04-21 00:45:00+00:00,1.1467890739440918,1.1467890739440918,-1,1.1467896223068237,0,0,1,1.1475785970687866,1.0
668,2025-04-21 01:00:00+00:00,1.1475785970687866,1.147446870803833,1,1.147262740135193,0,0,1,1.1481056213378906,1.0
669,2025-04-21 01:15:00+00:00,1.1481056213378906,1.1477103233337402,1,1.1474208116531373,-1,0,1,1.1471836566925049,1.0
670,2025-04-21 01:30:00+00:00,1.1471836566925049,1.1481056213378906,-1,1.1473154783248902,0,0,1,1.1479737758636477,1.0
671,2025-04-21 01:45:00+00:00,1.1479737758636477,1.1471836566925049,1,1.1475261449813843,0,0,1,1.1481056213378906,1.0
672,2025-04-21 02:00:00+00:00,1.1481056213378906,1.1481056213378906,1,1.1477894544601441,0,0,1,1.1512778997421265,1.0
673,2025-04-21 02:15:00+00:00,1.1512778997421265,1.1481056213378906,1,1.148529314994812,0,1,0,1.1512778997421265,1.0
674,2025-04-21 02:30:00+00:00,1.1512778997421265,1.151012897491455,1,1.1491637706756592,-1,1,1,1.1507480144500732,1.0
675,2025-04-21 02:45:00+00:00,1.1507480144500732,1.151012897491455,1,1.149876642227173,0,0,1,1.151012897491455,1.0
676,2025-04-21 03:00:00+00:00,1.151012897491455,1.151012897491455,1,1.1504844665527343,0,0,1,1.151410460472107,1.0
677,2025-04-21 03:15:00+00:00,1.151410460472107,1.151012897491455,1,1.1511454343795777,0,0,1,1.1522064208984375,1.0
678,2025-04-21 03:30:00+00:00,1.1522064208984375,1.151410460472107,1,1.1513311386108398,0,1,1,1.1519410610198977,1.0
679,2025-04-21 03:45:00+00:00,1.1519410610198977,1.152339220046997,1,1.151463770866394,0,0,1,1.1506155729293823,1.0
680,2025-04-21 04:00:00+00:00,1.1506155729293823,1.151543140411377,-1,1.1514372825622559,0,0,1,1.151410460472107,1.0
681,2025-04-21 04:15:00+00:00,1.151410460472107,1.1508804559707642,-1,1.1515167951583862,1,0,1,1.1512778997421265,1.0
682,2025-04-21 04:30:00+00:00,1.1512778997421265,1.1516757011413574,-1,1.15149028301239,0,0,1,1.1520737409591677,1.0
683,2025-04-21 04:45:00+00:00,1.1520737409591677,1.1512778997421265,1,1.1514637470245364,0,0,1,1.152737736701965,1.0
684,2025-04-21 05:00:00+00:00,1.152737736701965,1.1522064208984375,1,1.1516230821609497,-1,1,1,1.1528706550598145,1.0
685,2025-04-21 05:15:00+00:00,1.1528706550598145,1.152737736701965,1,1.1520740985870361,-1,0,1,1.1538017988204956,1.0
686,2025-04-21 05:30:00+00:00,1.1538017988204956,1.1530035734176636,1,1.1525523662567139,-1,1,0,1.1536686420440674,1.0
687,2025-04-21 05:45:00+00:00,1.1536686420440674,1.1538017988204956,1,1.153030514717102,0,0,1,1.1519410610198977,1.0
688,2025-04-21 06:00:00+00:00,1.1519410610198977,1.1530035734176636,-1,1.153003978729248,0,0,1,1.151012897491455,1.0
689,2025-04-21 06:15:00+00:00,1.151012897491455,1.1520737409591677,-1,1.152659010887146,1,0,1,1.151543140411377,1.0
690,2025-04-21 06:30:00+00:00,1.151543140411377,1.1512778997421265,-1,1.1523935079574585,1,0,1,1.1519410610198977,1.0
691,2025-04-21 06:45:00+00:00,1.1519410610198977,1.151543140411377,-1,1.1520213603973388,0,0,1,1.1520737409591677,1.0
692,2025-04-21 07:00:00+00:00,1.1520737409591677,1.151543140411377,1,1.151702380180359,0,0,1,1.1531364917755127,1.0
693,2025-04-21 07:15:00+00:00,1.1531364917755127,1.1519410610198977,1,1.151941466331482,0,0,1,1.1542012691497805,1.0
694,2025-04-21 07:30:00+00:00,1.1542012691497805,1.1531364917755127,1,1.152579140663147,-1,1,0,1.1560693979263306,1.0
695,2025-04-21 07:45:00+00:00,1.1560693979263306,1.1542012691497805,1,1.1534843921661377,-1,1,1,1.1548677682876587,0.0
696,2025-04-21 08:00:00+00:00,1.1548677682876587,1.1558021306991575,1,1.15406973361969,-1,0,1,1.1548677682876587,0.0
697,2025-04-21 08:15:00+00:00,1.1548677682876587,1.1544678211212158,1,1.154628539085388,0,0,1,1.1559356451034546,0.0
698,2025-04-21 08:30:00+00:00,1.1559356451034546,1.1544678211212158,1,1.1551883697509766,0,0,1,1.156203031539917,0.0
699,2025-04-21 08:45:00+00:00,1.156203031539917,1.1559356451034546,1,1.155588722229004,-1,1,1,1.157139539718628,0.0
700,2025-04-21 09:00:00+00:00,1.157139539718628,1.1560693979263306,1,1.1558027505874633,0,1,1,1.156203031539917,0.0
701,2025-04-21 09:15:00+00:00,1.156203031539917,1.157273530960083,1,1.156069803237915,0,0,1,1.1560693979263306,0.0
702,2025-04-21 09:30:00+00:00,1.1560693979263306,1.1564704179763794,-1,1.1563101291656495,0,0,1,1.1551345586776731,0.0
703,2025-04-21 09:45:00+00:00,1.1551345586776731,1.156336784362793,-1,1.1561499118804932,0,0,1,1.1544678211212158,0.0
704,2025-04-21 10:00:00+00:00,1.1544678211212158,1.1547343730926514,-1,1.1558028697967528,1,0,1,1.1538017988204956,0.0
705,2025-04-21 10:15:00+00:00,1.1538017988204956,1.1546010971069336,-1,1.1551353216171265,1,0,1,1.1526048183441162,0.0
706,2025-04-21 10:30:00+00:00,1.1526048183441162,1.15340256690979,-1,1.1544156789779663,1,0,1,1.1526048183441162,0.0
707,2025-04-21 10:45:00+00:00,1.1526048183441162,1.152737736701965,-1,1.1537227630615234,1,0,1,1.1520737409591677,0.0
708,2025-04-21 11:00:00+00:00,1.1520737409591677,1.1528706550598145,-1,1.1531105995178224,0,0,1,1.1531364917755127,1.0
709,2025-04-21 11:15:00+00:00,1.1531364917755127,1.1519410610198977,1,1.1528443336486816,0,0,1,1.1546010971069336,0.0
710,2025-04-21 11:30:00+00:00,1.1546010971069336,1.15340256690979,1,1.1530041933059691,-1,0,1,1.1547343730926514,0.0
711,2025-04-21 11:45:00+00:00,1.1547343730926514,1.1546010971069336,1,1.1534301042556763,-1,1,1,1.154068112373352,0.0
712,2025-04-21 12:00:00+00:00,1.154068112373352,1.1547343730926514,1,1.1537227630615234,0,1,1,1.1535356044769287,0.0
713,2025-04-21 12:15:00+00:00,1.1535356044769287,1.154334545135498,-1,1.1540151357650756,0,0,1,1.15340256690979,0.0
714,2025-04-21 12:30:00+00:00,1.15340256690979,1.15340256690979,-1,1.1540683507919312,1,0,1,1.1544678211212158,0.0
715,2025-04-21 12:45:00+00:00,1.1544678211212158,1.1535356044769287,1,1.1540416955947876,0,0,1,1.1535356044769287,0.0
716,2025-04-21 13:00:00+00:00,1.1535356044769287,1.154334545135498,-1,1.153801941871643,0,0,1,1.151012897491455,0.0
717,2025-04-21 13:15:00+00:00,1.151012897491455,1.15340256690979,-1,1.1531908988952637,1,0,1,1.1519410610198977,0.0
718,2025-04-21 13:30:00+00:00,1.1519410610198977,1.151145339012146,-1,1.1528719902038576,1,0,1,1.1524720191955566,0.0
719,2025-04-21 13:45:00+00:00,1.1524720191955566,1.1520737409591677,-1,1.1526858806610107,0,0,1,1.151145339012146,0.0
720,2025-04-21 14:00:00+00:00,1.151145339012146,1.152339220046997,-1,1.1520213842391969,0,0,1,1.151410460472107,0.0
721,2025-04-21 14:15:00+00:00,1.151410460472107,1.151012897491455,-1,1.1515963554382325,1,0,1,1.1500862836837769,0.0
722,2025-04-21 14:30:00+00:00,1.1500862836837769,1.151410460472107,-1,1.1514110326766969,0,0,1,1.1500862836837769,1.0
723,2025-04-21 14:45:00+00:00,1.1500862836837769,1.1500862836837769,-1,1.1510400772094727,1,0,1,1.1486331224441528,1.0
724,2025-04-21 15:00:00+00:00,1.1486331224441528,1.1498217582702637,-1,1.150272297859192,0,0,1,1.150218486785889,1.0
725,2025-04-21 15:15:00+00:00,1.150218486785889,1.1486331224441528,1,1.1500869274139405,0,0,1,1.150483250617981,1.0
726,2025-04-21 15:30:00+00:00,1.150483250617981,1.1500862836837769,1,1.1499014854431153,0,0,1,1.151145339012146,1.0
727,2025-04-21 15:45:00+00:00,1.151145339012146,1.150483250617981,1,1.150113296508789,-1,0,1,1.151543140411377,1.0
728,2025-04-21 16:00:00+00:00,1.151543140411377,1.1508804559707642,1,1.1504046678543092,0,1,1,1.151145339012146,0.0
729,2025-04-21 16:15:00+00:00,1.151145339012146,1.151410460472107,1,1.1509071111679077,0,1,1,1.1506155729293823,1.0
730,2025-04-21 16:30:00+00:00,1.1506155729293823,1.151410460472107,-1,1.1509865283966065,0,0,1,1.1512778997421265,1.0
731,2025-04-21 16:45:00+00:00,1.1512778997421265,1.1508804559707642,1,1.1511454582214355,0,0,1,1.1499539613723757,1.0
732,2025-04-21 17:00:00+00:00,1.1499539613723757,1.151012897491455,-1,1.1509071826934814,0,0,1,1.1500862836837769,1.0
733,2025-04-21 17:15:00+00:00,1.1500862836837769,1.1498217582702637,-1,1.1506158113479614,1,0,1,1.1506155729293823,1.0
734,2025-04-21 17:30:00+00:00,1.1506155729293823,1.150218486785889,1,1.1505098581314086,0,0,1,1.1518083810806274,1.0
735,2025-04-21 17:45:00+00:00,1.1518083810806274,1.15035080909729,1,1.1507484197616578,-1,1,1,1.1520737409591677,1.0
736,2025-04-21 18:00:00+00:00,1.1520737409591677,1.1516757011413574,1,1.1509075880050659,-1,1,1,1.1520737409591677,0.0
737,2025-04-21 18:15:00+00:00,1.1520737409591677,1.1520737409591677,1,1.1513315439224245,-1,1,1,1.152339220046997,0.0
738,2025-04-21 18:30:00+00:00,1.152339220046997,1.1519410610198977,1,1.1517821311950684,0,1,1,1.1526048183441162,0.0
739,2025-04-21 18:45:00+00:00,1.1526048183441162,1.1522064208984375,1,1.1521799802780153,0,0,1,1.1524720191955566,0.0
740,2025-04-21 19:00:00+00:00,1.1524720191955566,1.1524720191955566,1,1.1523127079010012,0,1,1,1.1518083810806274,0.0
741,2025-04-21 19:15:00+00:00,1.1518083810806274,1.152339220046997,-1,1.152259635925293,0,0,1,1.1522064208984375,0.0
742,2025-04-21 19:30:00+00:00,1.1522064208984375,1.1516757011413574,-1,1.152286171913147,1,0,1,1.1516757011413574,0.0
743,2025-04-21 19:45:00+00:00,1.1516757011413574,1.1522064208984375,-1,1.1521534681320191,0,0,1,1.1512778997421265,0.0
744,2025-04-21 20:00:00+00:00,1.1512778997421265,1.1518083810806274,-1,1.151888084411621,0,0,1,1.151012897491455,1.0
745,2025-04-21 20:15:00+00:00,1.151012897491455,1.1512778997421265,-1,1.1515962600708007,1,0,1,1.1508804559707642,1.0
746,2025-04-21 20:30:00+00:00,1.1508804559707642,1.1508804559707642,-1,1.1514106750488282,1,0,1,1.151543140411377,1.0
747,2025-04-21 20:45:00+00:00,1.151543140411377,1.1508804559707642,1,1.151278018951416,0,0,1,1.151543140411377,0.0
748,2025-04-21 21:00:00+00:00,1.151543140411377,1.1524720191955566,1,1.1512515068054199,-1,1,1,1.1512778997421265,0.0
749,2025-04-21 21:15:00+00:00,1.1512778997421265,1.1512778997421265,1,1.1512515068054199,0,0,1,1.1512778997421265,0.0
750,2025-04-21 21:30:00+00:00,1.1512778997421265,1.1512778997421265,-1,1.151304507255554,0,0,1,1.151543140411377,0.0
751,2025-04-21 21:45:00+00:00,1.151543140411377,1.151543140411377,1,1.1514370441436768,0,0,1,1.152339220046997,0.0
752,2025-04-21 22:00:00+00:00,1.152339220046997,1.1516757011413574,1,1.1515962600708007,0,0,1,1.152737736701965,0.0
753,2025-04-21 22:15:00+00:00,1.152737736701965,1.152339220046997,1,1.1518351793289185,-1,1,1,1.152339220046997,0.0
754,2025-04-21 22:30:00+00:00,1.152339220046997,1.1526048183441162,1,1.1520474433898926,0,0,1,1.1526048183441162,0.0
755,2025-04-21 22:45:00+00:00,1.1526048183441162,1.1524720191955566,1,1.1523128271102905,0,0,1,1.1524720191955566,0.0
756,2025-04-21 23:00:00+00:00,1.1524720191955566,1.1526048183441162,-1,1.1524986028671265,0,0,1,1.1524720191955566,0.0
757,2025-04-21 23:15:00+00:00,1.1524720191955566,1.152339220046997,-1,1.1525251626968385,0,0,1,1.1519410610198977,0.0
758,2025-04-21 23:30:00+00:00,1.1519410610198977,1.152339220046997,-1,1.1523658275604247,0,0,1,1.151543140411377,0.0
759,2025-04-21 23:45:00+00:00,1.151543140411377,1.1516757011413574,-1,1.1522066116333007,1,0,1,1.150218486785889,1.0
760,2025-04-22 00:00:00+00:00,1.150218486785889,1.1512778997421265,-1,1.1517293453216553,1,0,1,1.1499539613723757,1.0
761,2025-04-22 00:15:00+00:00,1.1499539613723757,1.15035080909729,-1,1.151225733757019,1,0,1,1.1488970518112185,1.0
762,2025-04-22 00:30:00+00:00,1.1488970518112185,1.1498217582702637,-1,1.1505107402801513,1,0,1,1.1494252681732178,1.0
763,2025-04-22 00:45:00+00:00,1.1494252681732178,1.1491611003875732,-1,1.1500075817108155,1,0,1,1.1495574712753296,1.0
764,2025-04-22 01:00:00+00:00,1.1495574712753296,1.1494252681732178,-1,1.149610447883606,0,0,1,1.1492931842803955,1.0
765,2025-04-22 01:15:00+00:00,1.1492931842803955,1.1495574712753296,-1,1.1494253873825073,0,0,1,1.1495574712753296,1.0
766,2025-04-22 01:30:00+00:00,1.1495574712753296,1.1492931842803955,1,1.1493460893630982,0,0,1,1.1498217582702637,1.0
767,2025-04-22 01:45:00+00:00,1.1498217582702637,1.1494252681732178,1,1.1495310306549071,0,0,1,1.1507480144500732,1.0
768,2025-04-22 02:00:00+00:00,1.1507480144500732,1.1498217582702637,1,1.1497955799102784,0,1,1,1.1512778997421265,1.0
769,2025-04-22 02:15:00+00:00,1.1512778997421265,1.150483250617981,1,1.1501396656036378,-1,1,1,1.151410460472107,1.0
770,2025-04-22 02:30:00+00:00,1.151410460472107,1.151410460472107,1,1.15056312084198,-1,1,0,1.152339220046997,1.0
771,2025-04-22 02:45:00+00:00,1.152339220046997,1.1512778997421265,1,1.1511194705963135,0,1,1,1.1538017988204956,1.0
772,2025-04-22 03:00:00+00:00,1.1538017988204956,1.152339220046997,1,1.15191547870636,-1,1,0,1.1539349555969238,0.0
773,2025-04-22 03:15:00+00:00,1.1539349555969238,1.154068112373352,1,1.15255286693573,-1,0,1,1.1542012691497805,0.0
774,2025-04-22 03:30:00+00:00,1.1542012691497805,1.1538017988204956,1,1.1531375408172608,0,0,1,1.1539349555969238,0.0
775,2025-04-22 03:45:00+00:00,1.1539349555969238,1.1542012691497805,1,1.153642439842224,0,0,1,1.1539349555969238,0.0
776,2025-04-22 04:00:00+00:00,1.1539349555969238,1.1538017988204956,-1,1.1539615869522095,0,0,1,1.1542012691497805,0.0
777,2025-04-22 04:15:00+00:00,1.1542012691497805,1.1539349555969238,1,1.1540414810180664,0,0,1,1.1532695293426514,0.0
778,2025-04-22 04:30:00+00:00,1.1532695293426514,1.1539349555969238,-1,1.1539083957672118,0,0,1,1.15340256690979,0.0
779,2025-04-22 04:45:00+00:00,1.15340256690979,1.1531364917755127,-1,1.1537486553192138,1,0,1,1.1530035734176636,0.0
780,2025-04-22 05:00:00+00:00,1.1530035734176636,1.1532695293426514,-1,1.1535623788833618,0,0,1,1.155001163482666,0.0
781,2025-04-22 05:15:00+00:00,1.155001163482666,1.1532695293426514,1,1.1537756204605103,0,1,1,1.154068112373352,0.0
782,2025-04-22 05:30:00+00:00,1.154068112373352,1.1544678211212158,1,1.1537489891052246,0,0,1,1.1546010971069336,0.0
783,2025-04-22 05:45:00+00:00,1.1546010971069336,1.1542012691497805,1,1.154015302658081,0,0,1,1.1536686420440674,0.0
784,2025-04-22 06:00:00+00:00,1.1536686420440674,1.1547343730926514,-1,1.1540685176849366,0,0,1,1.1532695293426514,0.0
785,2025-04-22 06:15:00+00:00,1.1532695293426514,1.1538017988204956,-1,1.154121708869934,1,0,1,1.1512778997421265,0.0
786,2025-04-22 06:30:00+00:00,1.1512778997421265,1.1531364917755127,-1,1.1533770561218262,1,0,1,1.150218486785889,0.0
787,2025-04-22 06:45:00+00:00,1.150218486785889,1.151145339012146,-1,1.1526071310043335,1,0,1,1.1500862836837769,0.0
788,2025-04-22 07:00:00+00:00,1.1500862836837769,1.150483250617981,-1,1.1517041683197022,1,0,1,1.1506155729293823,0.0
789,2025-04-22 07:15:00+00:00,1.1506155729293823,1.150218486785889,-1,1.151093554496765,0,0,1,1.1488970518112185,0.0
790,2025-04-22 07:30:00+00:00,1.1488970518112185,1.1508804559707642,-1,1.1502190589904786,0,0,1,1.1507480144500732,1.0
791,2025-04-22 07:45:00+00:00,1.1507480144500732,1.1488970518112185,1,1.150113081932068,0,0,1,1.1506155729293823,0.0
792,2025-04-22 08:00:00+00:00,1.1506155729293823,1.151012897491455,1,1.1501924991607666,0,0,1,1.151145339012146,0.0
793,2025-04-22 08:15:00+00:00,1.151145339012146,1.1506155729293823,1,1.1504043102264405,0,1,1,1.1499539613723757,0.0
794,2025-04-22 08:30:00+00:00,1.1499539613723757,1.151410460472107,-1,1.1502719879150392,0,0,1,1.15035080909729,0.0
795,2025-04-22 08:45:00+00:00,1.15035080909729,1.1500862836837769,-1,1.1505627393722535,0,0,1,1.1506155729293823,0.0
796,2025-04-22 09:00:00+00:00,1.1506155729293823,1.1500862836837769,1,1.1505362510681152,0,0,1,1.1500862836837769,0.0
797,2025-04-22 09:15:00+00:00,1.1500862836837769,1.1508804559707642,-1,1.150430393218994,0,0,1,1.1507480144500732,0.0
798,2025-04-22 09:30:00+00:00,1.1507480144500732,1.150218486785889,1,1.1503509283065796,0,0,1,1.1495574712753296,0.0
799,2025-04-22 09:45:00+00:00,1.1495574712753296,1.1508804559707642,-1,1.1502716302871705,0,0,1,1.15035080909729,0.0
800,2025-04-22 10:00:00+00:00,1.15035080909729,1.1495574712753296,1,1.1502716302871705,0,0,1,1.1500862836837769,0.0
801,2025-04-22 10:15:00+00:00,1.1500862836837769,1.15035080909729,-1,1.1501657724380494,0,0,1,1.1499539613723757,0.0
802,2025-04-22 10:30:00+00:00,1.1499539613723757,1.1499539613723757,-1,1.1501393079757691,0,0,1,1.1492931842803955,0.0
803,2025-04-22 10:45:00+00:00,1.1492931842803955,1.1500862836837769,-1,1.1498483419418335,0,0,1,1.1495574712753296,0.0
804,2025-04-22 11:00:00+00:00,1.1495574712753296,1.1490291357040403,-1,1.1498483419418335,0,0,1,1.1490291357040403,0.0
805,2025-04-22 11:15:00+00:00,1.1490291357040403,1.1495574712753296,-1,1.1495840072631835,0,0,1,1.1496896743774414,0.0
806,2025-04-22 11:30:00+00:00,1.1496896743774414,1.1491611003875732,1,1.1495046854019164,0,0,1,1.1488970518112185,0.0
807,2025-04-22 11:45:00+00:00,1.1488970518112185,1.1496896743774414,-1,1.149293303489685,0,0,1,1.1486331224441528,0.0
808,2025-04-22 12:00:00+00:00,1.1486331224441528,1.1488970518112185,-1,1.1491612911224365,0,0,1,1.1471836566925049,0.0
809,2025-04-22 12:15:00+00:00,1.1471836566925049,1.1481056213378906,-1,1.1486865282058716,1,0,1,1.1475785970687866,0.0
810,2025-04-22 12:30:00+00:00,1.1475785970687866,1.1477103233337402,-1,1.1483964204788208,1,0,1,1.1475785970687866,0.0
811,2025-04-22 12:45:00+00:00,1.1475785970687866,1.147446870803833,-1,1.1479742050170898,0,0,1,1.1467890739440918,0.0
812,2025-04-22 13:00:00+00:00,1.1467890739440918,1.147315263748169,-1,1.1475526094436646,1,0,1,1.1469204425811768,0.0
813,2025-04-22 13:15:00+00:00,1.1469204425811768,1.1469204425811768,-1,1.1472100734710693,0,0,1,1.1469204425811768,0.0
814,2025-04-22 13:30:00+00:00,1.1469204425811768,1.1469204425811768,-1,1.1471574306488037,0,0,1,1.1479737758636477,0.0
815,2025-04-22 13:45:00+00:00,1.1479737758636477,1.147315263748169,1,1.1472364664077759,-1,1,1,1.1466574668884275,0.0
816,2025-04-22 14:00:00+00:00,1.1466574668884275,1.1475785970687866,-1,1.147052240371704,0,0,1,1.1469204425811768,0.0
817,2025-04-22 14:15:00+00:00,1.1469204425811768,1.1469204425811768,-1,1.147078514099121,0,0,1,1.1492931842803955,0.0
818,2025-04-22 14:30:00+00:00,1.1492931842803955,1.1469204425811768,1,1.147553062438965,0,1,1,1.1481056213378906,0.0
819,2025-04-22 14:45:00+00:00,1.1481056213378906,1.1490291357040403,1,1.1477900981903075,-1,0,1,1.148369312286377,0.0
820,2025-04-22 15:00:00+00:00,1.148369312286377,1.1481056213378906,1,1.1478692054748536,0,0,1,1.1482374668121338,0.0
821,2025-04-22 15:15:00+00:00,1.1482374668121338,1.148369312286377,1,1.1481852054595947,0,0,1,1.148369312286377,0.0
822,2025-04-22 15:30:00+00:00,1.148369312286377,1.1482374668121338,-1,1.1484749794006348,0,0,1,1.1467890739440918,0.0
823,2025-04-22 15:45:00+00:00,1.1467890739440918,1.148369312286377,-1,1.147974157333374,0,0,1,1.1462632417678833,0.0
824,2025-04-22 16:00:00+00:00,1.1462632417678833,1.1465259790420532,-1,1.1476056814193725,1,0,1,1.1454753875732422,0.0
825,2025-04-22 16:15:00+00:00,1.1454753875732422,1.1462632417678833,-1,1.1470268964767456,1,0,1,1.1449507474899292,0.0
826,2025-04-22 16:30:00+00:00,1.1449507474899292,1.1454753875732422,-1,1.1463695526123048,0,0,1,1.1437721252441406,0.0
827,2025-04-22 16:45:00+00:00,1.1437721252441406,1.1449507474899292,-1,1.1454501152038574,0,0,1,1.1437721252441406,0.0
828,2025-04-22 17:00:00+00:00,1.1437721252441406,1.1435105800628662,-1,1.1448467254638672,1,0,1,1.144819736480713,0.0
829,2025-04-22 17:15:00+00:00,1.144819736480713,1.1439030170440674,1,1.144558024406433,0,0,1,1.1436413526535034,0.0
830,2025-04-22 17:30:00+00:00,1.1436413526535034,1.144819736480713,-1,1.1441912174224853,0,0,1,1.1454753875732422,0.0
831,2025-04-22 17:45:00+00:00,1.1454753875732422,1.1437721252441406,1,1.144296145439148,0,1,1,1.1445575952529907,0.0
832,2025-04-22 18:00:00+00:00,1.1445575952529907,1.145213007926941,1,1.144453239440918,0,0,1,1.1439030170440674,0.0
833,2025-04-22 18:15:00+00:00,1.1439030170440674,1.1442956924438477,-1,1.1444794178009032,0,0,1,1.1432491540908811,0.0
834,2025-04-22 18:30:00+00:00,1.1432491540908811,1.1439030170440674,-1,1.144165301322937,0,0,1,1.142987847328186,0.0
835,2025-04-22 18:45:00+00:00,1.142987847328186,1.1432491540908811,-1,1.1440346002578736,1,0,1,1.1427265405654907,0.0
836,2025-04-22 19:00:00+00:00,1.1427265405654907,1.1428571939468384,-1,1.1434848308563232,0,0,1,1.1428571939468384,0.0
837,2025-04-22 19:15:00+00:00,1.1428571939468384,1.1425960063934326,-1,1.1431447505950927,0,0,1,1.143118381500244,0.0
838,2025-04-22 19:30:00+00:00,1.143118381500244,1.142987847328186,1,1.1429878234863282,0,0,1,1.1423349380493164,0.0
839,2025-04-22 19:45:00+00:00,1.1423349380493164,1.143118381500244,-1,1.1428049802780151,0,0,1,1.143118381500244,0.0
840,2025-04-22 20:00:00+00:00,1.143118381500244,1.1424654722213743,1,1.1428310871124265,0,0,1,1.1423349380493164,0.0
841,2025-04-22 20:15:00+00:00,1.1423349380493164,1.143118381500244,-1,1.1427527666091917,0,0,1,1.1422044038772583,0.0
842,2025-04-22 20:30:00+00:00,1.1422044038772583,1.1423349380493164,-1,1.1426222085952757,0,0,1,1.1424654722213743,0.0
843,2025-04-22 20:45:00+00:00,1.1424654722213743,1.1422044038772583,-1,1.142491626739502,0,0,1,1.1432491540908811,0.0
844,2025-04-22 21:00:00+00:00,1.1432491540908811,1.1427265405654907,1,1.1426744699478149,-1,0,1,1.1411616802215576,0.0
845,2025-04-22 21:15:00+00:00,1.1411616802215576,1.142987847328186,-1,1.1422831296920777,0,0,1,1.1385631561279297,0.0
846,2025-04-22 21:30:00+00:00,1.1385631561279297,1.141291856765747,-1,1.1415287733078003,1,0,1,1.1371389627456665,0.0
847,2025-04-22 21:45:00+00:00,1.1371389627456665,1.1383039951324463,-1,1.140515685081482,1,0,1,1.1362345218658447,1.0
848,2025-04-22 22:00:00+00:00,1.1362345218658447,1.1363636255264282,-1,1.1392694950103759,1,0,1,1.1319899559020996,1.0
849,2025-04-22 22:15:00+00:00,1.1319899559020996,1.1361054182052612,-1,1.1370176553726197,1,0,1,1.1336582899093628,1.0
850,2025-04-22 22:30:00+00:00,1.1336582899093628,1.13237464427948,-1,1.1355169773101808,1,0,1,1.1340440511703491,1.0
851,2025-04-22 22:45:00+00:00,1.1340440511703491,1.1340440511703491,-1,1.1346131563186646,0,0,1,1.1358473300933838,1.0
852,2025-04-22 23:00:00+00:00,1.1358473300933838,1.1343011856079102,1,1.134354829788208,-1,0,1,1.1352026462554932,1.0
853,2025-04-22 23:15:00+00:00,1.1352026462554932,1.1357183456420898,1,1.1341484546661378,-1,0,1,1.1364928483963013,1.0
854,2025-04-22 23:30:00+00:00,1.1364928483963013,1.1352026462554932,1,1.135049033164978,0,1,1,1.1353315114974976,1.0
855,2025-04-22 23:45:00+00:00,1.1353315114974976,1.1363636255264282,-1,1.135383677482605,0,0,1,1.1371389627456665,1.0
856,2025-04-23 00:00:00+00:00,1.1371389627456665,1.1354604959487915,1,1.1360026597976685,0,1,1,1.1375269889831543,1.0
857,2025-04-23 00:15:00+00:00,1.1375269889831543,1.1377859115600586,1,1.1363385915756226,-1,1,0,1.1384334564208984,1.0
858,2025-04-23 00:30:00+00:00,1.1384334564208984,1.1377859115600586,1,1.1369847536087037,-1,1,1,1.1398608684539795,1.0
859,2025-04-23 00:45:00+00:00,1.1398608684539795,1.1384334564208984,1,1.1376583576202393,-1,1,1,1.1390818357467651,0.0
860,2025-04-23 01:00:00+00:00,1.1390818357467651,1.1402509212493896,1,1.1384084224700928,-1,1,1,1.1396011114120483,1.0
861,2025-04-23 01:15:00+00:00,1.1396011114120483,1.1393414735794067,1,1.1389008522033692,0,0,1,1.1411616802215576,0.0
862,2025-04-23 01:30:00+00:00,1.1411616802215576,1.1396011114120483,1,1.13962779045105,0,1,1,1.1409013271331787,0.0
863,2025-04-23 01:45:00+00:00,1.1409013271331787,1.141291856765747,1,1.1401213645935058,-1,1,1,1.1402509212493896,0.0
864,2025-04-23 02:00:00+00:00,1.1402509212493896,1.141291856765747,1,1.1401993751525878,0,0,1,1.1399909257888794,0.0
865,2025-04-23 02:15:00+00:00,1.1399909257888794,1.140380859375,-1,1.1403811931610108,1,0,1,1.1401208639144895,0.0
866,2025-04-23 02:30:00+00:00,1.1401208639144895,1.1397310495376587,-1,1.1404851436614991,0,0,1,1.1406410932540894,0.0
867,2025-04-23 02:45:00+00:00,1.1406410932540894,1.140380859375,1,1.1403810262680054,0,0,1,1.1398608684539795,0.0
868,2025-04-23 03:00:00+00:00,1.1398608684539795,1.1407711505889893,-1,1.1401729345321656,0,0,1,1.1386927366256714,0.0
869,2025-04-23 03:15:00+00:00,1.1386927366256714,1.1398608684539795,-1,1.1398612976074218,1,0,1,1.1384334564208984,1.0
870,2025-04-23 03:30:00+00:00,1.1384334564208984,1.1386927366256714,-1,1.1395498037338256,1,0,1,1.1384334564208984,1.0
871,2025-04-23 03:45:00+00:00,1.1384334564208984,1.1384334564208984,-1,1.1392123222351074,0,0,1,1.1375269889831543,1.0
872,2025-04-23 04:00:00+00:00,1.1375269889831543,1.1383039951324463,-1,1.1385895013809204,0,0,1,1.1386927366256714,1.0
873,2025-04-23 04:15:00+00:00,1.1386927366256714,1.1376564502716064,1,1.1383558750152587,0,0,1,1.138952136039734,1.0
874,2025-04-23 04:30:00+00:00,1.138952136039734,1.1386927366256714,1,1.1384077548980713,-1,0,1,1.1393414735794067,1.0
875,2025-04-23 04:45:00+00:00,1.1393414735794067,1.139211654663086,1,1.138589358329773,-1,1,0,1.1397310495376587,1.0
876,2025-04-23 05:00:00+00:00,1.1397310495376587,1.138952136039734,1,1.138848876953125,0,1,1,1.139211654663086,1.0
877,2025-04-23 05:15:00+00:00,1.139211654663086,1.1397310495376587,1,1.1391858100891112,0,1,1,1.1384334564208984,1.0
878,2025-04-23 05:30:00+00:00,1.1384334564208984,1.1393414735794067,-1,1.1391339540481566,0,0,1,1.138044834136963,1.0
879,2025-04-23 05:45:00+00:00,1.138044834136963,1.1383039951324463,-1,1.1389524936676025,1,0,1,1.1396011114120483,1.0
880,2025-04-23 06:00:00+00:00,1.1396011114120483,1.138044834136963,1,1.1390044212341308,0,0,1,1.1388224363327026,1.0
881,2025-04-23 06:15:00+00:00,1.1388224363327026,1.1396011114120483,-1,1.1388226985931396,-1,0,1,1.1388224363327026,1.0
882,2025-04-23 06:30:00+00:00,1.1388224363327026,1.1386927366256714,1,1.138744854927063,0,0,1,1.1390818357467651,1.0
883,2025-04-23 06:45:00+00:00,1.1390818357467651,1.138952136039734,1,1.1388745307922363,0,0,1,1.1393414735794067,1.0
884,2025-04-23 07:00:00+00:00,1.1393414735794067,1.139211654663086,1,1.1391338586807251,0,0,1,1.1406410932540894,1.0
885,2025-04-23 07:15:00+00:00,1.1406410932540894,1.1393414735794067,1,1.1393418550491332,-1,1,1,1.1393414735794067,1.0
886,2025-04-23 07:30:00+00:00,1.1393414735794067,1.1411616802215576,-1,1.1394456624984741,0,1,1,1.1386927366256714,1.0
887,2025-04-23 07:45:00+00:00,1.1386927366256714,1.1398608684539795,-1,1.139419722557068,0,0,1,1.1384334564208984,1.0
888,2025-04-23 08:00:00+00:00,1.1384334564208984,1.1393414735794067,-1,1.1392900466918945,0,0,1,1.1397310495376587,1.0
889,2025-04-23 08:15:00+00:00,1.1397310495376587,1.1388224363327026,1,1.1393679618835448,0,0,1,1.1409013271331787,1.0
890,2025-04-23 08:30:00+00:00,1.1409013271331787,1.1397310495376587,1,1.1394200086593629,-1,0,1,1.1418131589889526,1.0
891,2025-04-23 08:45:00+00:00,1.1418131589889526,1.141291856765747,1,1.139914345741272,-1,1,1,1.1427265405654907,0.0
892,2025-04-23 09:00:00+00:00,1.1427265405654907,1.1416828632354736,1,1.1407211065292358,-1,1,1,1.1432491540908811,0.0
893,2025-04-23 09:15:00+00:00,1.1432491540908811,1.142987847328186,1,1.1416842460632324,-1,1,1,1.1435105800628662,0.0
894,2025-04-23 09:30:00+00:00,1.1435105800628662,1.1435105800628662,1,1.1424401521682739,-1,1,1,1.1423349380493164,0.0
895,2025-04-23 09:45:00+00:00,1.1423349380493164,1.143118381500244,-1,1.1427268743515016,0,0,1,1.1410315036773682,0.0
896,2025-04-23 10:00:00+00:00,1.1410315036773682,1.1419435739517212,-1,1.1425705432891846,1,0,1,1.1401208639144895,0.0
897,2025-04-23 10:15:00+00:00,1.1401208639144895,1.1409013271331787,-1,1.1420494079589842,1,0,1,1.1409013271331787,0.0
898,2025-04-23 10:30:00+00:00,1.1409013271331787,1.140380859375,-1,1.141579842567444,0,0,1,1.140380859375,0.0
899,2025-04-23 10:45:00+00:00,1.140380859375,1.1407711505889893,-1,1.1409538984298706,0,0,1,1.140380859375,0.0
900,2025-04-23 11:00:00+00:00,1.140380859375,1.1407711505889893,-1,1.1405630826950073,0,0,1,1.1397310495376587,0.0
901,2025-04-23 11:15:00+00:00,1.1397310495376587,1.1401208639144895,-1,1.1403029918670655,0,0,1,1.1418131589889526,0.0
902,2025-04-23 11:30:00+00:00,1.1418131589889526,1.1402509212493896,1,1.140641450881958,0,1,1,1.141291856765747,0.0
903,2025-04-23 11:45:00+00:00,1.141291856765747,1.141422152519226,1,1.1407195568084716,-1,1,1,1.1411616802215576,0.0
904,2025-04-23 12:00:00+00:00,1.1411616802215576,1.1418131589889526,1,1.1408757209777831,0,1,1,1.1409013271331787,0.0
905,2025-04-23 12:15:00+00:00,1.1409013271331787,1.1415525674819946,-1,1.140979814529419,0,0,1,1.1410315036773682,0.0
906,2025-04-23 12:30:00+00:00,1.1410315036773682,1.1411616802215576,-1,1.1412399053573608,0,0,1,1.1409013271331787,0.0
907,2025-04-23 12:45:00+00:00,1.1409013271331787,1.141291856765747,-1,1.141057538986206,0,0,1,1.1410315036773682,0.0
908,2025-04-23 13:00:00+00:00,1.1410315036773682,1.1410315036773682,1,1.1410054683685302,0,0,1,1.1402509212493896,0.0
909,2025-04-23 13:15:00+00:00,1.1402509212493896,1.1407711505889893,-1,1.1408233165740966,0,0,1,1.1399909257888794,0.0
910,2025-04-23 13:30:00+00:00,1.1399909257888794,1.1402509212493896,-1,1.1406412363052367,0,0,1,1.134429931640625,0.0
911,2025-04-23 13:45:00+00:00,1.134429931640625,1.1393414735794067,-1,1.1393209218978881,1,0,1,1.1371389627456665,1.0
912,2025-04-23 14:00:00+00:00,1.1371389627456665,1.133529782295227,-1,1.1385684490203858,1,0,1,1.1359764337539673,0.0
913,2025-04-23 14:15:00+00:00,1.1359764337539673,1.1376564502716064,-1,1.1375574350357056,0,0,1,1.1359764337539673,0.0
914,2025-04-23 14:30:00+00:00,1.1359764337539673,1.1363636255264282,-1,1.136702537536621,0,0,1,1.1353315114974976,0.0
915,2025-04-23 14:45:00+00:00,1.1353315114974976,1.1364928483963013,-1,1.1357706546783448,0,0,1,1.1357183456420898,0.0
916,2025-04-23 15:00:00+00:00,1.1357183456420898,1.1361054182052612,-1,1.1360283374786377,0,0,1,1.1381744146347046,0.0
917,2025-04-23 15:15:00+00:00,1.1381744146347046,1.135589361190796,1,1.1362354278564453,0,1,1,1.1373976469039917,0.0
918,2025-04-23 15:30:00+00:00,1.1373976469039917,1.138044834136963,1,1.1365196704864502,-1,0,1,1.1353315114974976,0.0
919,2025-04-23 15:45:00+00:00,1.1353315114974976,1.137268304824829,-1,1.1363906860351562,0,0,1,1.1359764337539673,0.0
920,2025-04-23 16:00:00+00:00,1.1359764337539673,1.1353315114974976,-1,1.1365196704864502,1,0,1,1.1353315114974976,0.0
921,2025-04-23 16:15:00+00:00,1.1353315114974976,1.1364928483963013,-1,1.1364423036575317,0,0,1,1.1354604959487915,0.0
922,2025-04-23 16:30:00+00:00,1.1354604959487915,1.1353315114974976,-1,1.1358995199203492,0,0,1,1.1340440511703491,0.0
923,2025-04-23 16:45:00+00:00,1.1340440511703491,1.1352026462554932,-1,1.1352288007736206,0,0,1,1.133529782295227,0.0
924,2025-04-23 17:00:00+00:00,1.133529782295227,1.1345586776733398,-1,1.1348684549331665,1,0,1,1.1334012746810913,0.0
925,2025-04-23 17:15:00+00:00,1.1334012746810913,1.1334012746810913,-1,1.1343534231185912,1,0,1,1.133529782295227,0.0
926,2025-04-23 17:30:00+00:00,1.133529782295227,1.133529782295227,-1,1.1339930772781373,0,0,1,1.1332728862762451,0.0
927,2025-04-23 17:45:00+00:00,1.1332728862762451,1.1334012746810913,-1,1.1335555553436278,0,0,1,1.133144497871399,0.0
928,2025-04-23 18:00:00+00:00,1.133144497871399,1.133144497871399,-1,1.133375644683838,1,0,1,1.1322463750839231,0.0
929,2025-04-23 18:15:00+00:00,1.1322463750839231,1.133144497871399,-1,1.1331189632415772,0,0,1,1.1321182250976562,1.0
930,2025-04-23 18:30:00+00:00,1.1321182250976562,1.1321182250976562,-1,1.13286235332489,1,0,1,1.1326310634613037,1.0
931,2025-04-23 18:45:00+00:00,1.1326310634613037,1.1321182250976562,-1,1.1326826095581055,0,0,1,1.13275945186615,1.0
932,2025-04-23 19:00:00+00:00,1.13275945186615,1.132502794265747,1,1.1325799226760864,0,0,1,1.1334012746810913,1.0
933,2025-04-23 19:15:00+00:00,1.1334012746810913,1.1330161094665527,1,1.132631278038025,0,1,1,1.13275945186615,0.0
934,2025-04-23 19:30:00+00:00,1.13275945186615,1.1334012746810913,1,1.1327338933944702,0,0,1,1.1330161094665527,1.0
935,2025-04-23 19:45:00+00:00,1.1330161094665527,1.1330161094665527,1,1.1329134702682495,0,0,1,1.1326310634613037,1.0
936,2025-04-23 20:00:00+00:00,1.1326310634613037,1.13275945186615,-1,1.1329134702682495,0,0,1,1.1316057443618774,1.0
937,2025-04-23 20:15:00+00:00,1.1316057443618774,1.1326310634613037,-1,1.132682728767395,0,0,1,1.131733775138855,1.0
938,2025-04-23 20:30:00+00:00,1.131733775138855,1.1316057443618774,-1,1.1323492288589478,1,0,1,1.131861925125122,1.0
939,2025-04-23 20:45:00+00:00,1.131861925125122,1.1316057443618774,-1,1.1321697235107422,0,0,1,1.13237464427948,1.0
940,2025-04-23 21:00:00+00:00,1.13237464427948,1.1310937404632568,1,1.1320414304733277,0,0,1,1.1319899559020996,1.0
941,2025-04-23 21:15:00+00:00,1.1319899559020996,1.132502794265747,1,1.1319132089614867,0,0,1,1.1319899559020996,1.0
942,2025-04-23 21:30:00+00:00,1.1319899559020996,1.1322463750839231,-1,1.1319900512695313,0,0,1,1.1326310634613037,1.0
943,2025-04-23 21:45:00+00:00,1.1326310634613037,1.1321182250976562,1,1.132169508934021,0,0,1,1.1341726779937744,1.0
944,2025-04-23 22:00:00+00:00,1.1341726779937744,1.1328877210617063,1,1.1326316595077515,-1,1,0,1.1343011856079102,1.0
945,2025-04-23 22:15:00+00:00,1.1343011856079102,1.1339154243469238,1,1.1330169677734374,-1,1,1,1.1343011856079102,1.0
946,2025-04-23 22:30:00+00:00,1.1343011856079102,1.1340440511703491,1,1.1334792137145997,0,0,1,1.1336582899093628,1.0
947,2025-04-23 22:45:00+00:00,1.1336582899093628,1.1341726779937744,-1,1.1338128805160523,0,0,1,1.1336582899093628,1.0
948,2025-04-23 23:00:00+00:00,1.1336582899093628,1.1336582899093628,-1,1.134018325805664,0,0,1,1.1332728862762451,1.0
949,2025-04-23 23:15:00+00:00,1.1332728862762451,1.1336582899093628,-1,1.1338383674621582,0,0,1,1.1336582899093628,1.0
950,2025-04-23 23:30:00+00:00,1.1336582899093628,1.133529782295227,-1,1.1337097883224487,0,0,1,1.1332728862762451,1.0
951,2025-04-23 23:45:00+00:00,1.1332728862762451,1.1337867975234983,-1,1.1335041284561158,0,0,1,1.133144497871399,1.0
952,2025-04-24 00:00:00+00:00,1.133144497871399,1.1328877210617063,-1,1.133401370048523,1,0,1,1.1343011856079102,1.0
953,2025-04-24 00:15:00+00:00,1.1343011856079102,1.13275945186615,1,1.1335299491882325,0,1,1,1.133529782295227,1.0
954,2025-04-24 00:30:00+00:00,1.133529782295227,1.1343011856079102,-1,1.1335813283920289,-1,0,1,1.1348161697387695,1.0
955,2025-04-24 00:45:00+00:00,1.1348161697387695,1.1334012746810913,1,1.1338129043579102,0,1,1,1.1348161697387695,0.0
956,2025-04-24 01:00:00+00:00,1.1348161697387695,1.1352026462554932,1,1.134121561050415,-1,1,1,1.1358473300933838,0.0
957,2025-04-24 01:15:00+00:00,1.1358473300933838,1.1348161697387695,1,1.134662127494812,0,1,1,1.1357183456420898,0.0
958,2025-04-24 01:30:00+00:00,1.1357183456420898,1.1358473300933838,1,1.134945559501648,0,1,1,1.1354604959487915,0.0
959,2025-04-24 01:45:00+00:00,1.1354604959487915,1.1357183456420898,1,1.1353317022323608,0,0,1,1.1357183456420898,0.0
960,2025-04-24 02:00:00+00:00,1.1357183456420898,1.1352026462554932,1,1.1355121374130248,0,0,1,1.135589361190796,0.0
961,2025-04-24 02:15:00+00:00,1.135589361190796,1.1357183456420898,-1,1.1356667757034302,0,0,1,1.1354604959487915,0.0
962,2025-04-24 02:30:00+00:00,1.1354604959487915,1.135589361190796,-1,1.1355894088745118,0,0,1,1.1359764337539673,0.0
963,2025-04-24 02:45:00+00:00,1.1359764337539673,1.135589361190796,1,1.1356410264968873,0,0,1,1.1348161697387695,0.0
964,2025-04-24 03:00:00+00:00,1.1348161697387695,1.1357183456420898,-1,1.1355121612548829,0,0,1,1.1348161697387695,1.0
965,2025-04-24 03:15:00+00:00,1.1348161697387695,1.1349449157714844,-1,1.1353317260742188,1,0,1,1.1343011856079102,1.0
966,2025-04-24 03:30:00+00:00,1.1343011856079102,1.1348161697387695,-1,1.1350740909576416,0,0,1,1.1343011856079102,1.0
967,2025-04-24 03:45:00+00:00,1.1343011856079102,1.1341726779937744,-1,1.1348422288894653,0,0,1,1.1343011856079102,1.0
968,2025-04-24 04:00:00+00:00,1.1343011856079102,1.1341726779937744,-1,1.134507179260254,0,0,1,1.1340440511703491,1.0
969,2025-04-24 04:15:00+00:00,1.1340440511703491,1.1343011856079102,-1,1.1343527555465698,0,0,1,1.1337867975234983,1.0
970,2025-04-24 04:30:00+00:00,1.1337867975234983,1.1343011856079102,-1,1.1341468811035156,0,0,1,1.1343011856079102,1.0
971,2025-04-24 04:45:00+00:00,1.1343011856079102,1.1337867975234983,1,1.1341468811035156,0,0,1,1.1337867975234983,1.0
972,2025-04-24 05:00:00+00:00,1.1337867975234983,1.1343011856079102,-1,1.1340440034866333,0,0,1,1.134687423706055,1.0
973,2025-04-24 05:15:00+00:00,1.134687423706055,1.1339154243469238,1,1.1341212511062622,0,1,1,1.1337867975234983,1.0
974,2025-04-24 05:30:00+00:00,1.1337867975234983,1.134429931640625,-1,1.134069800376892,0,1,1,1.1339154243469238,1.0
975,2025-04-24 05:45:00+00:00,1.1339154243469238,1.1337867975234983,-1,1.1340955257415772,0,0,1,1.1353315114974976,1.0
976,2025-04-24 06:00:00+00:00,1.1353315114974976,1.1340440511703491,1,1.1343015909194947,0,1,1,1.1353315114974976,1.0
977,2025-04-24 06:15:00+00:00,1.1353315114974976,1.1350737810134888,1,1.1346105337142944,-1,1,1,1.1352026462554932,1.0
978,2025-04-24 06:30:00+00:00,1.1352026462554932,1.1353315114974976,1,1.1347135782241822,0,1,1,1.1357183456420898,1.0
979,2025-04-24 06:45:00+00:00,1.1357183456420898,1.1354604959487915,1,1.1350998878479004,0,0,1,1.1367511749267578,1.0
980,2025-04-24 07:00:00+00:00,1.1367511749267578,1.1358473300933838,1,1.1356670379638671,-1,1,0,1.1376564502716064,1.0
981,2025-04-24 07:15:00+00:00,1.1376564502716064,1.1367511749267578,1,1.1361320257186889,-1,1,0,1.1376564502716064,1.0
982,2025-04-24 07:30:00+00:00,1.1376564502716064,1.1376564502716064,1,1.1365970134735108,-1,1,1,1.1383039951324463,1.0
983,2025-04-24 07:45:00+00:00,1.1383039951324463,1.1375269889831543,1,1.1372172832489014,0,1,1,1.1386927366256714,1.0
984,2025-04-24 08:00:00+00:00,1.1386927366256714,1.1386927366256714,1,1.1378121614456176,-1,1,0,1.138044834136963,0.0
985,2025-04-24 08:15:00+00:00,1.138044834136963,1.1386927366256714,-1,1.1380708932876586,0,0,1,1.1379153728485107,1.0
986,2025-04-24 08:30:00+00:00,1.1379153728485107,1.1381744146347046,-1,1.1381226778030396,0,0,1,1.1385631561279297,1.0
987,2025-04-24 08:45:00+00:00,1.1385631561279297,1.1376564502716064,1,1.138304018974304,0,0,1,1.138952136039734,0.0
988,2025-04-24 09:00:00+00:00,1.138952136039734,1.1383039951324463,1,1.1384336471557617,0,0,1,1.1388224363327026,0.0
989,2025-04-24 09:15:00+00:00,1.1388224363327026,1.1385631561279297,1,1.1384595870971679,0,0,1,1.1381744146347046,0.0
990,2025-04-24 09:30:00+00:00,1.1381744146347046,1.1386927366256714,-1,1.1384855031967163,0,0,1,1.1388224363327026,1.0
991,2025-04-24 09:45:00+00:00,1.1388224363327026,1.138044834136963,1,1.1386669158935547,0,0,1,1.1394712924957275,0.0
992,2025-04-24 10:00:00+00:00,1.1394712924957275,1.1386927366256714,1,1.1388485431671143,0,1,1,1.1390818357467651,0.0
993,2025-04-24 10:15:00+00:00,1.1390818357467651,1.1394712924957275,1,1.1388744831085205,-1,0,1,1.1386927366256714,0.0
994,2025-04-24 10:30:00+00:00,1.1386927366256714,1.1390818357467651,-1,1.1388485431671143,0,0,1,1.1383039951324463,0.0
995,2025-04-24 10:45:00+00:00,1.1383039951324463,1.1386927366256714,-1,1.1388744592666626,0,0,1,1.1390818357467651,0.0
996,2025-04-24 11:00:00+00:00,1.1390818357467651,1.1383039951324463,1,1.138926339149475,0,0,1,1.1393414735794067,0.0
997,2025-04-24 11:15:00+00:00,1.1393414735794067,1.1390818357467651,1,1.138900375366211,0,0,1,1.1388224363327026,0.0
998,2025-04-24 11:30:00+00:00,1.1388224363327026,1.1390818357467651,-1,1.1388484954833984,0,0,1,1.1375269889831543,0.0
999,2025-04-24 11:45:00+00:00,1.1375269889831543,1.1384334564208984,-1,1.138615345954895,1,0,1,1.1376564502716064,0.0
1000,2025-04-24 12:00:00+00:00,1.1376564502716064,1.1376564502716064,-1,1.138485836982727,1,0,1,1.1370097398757937,0.0
1001,2025-04-24 12:15:00+00:00,1.1370097398757937,1.1371389627456665,-1,1.1380714178085327,1,0,1,1.1370097398757937,1.0
1002,2025-04-24 12:30:00+00:00,1.1370097398757937,1.1367511749267578,-1,1.13760507106781,1,0,1,1.138044834136963,1.0
1003,2025-04-24 12:45:00+00:00,1.138044834136963,1.1371389627456665,1,1.1374495506286622,0,0,1,1.138044834136963,0.0
1004,2025-04-24 13:00:00+00:00,1.138044834136963,1.138044834136963,1,1.1375531196594237,-1,0,1,1.1376564502716064,0.0
1005,2025-04-24 13:15:00+00:00,1.1376564502716064,1.138044834136963,1,1.1375531196594237,0,0,1,1.137268304824829,0.0
1006,2025-04-24 13:30:00+00:00,1.137268304824829,1.138044834136963,-1,1.137604832649231,0,0,1,1.138044834136963,1.0
1007,2025-04-24 13:45:00+00:00,1.138044834136963,1.1376564502716064,1,1.1378118515014648,0,0,1,1.1386927366256714,0.0
1008,2025-04-24 14:00:00+00:00,1.1386927366256714,1.1379153728485107,1,1.1379414319992065,0,1,1,1.1384334564208984,0.0
1009,2025-04-24 14:15:00+00:00,1.1384334564208984,1.1385631561279297,1,1.1380191564559936,0,1,1,1.1385631561279297,0.0
1010,2025-04-24 14:30:00+00:00,1.1385631561279297,1.1383039951324463,1,1.1382004976272584,0,0,1,1.1375269889831543,0.0
1011,2025-04-24 14:45:00+00:00,1.1375269889831543,1.138952136039734,-1,1.1382522344589234,0,1,1,1.137268304824829,1.0
1012,2025-04-24 15:00:00+00:00,1.137268304824829,1.1373976469039917,-1,1.1380969285964966,1,0,1,1.1362345218658447,1.0
1013,2025-04-24 15:15:00+00:00,1.1362345218658447,1.1371389627456665,-1,1.1376052856445313,0,0,1,1.1353315114974976,1.0
1014,2025-04-24 15:30:00+00:00,1.1353315114974976,1.1363636255264282,-1,1.136984896659851,1,0,1,1.1364928483963013,1.0
1015,2025-04-24 15:45:00+00:00,1.1364928483963013,1.135589361190796,-1,1.1365708351135253,0,0,1,1.1370097398757937,1.0
1016,2025-04-24 16:00:00+00:00,1.1370097398757937,1.1364928483963013,1,1.1364673852920533,0,0,1,1.137268304824829,1.0
1017,2025-04-24 16:15:00+00:00,1.137268304824829,1.1367511749267578,1,1.1364673852920533,-1,0,1,1.1376564502716064,1.0
1018,2025-04-24 16:30:00+00:00,1.1376564502716064,1.137268304824829,1,1.1367517709732056,0,1,1,1.1381744146347046,1.0
1019,2025-04-24 16:45:00+00:00,1.1381744146347046,1.1376564502716064,1,1.137320351600647,-1,1,0,1.1377859115600586,1.0
1020,2025-04-24 17:00:00+00:00,1.1377859115600586,1.1385631561279297,1,1.1375789642333984,0,1,1,1.1375269889831543,1.0
1021,2025-04-24 17:15:00+00:00,1.1375269889831543,1.1376564502716064,-1,1.1376824140548707,0,0,1,1.1373976469039917,1.0
1022,2025-04-24 17:30:00+00:00,1.1373976469039917,1.1376564502716064,-1,1.1377082824707032,0,0,1,1.1371389627456665,1.0
1023,2025-04-24 17:45:00+00:00,1.1371389627456665,1.1373976469039917,-1,1.137604784965515,0,0,1,1.1375269889831543,1.0
1024,2025-04-24 18:00:00+00:00,1.1375269889831543,1.1370097398757937,1,1.1374752998352051,0,0,1,1.1368803977966309,1.0
1025,2025-04-24 18:15:00+00:00,1.1368803977966309,1.1375269889831543,-1,1.1372941970825194,0,0,1,1.1376564502716064,1.0
1026,2025-04-24 18:30:00+00:00,1.1376564502716064,1.1368803977966309,1,1.13732008934021,0,0,1,1.1381744146347046,1.0
1027,2025-04-24 18:45:00+00:00,1.1381744146347046,1.1375269889831543,1,1.1374754428863525,0,1,1,1.1384334564208984,1.0
1028,2025-04-24 19:00:00+00:00,1.1384334564208984,1.1381744146347046,1,1.137734341621399,-1,1,0,1.1393414735794067,1.0
1029,2025-04-24 19:15:00+00:00,1.1393414735794067,1.1384334564208984,1,1.1380972385406494,-1,1,1,1.1398608684539795,0.0
1030,2025-04-24 19:30:00+00:00,1.1398608684539795,1.1393414735794067,1,1.1386933326721191,-1,1,0,1.1388224363327026,0.0
1031,2025-04-24 19:45:00+00:00,1.1388224363327026,1.1398608684539795,-1,1.1389265298843383,0,0,1,1.1390818357467651,0.0
1032,2025-04-24 20:00:00+00:00,1.1390818357467651,1.1386927366256714,-1,1.1391080141067504,0,0,1,1.1396011114120483,0.0
1033,2025-04-24 20:15:00+00:00,1.1396011114120483,1.1390818357467651,1,1.1393415451049804,0,0,1,1.1399909257888794,0.0
1034,2025-04-24 20:30:00+00:00,1.1399909257888794,1.1396011114120483,1,1.139471435546875,-1,0,1,1.139211654663086,0.0
1035,2025-04-24 20:45:00+00:00,1.139211654663086,1.1399909257888794,-1,1.1393415927886963,0,1,1,1.1390818357467651,0.0
1036,2025-04-24 21:00:00+00:00,1.1390818357467651,1.1393414735794067,-1,1.1393934726715087,1,0,1,1.1396011114120483,0.0
1037,2025-04-24 21:15:00+00:00,1.1396011114120483,1.139211654663086,1,1.1394973278045655,0,0,1,1.1390818357467651,0.0
1038,2025-04-24 21:30:00+00:00,1.1390818357467651,1.1396011114120483,-1,1.1393934726715087,0,0,1,1.1390818357467651,0.0
1039,2025-04-24 21:45:00+00:00,1.1390818357467651,1.139211654663086,-1,1.139211654663086,0,0,1,1.1390818357467651,0.0
1040,2025-04-24 22:00:00+00:00,1.1390818357467651,1.139211654663086,-1,1.1391856908798217,0,0,1,1.1388224363327026,0.0
1041,2025-04-24 22:15:00+00:00,1.1388224363327026,1.138952136039734,-1,1.1391338109970093,1,0,1,1.139211654663086,0.0
1042,2025-04-24 22:30:00+00:00,1.139211654663086,1.138952136039734,1,1.1390559196472168,0,0,1,1.139211654663086,0.0
1043,2025-04-24 22:45:00+00:00,1.139211654663086,1.139211654663086,1,1.139081883430481,0,0,1,1.1385631561279297,0.0
1044,2025-04-24 23:00:00+00:00,1.1385631561279297,1.138952136039734,-1,1.1389781475067138,0,0,1,1.1377859115600586,0.0
1045,2025-04-24 23:15:00+00:00,1.1377859115600586,1.1385631561279297,-1,1.1387189626693726,1,0,1,1.1376564502716064,0.0
1046,2025-04-24 23:30:00+00:00,1.1376564502716064,1.1379153728485107,-1,1.1384857654571534,1,0,1,1.1375269889831543,0.0
1047,2025-04-24 23:45:00+00:00,1.1375269889831543,1.1377859115600586,-1,1.138148832321167,0,0,1,1.1366219520568848,0.0
1048,2025-04-25 00:00:00+00:00,1.1366219520568848,1.1373976469039917,-1,1.1376308917999267,1,0,1,1.1361054182052612,0.0
1049,2025-04-25 00:15:00+00:00,1.1361054182052612,1.1366219520568848,-1,1.137139344215393,1,0,1,1.1354604959487915,0.0
1050,2025-04-25 00:30:00+00:00,1.1354604959487915,1.1359764337539673,-1,1.1366742610931397,1,0,1,1.1350737810134888,0.0
1051,2025-04-25 00:45:00+00:00,1.1350737810134888,1.1357183456420898,-1,1.1361577272415162,0,0,1,1.1354604959487915,0.0
1052,2025-04-25 01:00:00+00:00,1.1354604959487915,1.1349449157714844,-1,1.1357444286346436,0,0,1,1.1354604959487915,0.0
1053,2025-04-25 01:15:00+00:00,1.1354604959487915,1.1354604959487915,-1,1.1355121374130248,0,0,1,1.1353315114974976,0.0
1054,2025-04-25 01:30:00+00:00,1.1353315114974976,1.1354604959487915,-1,1.1353573560714723,0,0,1,1.1348161697387695,0.0
1055,2025-04-25 01:45:00+00:00,1.1348161697387695,1.1354604959487915,-1,1.1352284908294679,0,0,1,1.1350737810134888,0.0
1056,2025-04-25 02:00:00+00:00,1.1350737810134888,1.134687423706055,-1,1.1352284908294679,0,0,1,1.1350737810134888,0.0
1057,2025-04-25 02:15:00+00:00,1.1350737810134888,1.1352026462554932,-1,1.1351511478424072,0,0,1,1.1348161697387695,0.0
1058,2025-04-25 02:30:00+00:00,1.1348161697387695,1.1352026462554932,-1,1.1350222826004028,0,0,1,1.1352026462554932,0.0
1059,2025-04-25 02:45:00+00:00,1.1352026462554932,1.134687423706055,1,1.134996509552002,0,0,1,1.1352026462554932,0.0
1060,2025-04-25 03:00:00+00:00,1.1352026462554932,1.1353315114974976,1,1.1350738048553466,0,0,1,1.1350737810134888,0.0
1061,2025-04-25 03:15:00+00:00,1.1350737810134888,1.1352026462554932,-1,1.1350738048553466,0,1,1,1.1334012746810913,0.0
1062,2025-04-25 03:30:00+00:00,1.1334012746810913,1.1349449157714844,-1,1.134739303588867,1,0,1,1.1330161094665527,1.0
1063,2025-04-25 03:45:00+00:00,1.1330161094665527,1.133529782295227,-1,1.1343792915344237,1,0,1,1.1328877210617063,1.0
1064,2025-04-25 04:00:00+00:00,1.1328877210617063,1.132502794265747,-1,1.1339163064956665,1,0,1,1.133529782295227,1.0
1065,2025-04-25 04:15:00+00:00,1.133529782295227,1.1330161094665527,-1,1.1335817337036134,0,0,1,1.1334012746810913,1.0
1066,2025-04-25 04:30:00+00:00,1.1334012746810913,1.1334012746810913,1,1.1332472324371339,-1,0,1,1.1337867975234983,1.0
1067,2025-04-25 04:45:00+00:00,1.1337867975234983,1.1336582899093628,1,1.1333243370056152,0,0,1,1.1343011856079102,1.0
1068,2025-04-25 05:00:00+00:00,1.1343011856079102,1.1339154243469238,1,1.1335813522338867,-1,1,0,1.1341726779937744,1.0
1069,2025-04-25 05:15:00+00:00,1.1341726779937744,1.1341726779937744,1,1.1338383436203003,0,1,1,1.1339154243469238,1.0
1070,2025-04-25 05:30:00+00:00,1.1339154243469238,1.1339154243469238,-1,1.1339154720306397,0,0,1,1.1334012746810913,1.0
1071,2025-04-25 05:45:00+00:00,1.1334012746810913,1.1337867975234983,-1,1.1339154720306397,1,0,1,1.133144497871399,1.0
1072,2025-04-25 06:00:00+00:00,1.133144497871399,1.1334012746810913,-1,1.1337870121002198,1,0,1,1.134429931640625,1.0
1073,2025-04-25 06:15:00+00:00,1.134429931640625,1.133144497871399,1,1.1338127613067628,0,0,1,1.1350737810134888,1.0
1074,2025-04-25 06:30:00+00:00,1.1350737810134888,1.1345586776733398,1,1.1339929819107055,-1,1,0,1.134687423706055,1.0
1075,2025-04-25 06:45:00+00:00,1.134687423706055,1.1350737810134888,1,1.1341473817825318,-1,0,1,1.1362345218658447,1.0
1076,2025-04-25 07:00:00+00:00,1.1362345218658447,1.1348161697387695,1,1.1347140312194823,0,1,1,1.1362345218658447,0.0
1077,2025-04-25 07:15:00+00:00,1.1362345218658447,1.1366219520568848,1,1.1353320360183716,-1,1,1,1.1368803977966309,0.0
1078,2025-04-25 07:30:00+00:00,1.1368803977966309,1.1361054182052612,1,1.1358221292495727,0,1,1,1.1363636255264282,0.0
1079,2025-04-25 07:45:00+00:00,1.1363636255264282,1.1367511749267578,1,1.1360800981521606,0,0,1,1.1358473300933838,0.0
1080,2025-04-25 08:00:00+00:00,1.1358473300933838,1.1361054182052612,-1,1.1363120794296264,0,0,1,1.1353315114974976,0.0
1081,2025-04-25 08:15:00+00:00,1.1353315114974976,1.1358473300933838,-1,1.136131477355957,1,0,1,1.1354604959487915,1.0
1082,2025-04-25 08:30:00+00:00,1.1354604959487915,1.1352026462554932,-1,1.1359766721725464,0,0,1,1.1354604959487915,1.0
1083,2025-04-25 08:45:00+00:00,1.1354604959487915,1.1350737810134888,-1,1.1356926918029786,0,0,1,1.1361054182052612,1.0
1084,2025-04-25 09:00:00+00:00,1.1361054182052612,1.1357183456420898,1,1.135641050338745,0,0,1,1.135589361190796,0.0
1085,2025-04-25 09:15:00+00:00,1.135589361190796,1.1362345218658447,-1,1.1355894565582276,-1,0,1,1.1358473300933838,1.0
1086,2025-04-25 09:30:00+00:00,1.1358473300933838,1.1358473300933838,1,1.1356926202774047,0,0,1,1.1349449157714844,0.0
1087,2025-04-25 09:45:00+00:00,1.1349449157714844,1.1361054182052612,-1,1.1355895042419433,0,0,1,1.1353315114974976,1.0
1088,2025-04-25 10:00:00+00:00,1.1353315114974976,1.1354604959487915,-1,1.1355637073516847,0,0,1,1.134687423706055,1.0
1089,2025-04-25 10:15:00+00:00,1.134687423706055,1.1350737810134888,-1,1.1352801084518434,0,0,1,1.1359764337539673,1.0
1090,2025-04-25 10:30:00+00:00,1.1359764337539673,1.1348161697387695,1,1.1353575229644775,0,0,1,1.1359764337539673,1.0
1091,2025-04-25 10:45:00+00:00,1.1359764337539673,1.1359764337539673,1,1.1353833436965943,-1,1,1,1.1361054182052612,1.0
1092,2025-04-25 11:00:00+00:00,1.1361054182052612,1.1358473300933838,1,1.1356154441833497,0,0,1,1.1370097398757937,1.0
1093,2025-04-25 11:15:00+00:00,1.1370097398757937,1.1359764337539673,1,1.135951089859009,0,1,1,1.1366219520568848,0.0
1094,2025-04-25 11:30:00+00:00,1.1366219520568848,1.1364928483963013,1,1.1363379955291748,-1,0,1,1.1353315114974976,0.0
1095,2025-04-25 11:45:00+00:00,1.1353315114974976,1.1366219520568848,-1,1.1362090110778809,0,0,1,1.1359764337539673,1.0
1096,2025-04-25 12:00:00+00:00,1.1359764337539673,1.1354604959487915,-1,1.1362090110778809,1,0,1,1.1357183456420898,1.0
1097,2025-04-25 12:15:00+00:00,1.1357183456420898,1.1361054182052612,-1,1.1361315965652465,0,0,1,1.1359764337539673,1.0
1098,2025-04-25 12:30:00+00:00,1.1359764337539673,1.1357183456420898,1,1.1359249353408813,0,0,1,1.1354604959487915,1.0
1099,2025-04-25 12:45:00+00:00,1.1354604959487915,1.1361054182052612,-1,1.1356926441192627,0,0,1,1.1350737810134888,1.0
1100,2025-04-25 13:00:00+00:00,1.1350737810134888,1.135589361190796,-1,1.135641098022461,0,0,1,1.134429931640625,1.0
1101,2025-04-25 13:15:00+00:00,1.134429931640625,1.1350737810134888,-1,1.1353317975997925,0,0,1,1.134429931640625,1.0
1102,2025-04-25 13:30:00+00:00,1.134429931640625,1.1339154243469238,-1,1.1350741147994996,1,0,1,1.1357183456420898,1.0
1103,2025-04-25 13:45:00+00:00,1.1357183456420898,1.1345586776733398,1,1.1350224971771241,0,0,1,1.1368803977966309,1.0
1104,2025-04-25 14:00:00+00:00,1.1368803977966309,1.1357183456420898,1,1.135306477546692,-1,1,1,1.137268304824829,1.0
1105,2025-04-25 14:15:00+00:00,1.137268304824829,1.1367511749267578,1,1.13574538230896,-1,1,1,1.1373976469039917,1.0
1106,2025-04-25 14:30:00+00:00,1.1373976469039917,1.1371389627456665,1,1.1363389253616334,0,1,1,1.1371389627456665,1.0
1107,2025-04-25 14:45:00+00:00,1.1371389627456665,1.1376564502716064,1,1.1368807315826417,0,0,1,1.1363636255264282,1.0
1108,2025-04-25 15:00:00+00:00,1.1363636255264282,1.1371389627456665,-1,1.1370097875595093,0,0,1,1.1370097398757937,1.0
1109,2025-04-25 15:15:00+00:00,1.1370097398757937,1.1367511749267578,-1,1.1370356559753418,1,0,1,1.1375269889831543,1.0
1110,2025-04-25 15:30:00+00:00,1.1375269889831543,1.1371389627456665,1,1.1370873928070069,0,0,1,1.1383039951324463,1.0
1111,2025-04-25 15:45:00+00:00,1.1383039951324463,1.1377859115600586,1,1.1372686624526978,-1,0,1,1.1384334564208984,0.0
1112,2025-04-25 16:00:00+00:00,1.1384334564208984,1.1383039951324463,1,1.1375275611877442,-1,1,1,1.1381744146347046,0.0
1113,2025-04-25 16:15:00+00:00,1.1381744146347046,1.1384334564208984,1,1.1378897190093995,0,0,1,1.1381744146347046,0.0
1114,2025-04-25 16:30:00+00:00,1.1381744146347046,1.1386927366256714,1,1.1381226539611817,0,0,1,1.137268304824829,0.0
1115,2025-04-25 16:45:00+00:00,1.137268304824829,1.1381744146347046,-1,1.1380709171295167,0,0,1,1.1375269889831543,0.0
1116,2025-04-25 17:00:00+00:00,1.1375269889831543,1.1375269889831543,-1,1.1379155158996581,1,0,1,1.1370097398757937,0.0
1117,2025-04-25 17:15:00+00:00,1.1370097398757937,1.1373976469039917,-1,1.1376307725906372,0,0,1,1.1379153728485107,0.0
1118,2025-04-25 17:30:00+00:00,1.1379153728485107,1.1370097398757937,1,1.1375789642333984,0,0,1,1.138044834136963,0.0
1119,2025-04-25 17:45:00+00:00,1.138044834136963,1.1379153728485107,1,1.13755304813385,-1,0,1,1.1373976469039917,0.0
1120,2025-04-25 18:00:00+00:00,1.1373976469039917,1.138044834136963,-1,1.1375789165496826,0,0,1,1.1376564502716064,0.0
1121,2025-04-25 18:15:00+00:00,1.1376564502716064,1.1373976469039917,1,1.1376048088073731,0,0,1,1.1379153728485107,0.0
1122,2025-04-25 18:30:00+00:00,1.1379153728485107,1.1377859115600586,1,1.1377859354019164,0,0,1,1.1383039951324463,0.0
1123,2025-04-25 18:45:00+00:00,1.1383039951324463,1.138044834136963,1,1.1378636598587035,-1,0,1,1.1381744146347046,0.0
1124,2025-04-25 19:00:00+00:00,1.1381744146347046,1.1383039951324463,1,1.137889575958252,0,0,1,1.1381744146347046,0.0
1125,2025-04-25 19:15:00+00:00,1.1381744146347046,1.1381744146347046,1,1.1380449295043946,0,0,1,1.1379153728485107,0.0
1126,2025-04-25 19:30:00+00:00,1.1379153728485107,1.138044834136963,-1,1.1380967140197753,0,0,1,1.1362345218658447,0.0
1127,2025-04-25 19:45:00+00:00,1.1362345218658447,1.1376564502716064,-1,1.137760543823242,1,0,1,1.1362345218658447,0.0
1128,2025-04-25 20:00:00+00:00,1.1362345218658447,1.1366219520568848,-1,1.1373466491699218,1,0,1,1.1361054182052612,0.0
1129,2025-04-25 20:15:00+00:00,1.1361054182052612,1.1361054182052612,-1,1.1369328498840332,0,0,1,1.1364928483963013,0.0
1130,2025-04-25 20:30:00+00:00,1.1364928483963013,1.1361054182052612,-1,1.1365965366363526,0,0,1,1.1366219520568848,0.0
1131,2025-04-25 20:45:00+00:00,1.1366219520568848,1.1363636255264282,1,1.1363378524780274,0,0,1,1.1368803977966309,0.0
1132,2025-04-25 21:00:00+00:00,1.1368803977966309,1.1364928483963013,1,1.1364670276641846,0,0,1,1.1368803977966309,0.0
1133,2025-04-25 21:15:00+00:00,1.1368803977966309,1.1368803977966309,1,1.1365962028503418,-1,0,0,1.1353315114974976,0.0
1134,2025-04-27 23:00:00+00:00,1.1353315114974976,1.1353315114974976,-1,1.136441421508789,1,0,1,1.1353315114974976,1.0
1135,2025-04-27 23:15:00+00:00,1.1353315114974976,1.1353315114974976,-1,1.1362091541290282,1,0,1,1.1357183456420898,1.0
1136,2025-04-27 23:30:00+00:00,1.1357183456420898,1.1353315114974976,-1,1.1360284328460692,0,0,1,1.1348161697387695,1.0
1137,2025-04-27 23:45:00+00:00,1.1348161697387695,1.135589361190796,-1,1.135615587234497,0,0,1,1.1359764337539673,1.0
1138,2025-04-28 00:00:00+00:00,1.1359764337539673,1.1349449157714844,1,1.1354347944259644,0,0,1,1.1362345218658447,1.0
1139,2025-04-28 00:15:00+00:00,1.1362345218658447,1.1359764337539673,1,1.1356153964996338,-1,1,1,1.1366219520568848,1.0
1140,2025-04-28 00:30:00+00:00,1.1366219520568848,1.1361054182052612,1,1.1358734846115113,0,1,1,1.1364928483963013,0.0
1141,2025-04-28 00:45:00+00:00,1.1364928483963013,1.1364928483963013,1,1.1360283851623536,0,1,1,1.1368803977966309,0.0
1142,2025-04-28 01:00:00+00:00,1.1368803977966309,1.1368803977966309,1,1.1364412307739258,0,1,1,1.1357183456420898,0.0
1143,2025-04-28 01:15:00+00:00,1.1357183456420898,1.1368803977966309,-1,1.1363896131515503,0,0,1,1.1359764337539673,1.0
1144,2025-04-28 01:30:00+00:00,1.1359764337539673,1.1357183456420898,-1,1.1363379955291748,1,0,1,1.1354604959487915,1.0
1145,2025-04-28 01:45:00+00:00,1.1354604959487915,1.1359764337539673,-1,1.1361057043075562,0,0,1,1.1349449157714844,1.0
1146,2025-04-28 02:00:00+00:00,1.1349449157714844,1.1353315114974976,-1,1.1357961177825928,1,0,1,1.1349449157714844,1.0
1147,2025-04-28 02:15:00+00:00,1.1349449157714844,1.1349449157714844,-1,1.1354090213775634,0,0,1,1.135589361190796,1.0
1148,2025-04-28 02:30:00+00:00,1.135589361190796,1.1350737810134888,1,1.1353832244873048,0,0,1,1.1357183456420898,1.0
1149,2025-04-28 02:45:00+00:00,1.1357183456420898,1.135589361190796,1,1.1353316068649293,-1,0,1,1.1358473300933838,1.0
1150,2025-04-28 03:00:00+00:00,1.1358473300933838,1.1357183456420898,1,1.1354089736938477,0,0,1,1.1361054182052612,1.0
1151,2025-04-28 03:15:00+00:00,1.1361054182052612,1.1359764337539673,1,1.1356410741806031,0,1,0,1.1358473300933838,1.0
1152,2025-04-28 03:30:00+00:00,1.1358473300933838,1.1361054182052612,1,1.135821557044983,0,0,1,1.1359764337539673,1.0
1153,2025-04-28 03:45:00+00:00,1.1359764337539673,1.1359764337539673,1,1.135898971557617,0,1,1,1.1362345218658447,1.0
1154,2025-04-28 04:00:00+00:00,1.1362345218658447,1.1358473300933838,1,1.136002206802368,0,0,1,1.1364928483963013,0.0
1155,2025-04-28 04:15:00+00:00,1.1364928483963013,1.1362345218658447,1,1.1361313104629516,0,1,1,1.1368803977966309,0.0
1156,2025-04-28 04:30:00+00:00,1.1368803977966309,1.1366219520568848,1,1.1362863063812256,-1,1,0,1.1375269889831543,0.0
1157,2025-04-28 04:45:00+00:00,1.1375269889831543,1.1368803977966309,1,1.1366222381591797,-1,1,1,1.1379153728485107,0.0
1158,2025-04-28 05:00:00+00:00,1.1379153728485107,1.1376564502716064,1,1.1370100259780884,-1,1,0,1.138044834136963,0.0
1159,2025-04-28 05:15:00+00:00,1.138044834136963,1.1381744146347046,1,1.137372088432312,-1,1,1,1.1377859115600586,0.0
1160,2025-04-28 05:30:00+00:00,1.1377859115600586,1.138044834136963,1,1.1376307010650635,0,1,1,1.1377859115600586,0.0
1161,2025-04-28 05:45:00+00:00,1.1377859115600586,1.138044834136963,-1,1.137811803817749,0,0,1,1.137268304824829,0.0
1162,2025-04-28 06:00:00+00:00,1.137268304824829,1.1376564502716064,-1,1.137760066986084,1,0,1,1.1368803977966309,0.0
1163,2025-04-28 06:15:00+00:00,1.1368803977966309,1.137268304824829,-1,1.137553071975708,1,0,1,1.1348161697387695,0.0
1164,2025-04-28 06:30:00+00:00,1.1348161697387695,1.1368803977966309,-1,1.1369073390960693,1,0,1,1.133529782295227,1.0
1165,2025-04-28 06:45:00+00:00,1.133529782295227,1.1348161697387695,-1,1.136056113243103,1,0,1,1.1345586776733398,1.0
1166,2025-04-28 07:00:00+00:00,1.1345586776733398,1.1337867975234983,-1,1.1354106664657593,0,0,1,1.1352026462554932,1.0
1167,2025-04-28 07:15:00+00:00,1.1352026462554932,1.1345586776733398,1,1.1349975347518921,0,0,1,1.1362345218658447,1.0
1168,2025-04-28 07:30:00+00:00,1.1362345218658447,1.1353315114974976,1,1.134868359565735,-1,0,1,1.1350737810134888,0.0
1169,2025-04-28 07:45:00+00:00,1.1350737810134888,1.1364928483963013,1,1.1349198818206787,0,0,1,1.1348161697387695,1.0
1170,2025-04-28 08:00:00+00:00,1.1348161697387695,1.1349449157714844,-1,1.1351771593093871,0,0,1,1.1339154243469238,1.0
1171,2025-04-28 08:15:00+00:00,1.1339154243469238,1.134687423706055,-1,1.135048508644104,1,0,1,1.1353315114974976,1.0
1172,2025-04-28 08:30:00+00:00,1.1353315114974976,1.1340440511703491,1,1.1350742816925048,0,0,1,1.134687423706055,1.0
1173,2025-04-28 08:45:00+00:00,1.134687423706055,1.1349449157714844,-1,1.1347648620605468,0,0,1,1.134687423706055,1.0
1174,2025-04-28 09:00:00+00:00,1.134687423706055,1.134687423706055,-1,1.1346875905990603,0,0,1,1.1358473300933838,1.0
1175,2025-04-28 09:15:00+00:00,1.1358473300933838,1.1345586776733398,1,1.1348938226699832,0,1,1,1.1354604959487915,1.0
1176,2025-04-28 09:30:00+00:00,1.1354604959487915,1.1357183456420898,1,1.1352028369903566,0,1,1,1.1354604959487915,1.0
1177,2025-04-28 09:45:00+00:00,1.1354604959487915,1.1354604959487915,1,1.1352286338806155,0,1,1,1.1353315114974976,1.0
1178,2025-04-28 10:00:00+00:00,1.1353315114974976,1.1353315114974976,-1,1.1353574514389038,0,0,1,1.1358473300933838,1.0
1179,2025-04-28 10:15:00+00:00,1.1358473300933838,1.1357183456420898,1,1.1355894327163696,0,0,1,1.1361054182052612,1.0
1180,2025-04-28 10:30:00+00:00,1.1361054182052612,1.1357183456420898,1,1.135641050338745,0,0,1,1.1353315114974976,1.0
1181,2025-04-28 10:45:00+00:00,1.1353315114974976,1.1359764337539673,-1,1.1356152534484862,0,0,1,1.1352026462554932,1.0
1182,2025-04-28 11:00:00+00:00,1.1352026462554932,1.1350737810134888,-1,1.1355636835098266,1,0,1,1.1345586776733398,1.0
1183,2025-04-28 11:15:00+00:00,1.1345586776733398,1.1350737810134888,-1,1.1354091167449951,1,0,1,1.134687423706055,1.0
1184,2025-04-28 11:30:00+00:00,1.134687423706055,1.1349449157714844,-1,1.1351771354675293,0,0,1,1.1354604959487915,1.0
1185,2025-04-28 11:45:00+00:00,1.1354604959487915,1.1348161697387695,1,1.1350481510162354,0,0,1,1.1363636255264282,1.0
1186,2025-04-28 12:00:00+00:00,1.1363636255264282,1.135589361190796,1,1.1352545738220214,-1,1,1,1.1375269889831543,1.0
1187,2025-04-28 12:15:00+00:00,1.1375269889831543,1.1363636255264282,1,1.1357194423675536,-1,1,1,1.1361054182052612,1.0
1188,2025-04-28 12:30:00+00:00,1.1361054182052612,1.1371389627456665,1,1.136028790473938,0,0,1,1.1353315114974976,1.0
1189,2025-04-28 12:45:00+00:00,1.1353315114974976,1.1359764337539673,-1,1.1361576080322267,0,0,1,1.1352026462554932,1.0
1190,2025-04-28 13:00:00+00:00,1.1352026462554932,1.1354604959487915,-1,1.1361060380935668,1,0,1,1.1357183456420898,1.0
1191,2025-04-28 13:15:00+00:00,1.1357183456420898,1.1350737810134888,-1,1.1359769821166992,0,0,1,1.1376564502716064,1.0
1192,2025-04-28 13:30:00+00:00,1.1376564502716064,1.1359764337539673,1,1.1360028743743897,-1,0,1,1.1368803977966309,1.0
1193,2025-04-28 13:45:00+00:00,1.1368803977966309,1.1373976469039917,1,1.1361578702926636,-1,0,1,1.1361054182052612,1.0
1194,2025-04-28 14:00:00+00:00,1.1361054182052612,1.1367511749267578,-1,1.1363126516342164,0,0,1,1.1373976469039917,1.0
1195,2025-04-28 14:15:00+00:00,1.1373976469039917,1.1362345218658447,1,1.136751651763916,0,0,1,1.1402509212493896,1.0
1196,2025-04-28 14:30:00+00:00,1.1402509212493896,1.1373976469039917,1,1.137658166885376,-1,1,1,1.1383039951324463,1.0
1197,2025-04-28 14:45:00+00:00,1.1383039951324463,1.1399909257888794,1,1.137787675857544,-1,0,1,1.1375269889831543,1.0
1198,2025-04-28 15:00:00+00:00,1.1375269889831543,1.138044834136963,-1,1.1379169940948486,0,0,1,1.1383039951324463,1.0
1199,2025-04-28 15:15:00+00:00,1.1383039951324463,1.1376564502716064,-1,1.1383567094802856,0,0,1,1.139211654663086,1.0
1200,2025-04-28 15:30:00+00:00,1.139211654663086,1.1384334564208984,1,1.1387195110321044,0,0,1,1.138952136039734,1.0
1201,2025-04-28 15:45:00+00:00,1.138952136039734,1.1394712924957275,1,1.1384597539901733,-1,0,1,1.1405109167099,1.0
1202,2025-04-28 16:00:00+00:00,1.1405109167099,1.139211654663086,1,1.138901138305664,0,1,1,1.1397310495376587,1.0
1203,2025-04-28 16:15:00+00:00,1.1397310495376587,1.140380859375,1,1.139341950416565,0,0,1,1.140380859375,1.0
1204,2025-04-28 16:30:00+00:00,1.140380859375,1.1397310495376587,1,1.1397573232650757,0,0,1,1.1415525674819946,1.0
1205,2025-04-28 16:45:00+00:00,1.1415525674819946,1.140380859375,1,1.1402255058288575,0,1,1,1.1415525674819946,1.0
1206,2025-04-28 17:00:00+00:00,1.1415525674819946,1.141291856765747,1,1.1407455921173095,-1,0,1,1.1419435739517212,1.0
1207,2025-04-28 17:15:00+00:00,1.1419435739517212,1.1415525674819946,1,1.1410321235656737,0,0,1,1.141291856765747,1.0
1208,2025-04-28 17:30:00+00:00,1.141291856765747,1.1419435739517212,-1,1.1413442850112916,0,0,1,1.140380859375,1.0
1209,2025-04-28 17:45:00+00:00,1.140380859375,1.1411616802215576,-1,1.1413442850112916,1,0,1,1.1410315036773682,1.0
1210,2025-04-28 18:00:00+00:00,1.1410315036773682,1.140380859375,-1,1.1412400722503662,0,0,1,1.1411616802215576,1.0
1211,2025-04-28 18:15:00+00:00,1.1411616802215576,1.1407711505889893,-1,1.141161894798279,0,0,1,1.1410315036773682,1.0
1212,2025-04-28 18:30:00+00:00,1.1410315036773682,1.141291856765747,1,1.1409794807434082,0,0,1,1.1416828632354736,1.0
1213,2025-04-28 18:45:00+00:00,1.1416828632354736,1.1409013271331787,1,1.1410576820373535,0,0,1,1.1422044038772583,1.0
1214,2025-04-28 19:00:00+00:00,1.1422044038772583,1.1418131589889526,1,1.1414223909378052,-1,1,0,1.1422044038772583,0.0
1215,2025-04-28 19:15:00+00:00,1.1422044038772583,1.1422044038772583,1,1.1416569709777833,-1,0,1,1.1424654722213743,0.0
1216,2025-04-28 19:30:00+00:00,1.1424654722213743,1.1420739889144895,1,1.1419177293777465,0,1,1,1.1425960063934326,0.0
1217,2025-04-28 19:45:00+00:00,1.1425960063934326,1.1424654722213743,1,1.1422306299209595,0,1,1,1.1427265405654907,0.0
1218,2025-04-28 20:00:00+00:00,1.1427265405654907,1.1425960063934326,1,1.142439365386963,0,0,1,1.1427265405654907,0.0
1219,2025-04-28 20:15:00+00:00,1.1427265405654907,1.1425960063934326,1,1.1425437927246094,0,1,1,1.1425960063934326,0.0
1220,2025-04-28 20:30:00+00:00,1.1425960063934326,1.1427265405654907,-1,1.1426221132278442,0,0,1,1.1424654722213743,0.0
1221,2025-04-28 20:45:00+00:00,1.1424654722213743,1.1424654722213743,-1,1.1426221132278442,0,0,1,1.1427265405654907,0.0
1222,2025-04-28 21:00:00+00:00,1.1427265405654907,1.1425960063934326,1,1.1426482200622559,0,0,1,1.1425960063934326,0.0
1223,2025-04-28 21:15:00+00:00,1.1425960063934326,1.1424654722213743,-1,1.1426221132278442,0,0,1,1.1424654722213743,0.0
1224,2025-04-28 21:30:00+00:00,1.1424654722213743,1.1423349380493164,-1,1.142569899559021,0,0,1,1.1425960063934326,0.0
1225,2025-04-28 21:45:00+00:00,1.1425960063934326,1.1424654722213743,1,1.142569899559021,0,0,1,1.1419435739517212,0.0
1226,2025-04-28 22:00:00+00:00,1.1419435739517212,1.1424654722213743,-1,1.1424655199050904,0,0,1,1.1416828632354736,0.0
1227,2025-04-28 22:15:00+00:00,1.1416828632354736,1.1419435739517212,-1,1.142256784439087,1,0,1,1.1419435739517212,0.0
1228,2025-04-28 22:30:00+00:00,1.1419435739517212,1.1416828632354736,-1,1.1421262979507447,0,0,1,1.1416828632354736,0.0
1229,2025-04-28 22:45:00+00:00,1.1416828632354736,1.1419435739517212,-1,1.1419697761535645,0,0,1,1.1410315036773682,0.0
1230,2025-04-28 23:00:00+00:00,1.1410315036773682,1.1418131589889526,-1,1.1416568756103516,0,0,1,1.1409013271331787,0.0
1231,2025-04-28 23:15:00+00:00,1.1409013271331787,1.1410315036773682,-1,1.141448426246643,1,0,1,1.1411616802215576,0.0
1232,2025-04-28 23:30:00+00:00,1.1411616802215576,1.1410315036773682,-1,1.1413441896438599,0,0,1,1.1411616802215576,0.0
1233,2025-04-28 23:45:00+00:00,1.1411616802215576,1.1411616802215576,-1,1.141187810897827,0,0,1,1.1419435739517212,0.0
1234,2025-04-29 00:00:00+00:00,1.1419435739517212,1.141291856765747,1,1.1412399530410766,0,0,1,1.1411616802215576,0.0
1235,2025-04-29 00:15:00+00:00,1.1411616802215576,1.1418131589889526,-1,1.1412659883499146,0,0,1,1.1407711505889893,0.0
1236,2025-04-29 00:30:00+00:00,1.1407711505889893,1.1410315036773682,-1,1.1412399530410766,0,0,1,1.140380859375,0.0
1237,2025-04-29 00:45:00+00:00,1.140380859375,1.1409013271331787,-1,1.141083788871765,0,0,1,1.1410315036773682,0.0
1238,2025-04-29 01:00:00+00:00,1.1410315036773682,1.140380859375,-1,1.1410577535629272,0,0,1,1.1406410932540894,0.0
1239,2025-04-29 01:15:00+00:00,1.1406410932540894,1.1410315036773682,-1,1.1407972574234009,0,0,1,1.1401208639144895,0.0
1240,2025-04-29 01:30:00+00:00,1.1401208639144895,1.1405109167099,-1,1.1405890941619872,0,0,1,1.1396011114120483,0.0
1241,2025-04-29 01:45:00+00:00,1.1396011114120483,1.1399909257888794,-1,1.1403550863265992,1,0,1,1.1422044038772583,0.0
1242,2025-04-29 02:00:00+00:00,1.1422044038772583,1.1396011114120483,1,1.1407197952270507,0,1,1,1.1411616802215576,0.0
1243,2025-04-29 02:15:00+00:00,1.1411616802215576,1.1419435739517212,1,1.1407458305358886,-1,0,1,1.1407711505889893,0.0
1244,2025-04-29 02:30:00+00:00,1.1407711505889893,1.141291856765747,-1,1.1407718420028687,0,0,1,1.1402509212493896,0.0
1245,2025-04-29 02:45:00+00:00,1.1402509212493896,1.1407711505889893,-1,1.1407978534698486,0,0,1,1.1397310495376587,0.0
1246,2025-04-29 03:00:00+00:00,1.1397310495376587,1.1402509212493896,-1,1.1408238410949707,1,0,1,1.1396011114120483,0.0
1247,2025-04-29 03:15:00+00:00,1.1396011114120483,1.1396011114120483,-1,1.1403031826019288,0,0,1,1.1396011114120483,0.0
1248,2025-04-29 03:30:00+00:00,1.1396011114120483,1.1394712924957275,-1,1.1399910688400268,0,0,1,1.1393414735794067,0.0
1249,2025-04-29 03:45:00+00:00,1.1393414735794067,1.1396011114120483,-1,1.1397051334381103,0,0,1,1.1396011114120483,1.0
1250,2025-04-29 04:00:00+00:00,1.1396011114120483,1.1394712924957275,1,1.1395751714706421,0,0,1,1.1393414735794067,0.0
1251,2025-04-29 04:15:00+00:00,1.1393414735794067,1.1396011114120483,-1,1.1394972562789918,0,0,1,1.1385631561279297,1.0
1252,2025-04-29 04:30:00+00:00,1.1385631561279297,1.1393414735794067,-1,1.139289665222168,0,0,1,1.1381744146347046,1.0
1253,2025-04-29 04:45:00+00:00,1.1381744146347046,1.1383039951324463,-1,1.1390043258666993,1,0,1,1.138044834136963,1.0
1254,2025-04-29 05:00:00+00:00,1.138044834136963,1.1383039951324463,-1,1.1387449979782105,1,0,1,1.1385631561279297,1.0
1255,2025-04-29 05:15:00+00:00,1.1385631561279297,1.1383039951324463,1,1.1385374069213867,0,0,1,1.1390818357467651,1.0
1256,2025-04-29 05:30:00+00:00,1.1390818357467651,1.1386927366256714,1,1.1384854793548584,-1,0,1,1.138952136039734,1.0
1257,2025-04-29 05:45:00+00:00,1.138952136039734,1.1390818357467651,1,1.1385632753372192,0,0,1,1.1396011114120483,1.0
1258,2025-04-29 06:00:00+00:00,1.1396011114120483,1.138952136039734,1,1.138848614692688,0,1,1,1.1399909257888794,0.0
1259,2025-04-29 06:15:00+00:00,1.1399909257888794,1.1397310495376587,1,1.1392378330230712,-1,1,1,1.1397310495376587,0.0
1260,2025-04-29 06:30:00+00:00,1.1397310495376587,1.1396011114120483,1,1.139471411705017,0,1,1,1.139211654663086,0.0
1261,2025-04-29 06:45:00+00:00,1.139211654663086,1.1396011114120483,-1,1.1394973754882813,0,0,1,1.140380859375,0.0
1262,2025-04-29 07:00:00+00:00,1.140380859375,1.139211654663086,1,1.1397831201553346,0,1,1,1.1398608684539795,0.0
1263,2025-04-29 07:15:00+00:00,1.1398608684539795,1.1402509212493896,1,1.1398350715637207,0,0,1,1.1407711505889893,0.0
1264,2025-04-29 07:30:00+00:00,1.1407711505889893,1.1398608684539795,1,1.1399911165237426,0,1,1,1.1406410932540894,0.0
1265,2025-04-29 07:45:00+00:00,1.1406410932540894,1.1410315036773682,1,1.1401731252670289,-1,1,1,1.1390818357467651,0.0
1266,2025-04-29 08:00:00+00:00,1.1390818357467651,1.1406410932540894,-1,1.1401471614837646,0,0,1,1.1398608684539795,0.0
1267,2025-04-29 08:15:00+00:00,1.1398608684539795,1.1396011114120483,-1,1.1400431632995605,1,0,1,1.138952136039734,0.0
1268,2025-04-29 08:30:00+00:00,1.138952136039734,1.1398608684539795,-1,1.1398614168167116,0,0,1,1.138952136039734,1.0
1269,2025-04-29 08:45:00+00:00,1.138952136039734,1.138952136039734,-1,1.1394976139068604,1,0,1,1.1396011114120483,1.0
1270,2025-04-29 09:00:00+00:00,1.1396011114120483,1.138952136039734,1,1.1392896175384521,0,0,1,1.1398608684539795,0.0
1271,2025-04-29 09:15:00+00:00,1.1398608684539795,1.139211654663086,1,1.139445424079895,0,0,1,1.1390818357467651,0.0
1272,2025-04-29 09:30:00+00:00,1.1390818357467651,1.1398608684539795,-1,1.1392896175384521,0,0,1,1.1384334564208984,1.0
1273,2025-04-29 09:45:00+00:00,1.1384334564208984,1.1388224363327026,-1,1.1391858816146851,1,0,1,1.1383039951324463,1.0
1274,2025-04-29 10:00:00+00:00,1.1383039951324463,1.1384334564208984,-1,1.1390562534332276,1,0,1,1.1383039951324463,1.0
1275,2025-04-29 10:15:00+00:00,1.1383039951324463,1.1381744146347046,-1,1.138796830177307,0,0,1,1.138044834136963,1.0
1276,2025-04-29 10:30:00+00:00,1.138044834136963,1.1384334564208984,-1,1.1384336233139039,0,0,1,1.138044834136963,1.0
1277,2025-04-29 10:45:00+00:00,1.138044834136963,1.138044834136963,-1,1.1382262229919433,0,0,1,1.1385631561279297,1.0
1278,2025-04-29 11:00:00+00:00,1.1385631561279297,1.1381744146347046,1,1.1382521629333495,0,0,1,1.1384334564208984,1.0
1279,2025-04-29 11:15:00+00:00,1.1384334564208984,1.1385631561279297,1,1.13827805519104,0,0,1,1.1384334564208984,1.0
1280,2025-04-29 11:30:00+00:00,1.1384334564208984,1.1384334564208984,1,1.1383039474487304,0,0,1,1.1376564502716064,1.0
1281,2025-04-29 11:45:00+00:00,1.1376564502716064,1.1385631561279297,-1,1.1382262706756592,0,0,1,1.1377859115600586,1.0
1282,2025-04-29 12:00:00+00:00,1.1377859115600586,1.1377859115600586,-1,1.1381744861602783,0,0,1,1.138952136039734,1.0
1283,2025-04-29 12:15:00+00:00,1.138952136039734,1.1377859115600586,1,1.138252282142639,0,1,1,1.1401208639144895,1.0
1284,2025-04-29 12:30:00+00:00,1.1401208639144895,1.138952136039734,1,1.1385897636413573,-1,1,1,1.1415525674819946,1.0
1285,2025-04-29 12:45:00+00:00,1.1415525674819946,1.1402509212493896,1,1.1392135858535766,-1,1,0,1.1410315036773682,0.0
1286,2025-04-29 13:00:00+00:00,1.1410315036773682,1.1411616802215576,1,1.139888596534729,-1,0,1,1.1411616802215576,0.0
1287,2025-04-29 13:15:00+00:00,1.1411616802215576,1.141291856765747,1,1.1405637502670287,0,1,1,1.1401208639144895,0.0
1288,2025-04-29 13:30:00+00:00,1.1401208639144895,1.1411616802215576,-1,1.14079749584198,0,0,1,1.1401208639144895,0.0
1289,2025-04-29 13:45:00+00:00,1.1401208639144895,1.1401208639144895,-1,1.14079749584198,1,0,1,1.1399909257888794,0.0
1290,2025-04-29 14:00:00+00:00,1.1399909257888794,1.141422152519226,-1,1.140485167503357,0,0,1,1.1411616802215576,0.0
1291,2025-04-29 14:15:00+00:00,1.1411616802215576,1.1398608684539795,1,1.1405112028121949,0,0,1,1.1398608684539795,0.0
1292,2025-04-29 14:30:00+00:00,1.1398608684539795,1.1407711505889893,-1,1.1402510404586792,0,0,1,1.1384334564208984,0.0
1293,2025-04-29 14:45:00+00:00,1.1384334564208984,1.1396011114120483,-1,1.139913558959961,0,0,1,1.1398608684539795,1.0
1294,2025-04-29 15:00:00+00:00,1.1398608684539795,1.1386927366256714,-1,1.139861559867859,0,0,1,1.140380859375,0.0
1295,2025-04-29 15:15:00+00:00,1.140380859375,1.1397310495376587,1,1.139939546585083,-1,0,1,1.140380859375,0.0
1296,2025-04-29 15:30:00+00:00,1.140380859375,1.1405109167099,1,1.1397833824157715,0,0,1,1.1399909257888794,0.0
1297,2025-04-29 15:45:00+00:00,1.1399909257888794,1.1402509212493896,1,1.1398093938827514,0,0,1,1.1409013271331787,0.0
1298,2025-04-29 16:00:00+00:00,1.1409013271331787,1.1401208639144895,1,1.1403029680252075,0,1,1,1.1418131589889526,0.0
1299,2025-04-29 16:15:00+00:00,1.1418131589889526,1.1406410932540894,1,1.1406934261322021,0,1,1,1.1410315036773682,0.0
1300,2025-04-29 16:30:00+00:00,1.1410315036773682,1.1416828632354736,1,1.1408235549926757,0,0,1,1.1405109167099,0.0
1301,2025-04-29 16:45:00+00:00,1.1405109167099,1.1407711505889893,-1,1.1408495664596559,0,0,1,1.1398608684539795,0.0
1302,2025-04-29 17:00:00+00:00,1.1398608684539795,1.1407711505889893,-1,1.1408235549926757,1,0,1,1.1402509212493896,0.0
1303,2025-04-29 17:15:00+00:00,1.1402509212493896,1.1397310495376587,-1,1.140693473815918,1,0,1,1.1401208639144895,0.0
1304,2025-04-29 17:30:00+00:00,1.1401208639144895,1.140380859375,-1,1.1403550148010253,0,0,1,1.1388224363327026,0.0
1305,2025-04-29 17:45:00+00:00,1.1388224363327026,1.1399909257888794,-1,1.1399132013320923,0,0,1,1.1385631561279297,1.0
1306,2025-04-29 18:00:00+00:00,1.1385631561279297,1.1390818357467651,-1,1.1395236492156982,1,0,1,1.1381744146347046,1.0
1307,2025-04-29 18:15:00+00:00,1.1381744146347046,1.1386927366256714,-1,1.1391863584518434,1,0,1,1.1383039951324463,1.0
1308,2025-04-29 18:30:00+00:00,1.1383039951324463,1.1381744146347046,-1,1.1387969732284546,0,0,1,1.1385631561279297,1.0
1309,2025-04-29 18:45:00+00:00,1.1385631561279297,1.1383039951324463,1,1.1384854316711426,0,0,1,1.1383039951324463,1.0
1310,2025-04-29 19:00:00+00:00,1.1383039951324463,1.1386927366256714,-1,1.1383817434310912,0,0,1,1.1386927366256714,1.0
1311,2025-04-29 19:15:00+00:00,1.1386927366256714,1.1384334564208984,1,1.1384076595306396,0,0,1,1.1383039951324463,1.0
1312,2025-04-29 19:30:00+00:00,1.1383039951324463,1.1386927366256714,-1,1.138433575630188,0,0,1,1.1384334564208984,1.0
1313,2025-04-29 19:45:00+00:00,1.1384334564208984,1.138044834136963,-1,1.1384594678878783,0,0,1,1.139211654663086,1.0
1314,2025-04-29 20:00:00+00:00,1.139211654663086,1.1385631561279297,1,1.1385891675949096,0,1,1,1.1393414735794067,1.0
1315,2025-04-29 20:15:00+00:00,1.1393414735794067,1.1390818357467651,1,1.1387966632843018,-1,1,1,1.139211654663086,0.0
1316,2025-04-29 20:30:00+00:00,1.139211654663086,1.1394712924957275,1,1.1389004468917847,0,0,1,1.138952136039734,1.0
1317,2025-04-29 20:45:00+00:00,1.138952136039734,1.139211654663086,-1,1.1390300750732423,0,0,1,1.139211654663086,1.0
1318,2025-04-29 21:00:00+00:00,1.139211654663086,1.1393414735794067,1,1.1391857147216797,0,1,1,1.139211654663086,0.0
1319,2025-04-29 21:15:00+00:00,1.139211654663086,1.1390818357467651,1,1.1391857147216797,0,0,1,1.1390818357467651,0.0
1320,2025-04-29 21:30:00+00:00,1.1390818357467651,1.1390818357467651,-1,1.1391337871551515,0,0,1,1.139211654663086,0.0
1321,2025-04-29 21:45:00+00:00,1.139211654663086,1.1390818357467651,1,1.1391337871551515,0,0,1,1.1394712924957275,0.0
1322,2025-04-29 22:00:00+00:00,1.1394712924957275,1.138952136039734,1,1.1392376184463502,0,0,1,1.1399909257888794,0.0
1323,2025-04-29 22:15:00+00:00,1.1399909257888794,1.1393414735794067,1,1.1393934726715087,0,0,1,1.139211654663086,0.0
1324,2025-04-29 22:30:00+00:00,1.139211654663086,1.1399909257888794,-1,1.1393934726715087,0,0,1,1.1396011114120483,0.0
1325,2025-04-29 22:45:00+00:00,1.1396011114120483,1.1394712924957275,1,1.1394973278045655,0,0,1,1.1393414735794067,0.0
1326,2025-04-29 23:00:00+00:00,1.1393414735794067,1.1396011114120483,-1,1.1395232915878295,0,0,1,1.139211654663086,0.0
1327,2025-04-29 23:15:00+00:00,1.139211654663086,1.1393414735794067,-1,1.1394713640213012,0,0,1,1.1396011114120483,0.0
1328,2025-04-29 23:30:00+00:00,1.1396011114120483,1.139211654663086,1,1.139393401145935,0,0,1,1.1393414735794067,0.0
1329,2025-04-29 23:45:00+00:00,1.1393414735794067,1.1397310495376587,-1,1.1394193649291993,0,0,1,1.1397310495376587,0.0
1330,2025-04-30 00:00:00+00:00,1.1397310495376587,1.1393414735794067,1,1.1394453525543213,0,0,1,1.1394712924957275,0.0
1331,2025-04-30 00:15:00+00:00,1.1394712924957275,1.1396011114120483,-1,1.1394713163375854,0,0,1,1.1390818357467651,0.0
1332,2025-04-30 00:30:00+00:00,1.1390818357467651,1.1396011114120483,-1,1.1394453525543213,0,0,1,1.1388224363327026,0.0
1333,2025-04-30 00:45:00+00:00,1.1388224363327026,1.1390818357467651,-1,1.1392896175384521,1,0,1,1.1388224363327026,0.0
1334,2025-04-30 01:00:00+00:00,1.1388224363327026,1.1388224363327026,-1,1.1391858100891112,1,0,1,1.1385631561279297,0.0
1335,2025-04-30 01:15:00+00:00,1.1385631561279297,1.1388224363327026,-1,1.1389522314071656,0,0,1,1.1386927366256714,0.0
1336,2025-04-30 01:30:00+00:00,1.1386927366256714,1.1386927366256714,-1,1.1387965202331543,0,0,1,1.1363636255264282,0.0
1337,2025-04-30 01:45:00+00:00,1.1363636255264282,1.1384334564208984,-1,1.1382528781890868,1,0,1,1.1370097398757937,1.0
1338,2025-04-30 02:00:00+00:00,1.1370097398757937,1.1361054182052612,-1,1.1378903388977053,1,0,1,1.137268304824829,1.0
1339,2025-04-30 02:15:00+00:00,1.137268304824829,1.1371389627456665,-1,1.1375795125961303,0,0,1,1.1370097398757937,1.0
1340,2025-04-30 02:30:00+00:00,1.1370097398757937,1.1371389627456665,-1,1.1372688293457032,0,0,1,1.1375269889831543,1.0
1341,2025-04-30 02:45:00+00:00,1.1375269889831543,1.1370097398757937,1,1.1370356798171997,0,0,1,1.1379153728485107,1.0
1342,2025-04-30 03:00:00+00:00,1.1379153728485107,1.1377859115600586,1,1.1373460292816162,-1,0,1,1.1381744146347046,1.0
1343,2025-04-30 03:15:00+00:00,1.1381744146347046,1.1379153728485107,1,1.1375789642333984,-1,1,1,1.1375269889831543,1.0
1344,2025-04-30 03:30:00+00:00,1.1375269889831543,1.1384334564208984,-1,1.1376307010650635,0,1,1,1.137268304824829,1.0
1345,2025-04-30 03:45:00+00:00,1.137268304824829,1.137268304824829,-1,1.1376824140548707,1,0,1,1.1376564502716064,1.0
1346,2025-04-30 04:00:00+00:00,1.1376564502716064,1.137268304824829,-1,1.137708306312561,0,0,1,1.1377859115600586,1.0
1347,2025-04-30 04:15:00+00:00,1.1377859115600586,1.1375269889831543,1,1.1376824140548707,0,0,1,1.1375269889831543,1.0
1348,2025-04-30 04:30:00+00:00,1.1375269889831543,1.1377859115600586,-1,1.1375529289245605,0,0,1,1.1377859115600586,1.0
1349,2025-04-30 04:45:00+00:00,1.1377859115600586,1.1376564502716064,1,1.1376047134399414,0,0,1,1.1379153728485107,1.0
1350,2025-04-30 05:00:00+00:00,1.1379153728485107,1.1376564502716064,1,1.1377341270446777,0,0,1,1.1381744146347046,1.0
1351,2025-04-30 05:15:00+00:00,1.1381744146347046,1.1379153728485107,1,1.1378377199172973,-1,0,1,1.1383039951324463,0.0
1352,2025-04-30 05:30:00+00:00,1.1383039951324463,1.1381744146347046,1,1.137941336631775,0,1,1,1.1385631561279297,0.0
1353,2025-04-30 05:45:00+00:00,1.1385631561279297,1.1383039951324463,1,1.13814857006073,0,1,1,1.1376564502716064,0.0
1354,2025-04-30 06:00:00+00:00,1.1376564502716064,1.1384334564208984,-1,1.1381226778030396,0,0,1,1.1393414735794067,1.0
1355,2025-04-30 06:15:00+00:00,1.1393414735794067,1.1377859115600586,1,1.1384078979492187,0,1,1,1.1396011114120483,0.0
1356,2025-04-30 06:30:00+00:00,1.1396011114120483,1.1390818357467651,1,1.1386932373046874,-1,1,1,1.139211654663086,0.0
1357,2025-04-30 06:45:00+00:00,1.139211654663086,1.1398608684539795,1,1.1388747692108154,0,1,1,1.139211654663086,0.0
1358,2025-04-30 07:00:00+00:00,1.139211654663086,1.139211654663086,1,1.1390044689178467,0,0,1,1.1384334564208984,0.0
1359,2025-04-30 07:15:00+00:00,1.1384334564208984,1.139211654663086,-1,1.139159870147705,0,0,1,1.138044834136963,0.0
1360,2025-04-30 07:30:00+00:00,1.138044834136963,1.1381744146347046,-1,1.1389005422592162,1,0,1,1.1383039951324463,0.0
1361,2025-04-30 07:45:00+00:00,1.1383039951324463,1.1379153728485107,-1,1.138641119003296,0,0,1,1.1383039951324463,0.0
1362,2025-04-30 08:00:00+00:00,1.1383039951324463,1.138044834136963,-1,1.1384595870971679,0,0,1,1.1368803977966309,0.0
1363,2025-04-30 08:15:00+00:00,1.1368803977966309,1.1381744146347046,-1,1.137993335723877,0,0,1,1.1367511749267578,1.0
1364,2025-04-30 08:30:00+00:00,1.1367511749267578,1.1368803977966309,-1,1.1376568794250488,1,0,1,1.1376564502716064,1.0
1365,2025-04-30 08:45:00+00:00,1.1376564502716064,1.1368803977966309,1,1.1375792026519775,0,0,1,1.138044834136963,0.0
1366,2025-04-30 09:00:00+00:00,1.138044834136963,1.1377859115600586,1,1.1375273704528808,0,0,1,1.1377859115600586,0.0
1367,2025-04-30 09:15:00+00:00,1.1377859115600586,1.1379153728485107,1,1.1374237537384033,0,0,1,1.1379153728485107,0.0
1368,2025-04-30 09:30:00+00:00,1.1379153728485107,1.1377859115600586,1,1.1376307487487793,0,1,1,1.1366219520568848,0.0
1369,2025-04-30 09:45:00+00:00,1.1366219520568848,1.1376564502716064,-1,1.1376049041748046,0,0,1,1.137268304824829,1.0
1370,2025-04-30 10:00:00+00:00,1.137268304824829,1.1367511749267578,-1,1.1375272750854493,1,0,1,1.1370097398757937,0.0
1371,2025-04-30 10:15:00+00:00,1.1370097398757937,1.1371389627456665,-1,1.1373202562332154,0,0,1,1.1366219520568848,1.0
1372,2025-04-30 10:30:00+00:00,1.1366219520568848,1.1368803977966309,-1,1.1370874643325806,0,0,1,1.1364928483963013,1.0
1373,2025-04-30 10:45:00+00:00,1.1364928483963013,1.1367511749267578,-1,1.1368029594421387,0,0,1,1.1366219520568848,1.0
1374,2025-04-30 11:00:00+00:00,1.1366219520568848,1.1364928483963013,-1,1.1368029594421387,0,0,1,1.1373976469039917,1.0
1375,2025-04-30 11:15:00+00:00,1.1373976469039917,1.1368803977966309,1,1.1368288278579712,0,1,1,1.1383039951324463,0.0
1376,2025-04-30 11:30:00+00:00,1.1383039951324463,1.1376564502716064,1,1.1370876789093018,-1,1,0,1.1377859115600586,0.0
1377,2025-04-30 11:45:00+00:00,1.1377859115600586,1.1383039951324463,1,1.1373204708099365,0,0,1,1.1377859115600586,0.0
1378,2025-04-30 12:00:00+00:00,1.1377859115600586,1.1377859115600586,1,1.137579083442688,0,0,1,1.1383039951324463,0.0
1379,2025-04-30 12:15:00+00:00,1.1383039951324463,1.1384334564208984,1,1.1379154920578003,0,1,1,1.1381744146347046,0.0
1380,2025-04-30 12:30:00+00:00,1.1381744146347046,1.137268304824829,1,1.1380708456039428,0,0,1,1.1377859115600586,0.0
1381,2025-04-30 12:45:00+00:00,1.1377859115600586,1.1388224363327026,-1,1.1379672288894653,0,1,1,1.1371389627456665,0.0
1382,2025-04-30 13:00:00+00:00,1.1371389627456665,1.1377859115600586,-1,1.1378378391265869,0,0,1,1.1373976469039917,0.0
1383,2025-04-30 13:15:00+00:00,1.1373976469039917,1.1375269889831543,-1,1.1377601861953734,1,0,1,1.1376564502716064,0.0
1384,2025-04-30 13:30:00+00:00,1.1376564502716064,1.1368803977966309,1,1.1376306772232057,0,0,1,1.1371389627456665,0.0
1385,2025-04-30 13:45:00+00:00,1.1371389627456665,1.1376564502716064,-1,1.137423586845398,0,0,1,1.1363636255264282,0.0
1386,2025-04-30 14:00:00+00:00,1.1363636255264282,1.1371389627456665,-1,1.137139129638672,0,0,1,1.1364928483963013,0.0
1387,2025-04-30 14:15:00+00:00,1.1364928483963013,1.1361054182052612,-1,1.1370099067687989,1,0,1,1.1361054182052612,0.0
1388,2025-04-30 14:30:00+00:00,1.1361054182052612,1.1366219520568848,-1,1.1367514610290528,0,0,1,1.1370097398757937,0.0
1389,2025-04-30 14:45:00+00:00,1.1370097398757937,1.1359764337539673,1,1.1366221189498902,0,0,1,1.1364928483963013,0.0
1390,2025-04-30 15:00:00+00:00,1.1364928483963013,1.1375269889831543,-1,1.1364928960800171,0,1,1,1.133529782295227,0.0
1391,2025-04-30 15:15:00+00:00,1.133529782295227,1.1366219520568848,-1,1.1359261274337769,0,0,1,1.1337867975234983,1.0
1392,2025-04-30 15:30:00+00:00,1.1337867975234983,1.133529782295227,-1,1.1353849172592163,1,0,1,1.1352026462554932,1.0
1393,2025-04-30 15:45:00+00:00,1.1352026462554932,1.1343011856079102,-1,1.1352043628692627,0,0,1,1.135589361190796,0.0
1394,2025-04-30 16:00:00+00:00,1.135589361190796,1.1352026462554932,1,1.1349202871322632,-1,0,1,1.1358473300933838,0.0
1395,2025-04-30 16:15:00+00:00,1.1358473300933838,1.1353315114974976,1,1.1347911834716797,-1,0,1,1.1352026462554932,0.0
1396,2025-04-30 16:30:00+00:00,1.1352026462554932,1.135589361190796,1,1.135125756263733,0,0,1,1.1358473300933838,0.0
1397,2025-04-30 16:45:00+00:00,1.1358473300933838,1.1354604959487915,1,1.13553786277771,0,1,1,1.1363636255264282,0.0
1398,2025-04-30 17:00:00+00:00,1.1363636255264282,1.1359764337539673,1,1.135770058631897,0,1,1,1.1367511749267578,0.0
1399,2025-04-30 17:15:00+00:00,1.1367511749267578,1.1362345218658447,1,1.1360024213790894,0,1,1,1.1366219520568848,0.0
1400,2025-04-30 17:30:00+00:00,1.1366219520568848,1.1368803977966309,1,1.1361573457717895,0,0,1,1.1350737810134888,0.0
1401,2025-04-30 17:45:00+00:00,1.1350737810134888,1.1366219520568848,-1,1.1361315727233887,0,0,1,1.1359764337539673,0.0
1402,2025-04-30 18:00:00+00:00,1.1359764337539673,1.1350737810134888,-1,1.1361573934555054,1,0,1,1.1348161697387695,0.0
1403,2025-04-30 18:15:00+00:00,1.1348161697387695,1.1359764337539673,-1,1.1358479022979737,0,0,1,1.1349449157714844,0.0
1404,2025-04-30 18:30:00+00:00,1.1349449157714844,1.1348161697387695,-1,1.135486650466919,0,0,1,1.1353315114974976,0.0
1405,2025-04-30 18:45:00+00:00,1.1353315114974976,1.1349449157714844,1,1.1352285623550415,0,0,1,1.1353315114974976,0.0
1406,2025-04-30 19:00:00+00:00,1.1353315114974976,1.1353315114974976,1,1.1352801084518434,0,0,1,1.1343011856079102,0.0
1407,2025-04-30 19:15:00+00:00,1.1343011856079102,1.1352026462554932,-1,1.1349450588226317,0,0,1,1.1341726779937744,0.0
1408,2025-04-30 19:30:00+00:00,1.1341726779937744,1.1341726779937744,-1,1.1348163604736328,1,0,1,1.133529782295227,0.0
1409,2025-04-30 19:45:00+00:00,1.133529782295227,1.1341726779937744,-1,1.1345333337783814,0,0,1,1.132502794265747,0.0
1410,2025-04-30 20:00:00+00:00,1.132502794265747,1.133144497871399,-1,1.1339675903320312,1,0,1,1.1328877210617063,1.0
1411,2025-04-30 20:15:00+00:00,1.1328877210617063,1.13275945186615,-1,1.133478832244873,1,0,1,1.13275945186615,0.0
1412,2025-04-30 20:30:00+00:00,1.13275945186615,1.1328877210617063,-1,1.133170485496521,0,0,1,1.1332728862762451,1.0
1413,2025-04-30 20:45:00+00:00,1.1332728862762451,1.1328877210617063,1,1.1329905271530152,0,0,1,1.133529782295227,0.0
1414,2025-04-30 21:00:00+00:00,1.133529782295227,1.133529782295227,1,1.1329905271530152,-1,0,1,1.1334012746810913,0.0
1415,2025-04-30 21:15:00+00:00,1.1334012746810913,1.1332728862762451,1,1.133170223236084,0,0,1,1.133529782295227,0.0
1416,2025-04-30 21:30:00+00:00,1.133529782295227,1.1334012746810913,1,1.133298635482788,0,0,1,1.1334012746810913,0.0
1417,2025-04-30 21:45:00+00:00,1.1334012746810913,1.1334012746810913,-1,1.1334270000457765,0,0,1,1.133144497871399,0.0
1418,2025-04-30 22:00:00+00:00,1.133144497871399,1.133529782295227,-1,1.1334013223648072,0,0,1,1.1328877210617063,0.0
1419,2025-04-30 22:15:00+00:00,1.1328877210617063,1.1330161094665527,-1,1.133272910118103,0,0,1,1.1330161094665527,0.0
1420,2025-04-30 22:30:00+00:00,1.1330161094665527,1.1328877210617063,-1,1.1331958770751953,0,0,1,1.1330161094665527,0.0
1421,2025-04-30 22:45:00+00:00,1.1330161094665527,1.133144497871399,-1,1.1330931425094604,0,0,1,1.132502794265747,0.0
1422,2025-04-30 23:00:00+00:00,1.132502794265747,1.1328877210617063,-1,1.1329134464263917,0,0,1,1.13275945186615,0.0
1423,2025-04-30 23:15:00+00:00,1.13275945186615,1.13237464427948,-1,1.1328364372253419,1,0,1,1.1328877210617063,0.0
1424,2025-04-30 23:30:00+00:00,1.1328877210617063,1.1328877210617063,1,1.1328364372253419,0,0,1,1.1326310634613037,0.0
1425,2025-04-30 23:45:00+00:00,1.1326310634613037,1.1328877210617063,-1,1.132759428024292,0,0,1,1.133144497871399,0.0
1426,2025-05-01 00:00:00+00:00,1.133144497871399,1.1328877210617063,1,1.1327851057052611,0,0,1,1.133144497871399,0.0
1427,2025-05-01 00:15:00+00:00,1.133144497871399,1.133144497871399,1,1.1329134464263917,0,1,1,1.1326310634613037,0.0
1428,2025-05-01 00:30:00+00:00,1.1326310634613037,1.133144497871399,-1,1.1328877687454224,0,0,1,1.132502794265747,0.0
1429,2025-05-01 00:45:00+00:00,1.132502794265747,1.13275945186615,-1,1.1328107833862304,1,0,1,1.131733775138855,0.0
1430,2025-05-01 01:00:00+00:00,1.131733775138855,1.132502794265747,-1,1.1326313257217406,1,0,1,1.1316057443618774,0.0
1431,2025-05-01 01:15:00+00:00,1.1316057443618774,1.131861925125122,-1,1.1323235750198364,1,0,1,1.1314777135849,0.0
1432,2025-05-01 01:30:00+00:00,1.1314777135849,1.1313496828079224,-1,1.1319902181625365,0,0,1,1.1312217712402344,0.0
1433,2025-05-01 01:45:00+00:00,1.1312217712402344,1.1314777135849,-1,1.1317083597183228,0,0,1,1.1313496828079224,0.0
1434,2025-05-01 02:00:00+00:00,1.1313496828079224,1.1309658288955688,-1,1.1314777374267577,0,0,1,1.131733775138855,0.0
1435,2025-05-01 02:15:00+00:00,1.131733775138855,1.1313496828079224,1,1.1314777374267577,0,0,1,1.1316057443618774,0.0
1436,2025-05-01 02:30:00+00:00,1.1316057443618774,1.131861925125122,1,1.1314777374267577,0,0,1,1.131861925125122,0.0
1437,2025-05-01 02:45:00+00:00,1.131861925125122,1.1316057443618774,1,1.1315545797348023,0,1,1,1.1310937404632568,0.0
1438,2025-05-01 03:00:00+00:00,1.1310937404632568,1.1319899559020996,-1,1.1315289735794067,0,1,1,1.1309658288955688,0.0
1439,2025-05-01 03:15:00+00:00,1.1309658288955688,1.1308379173278809,-1,1.131452202796936,1,0,1,1.1305822134017944,0.0
1440,2025-05-01 03:30:00+00:00,1.1305822134017944,1.1308379173278809,-1,1.131221890449524,0,0,1,1.1314777135849,1.0
1441,2025-05-01 03:45:00+00:00,1.1314777135849,1.1305822134017944,1,1.1311962842941283,0,0,1,1.131733775138855,0.0
1442,2025-05-01 04:00:00+00:00,1.131733775138855,1.1316057443618774,1,1.131170654296875,-1,0,1,1.1313496828079224,0.0
1443,2025-05-01 04:15:00+00:00,1.1313496828079224,1.131733775138855,1,1.131221842765808,0,0,1,1.1310937404632568,0.0
1444,2025-05-01 04:30:00+00:00,1.1310937404632568,1.1312217712402344,-1,1.1312474250793456,0,0,1,1.1307101249694824,1.0
1445,2025-05-01 04:45:00+00:00,1.1307101249694824,1.1310937404632568,-1,1.1312730073928834,0,0,1,1.1301988363265991,1.0
1446,2025-05-01 05:00:00+00:00,1.1301988363265991,1.1305822134017944,-1,1.131017231941223,0,0,1,1.1293054819107056,1.0
1447,2025-05-01 05:15:00+00:00,1.1293054819107056,1.1301988363265991,-1,1.1305315732955932,1,0,1,1.1303266286849976,1.0
1448,2025-05-01 05:30:00+00:00,1.1303266286849976,1.1293054819107056,-1,1.1303269624710084,0,0,1,1.130454421043396,1.0
1449,2025-05-01 05:45:00+00:00,1.130454421043396,1.1300712823867798,1,1.130199098587036,0,0,1,1.1309658288955688,1.0
1450,2025-05-01 06:00:00+00:00,1.1309658288955688,1.1303266286849976,1,1.1302502393722533,0,0,1,1.1310937404632568,1.0
1451,2025-05-01 06:15:00+00:00,1.1310937404632568,1.1310937404632568,1,1.130429220199585,-1,1,1,1.1309658288955688,1.0
1452,2025-05-01 06:30:00+00:00,1.1309658288955688,1.1309658288955688,1,1.1307612895965575,0,1,1,1.130454421043396,1.0
1453,2025-05-01 06:45:00+00:00,1.130454421043396,1.1312217712402344,-1,1.1307868480682373,0,0,1,1.1296881437301636,1.0
1454,2025-05-01 07:00:00+00:00,1.1296881437301636,1.1307101249694824,-1,1.1306335926055908,0,0,1,1.129433035850525,1.0
1455,2025-05-01 07:15:00+00:00,1.129433035850525,1.1295605897903442,-1,1.130327033996582,1,0,1,1.1305822134017944,1.0
1456,2025-05-01 07:30:00+00:00,1.1305822134017944,1.1299434900283811,1,1.1302247285842895,0,0,1,1.1314777135849,1.0
1457,2025-05-01 07:45:00+00:00,1.1314777135849,1.1307101249694824,1,1.1303271055221558,-1,0,1,1.13237464427948,1.0
1458,2025-05-01 08:00:00+00:00,1.13237464427948,1.131733775138855,1,1.1307111501693725,-1,1,0,1.1332728862762451,1.0
1459,2025-05-01 08:15:00+00:00,1.1332728862762451,1.13237464427948,1,1.131428098678589,-1,1,1,1.1328877210617063,0.0
1460,2025-05-01 08:30:00+00:00,1.1328877210617063,1.1330161094665527,1,1.132119035720825,-1,1,1,1.132502794265747,0.0
1461,2025-05-01 08:45:00+00:00,1.132502794265747,1.1328877210617063,-1,1.1325031518936157,0,0,1,1.1322463750839231,1.0
1462,2025-05-01 09:00:00+00:00,1.1322463750839231,1.132502794265747,-1,1.1326568841934204,1,0,1,1.132502794265747,1.0
1463,2025-05-01 09:15:00+00:00,1.132502794265747,1.1321182250976562,-1,1.1326825141906738,0,0,1,1.1322463750839231,0.0
1464,2025-05-01 09:30:00+00:00,1.1322463750839231,1.132502794265747,-1,1.1324772119522095,0,0,1,1.1322463750839231,0.0
1465,2025-05-01 09:45:00+00:00,1.1322463750839231,1.13237464427948,-1,1.1323489427566529,0,0,1,1.13275945186615,0.0
1466,2025-05-01 10:00:00+00:00,1.13275945186615,1.131861925125122,1,1.1324002742767334,0,0,1,1.1321182250976562,0.0
1467,2025-05-01 10:15:00+00:00,1.1321182250976562,1.1328877210617063,-1,1.13237464427948,0,1,1,1.133144497871399,0.0
1468,2025-05-01 10:30:00+00:00,1.133144497871399,1.13237464427948,1,1.1325029850006103,0,1,1,1.1336582899093628,0.0
1469,2025-05-01 10:45:00+00:00,1.1336582899093628,1.1332728862762451,1,1.1327853679656983,-1,1,0,1.1334012746810913,0.0
1470,2025-05-01 11:00:00+00:00,1.1334012746810913,1.1336582899093628,1,1.1330163478851318,0,0,1,1.1340440511703491,0.0
1471,2025-05-01 11:15:00+00:00,1.1340440511703491,1.1334012746810913,1,1.1332732677459716,0,1,1,1.1334012746810913,0.0
1472,2025-05-01 11:30:00+00:00,1.1334012746810913,1.1341726779937744,-1,1.1335298776626588,0,0,1,1.132502794265747,0.0
1473,2025-05-01 11:45:00+00:00,1.132502794265747,1.1332728862762451,-1,1.1334015369415282,1,0,1,1.131733775138855,0.0
1474,2025-05-01 12:00:00+00:00,1.131733775138855,1.1321182250976562,-1,1.1330166339874268,1,0,1,1.1321182250976562,0.0
1475,2025-05-01 12:15:00+00:00,1.1321182250976562,1.1316057443618774,-1,1.1327600240707398,0,0,1,1.1322463750839231,0.0
1476,2025-05-01 12:30:00+00:00,1.1322463750839231,1.1332728862762451,-1,1.1324004888534545,0,0,1,1.131861925125122,0.0
1477,2025-05-01 12:45:00+00:00,1.131861925125122,1.132502794265747,-1,1.1320926189422607,0,0,1,1.1326310634613037,0.0
1478,2025-05-01 13:00:00+00:00,1.1326310634613037,1.131733775138855,1,1.1321182727813721,0,0,1,1.1326310634613037,0.0
1479,2025-05-01 13:15:00+00:00,1.1326310634613037,1.13237464427948,1,1.132297730445862,0,0,1,1.1321182250976562,0.0
1480,2025-05-01 13:30:00+00:00,1.1321182250976562,1.132502794265747,-1,1.132297730445862,0,0,1,1.132502794265747,0.0
1481,2025-05-01 13:45:00+00:00,1.132502794265747,1.131861925125122,1,1.1323490142822266,0,0,1,1.1299434900283811,0.0
1482,2025-05-01 14:00:00+00:00,1.1299434900283811,1.1305822134017944,-1,1.1319653272628785,1,0,1,1.1293054819107056,0.0
1483,2025-05-01 14:15:00+00:00,1.1293054819107056,1.1296881437301636,-1,1.1313002109527588,1,0,1,1.1293054819107056,0.0
1484,2025-05-01 14:30:00+00:00,1.1293054819107056,1.1290504932403564,-1,1.1306350946426391,1,0,1,1.1285407543182373,0.0
1485,2025-05-01 14:45:00+00:00,1.1285407543182373,1.129433035850525,-1,1.1299196004867553,0,0,1,1.1289230585098269,1.0
1486,2025-05-01 15:00:00+00:00,1.1289230585098269,1.128668189048767,-1,1.1292036533355714,0,0,1,1.1285407543182373,0.0
1487,2025-05-01 15:15:00+00:00,1.1285407543182373,1.1290504932403564,-1,1.1289231061935425,0,0,1,1.1273956298828125,1.0
1488,2025-05-01 15:30:00+00:00,1.1273956298828125,1.1285407543182373,-1,1.1285411357879638,0,0,1,1.128413438796997,1.0
1489,2025-05-01 15:45:00+00:00,1.128413438796997,1.127268671989441,1,1.1283627271652221,0,0,1,1.128668189048767,1.0
1490,2025-05-01 16:00:00+00:00,1.128668189048767,1.1282861232757568,1,1.1283882141113282,0,0,1,1.128413438796997,1.0
1491,2025-05-01 16:15:00+00:00,1.128413438796997,1.128795504570007,1,1.1282862901687623,0,0,1,1.1285407543182373,1.0
1492,2025-05-01 16:30:00+00:00,1.1285407543182373,1.128413438796997,1,1.1282862901687623,0,0,1,1.1295605897903442,1.0
1493,2025-05-01 16:45:00+00:00,1.1295605897903442,1.128795504570007,1,1.1287192821502685,0,1,0,1.129433035850525,0.0
1494,2025-05-01 17:00:00+00:00,1.129433035850525,1.129433035850525,1,1.128923201560974,-1,0,1,1.128668189048767,0.0
1495,2025-05-01 17:15:00+00:00,1.128668189048767,1.129433035850525,-1,1.128923201560974,0,0,1,1.128668189048767,1.0
1496,2025-05-01 17:30:00+00:00,1.128668189048767,1.128668189048767,-1,1.128974151611328,1,0,1,1.128668189048767,1.0
1497,2025-05-01 17:45:00+00:00,1.128668189048767,1.1285407543182373,-1,1.1289996385574341,0,0,1,1.1291780471801758,1.0
1498,2025-05-01 18:00:00+00:00,1.1291780471801758,1.1285407543182373,1,1.1289231300354003,0,0,1,1.128413438796997,1.0
1499,2025-05-01 18:15:00+00:00,1.128413438796997,1.1290504932403564,-1,1.1287192106246948,0,0,1,1.1293054819107056,1.0
1500,2025-05-01 18:30:00+00:00,1.1293054819107056,1.128413438796997,1,1.1288466691970824,0,0,1,1.1289230585098269,1.0
1501,2025-05-01 18:45:00+00:00,1.1289230585098269,1.1293054819107056,1,1.1288976430892945,0,1,1,1.128795504570007,1.0
1502,2025-05-01 19:00:00+00:00,1.128795504570007,1.1290504932403564,-1,1.1289231061935425,0,0,1,1.1293054819107056,1.0
1503,2025-05-01 19:15:00+00:00,1.1293054819107056,1.128668189048767,1,1.1289485931396483,0,0,1,1.1293054819107056,1.0
1504,2025-05-01 19:30:00+00:00,1.1293054819107056,1.129433035850525,1,1.1291270017623902,0,0,1,1.1291780471801758,1.0
1505,2025-05-01 19:45:00+00:00,1.1291780471801758,1.1289230585098269,1,1.1291015148162842,0,0,1,1.1296881437301636,1.0
1506,2025-05-01 20:00:00+00:00,1.1296881437301636,1.1291780471801758,1,1.1292545318603515,0,0,1,1.1290504932403564,0.0
1507,2025-05-01 20:15:00+00:00,1.1290504932403564,1.1295605897903442,-1,1.1293055295944214,0,0,1,1.1295605897903442,1.0
1508,2025-05-01 20:30:00+00:00,1.1295605897903442,1.1289230585098269,1,1.1293565511703492,0,0,1,1.129433035850525,0.0
1509,2025-05-01 20:45:00+00:00,1.129433035850525,1.1296881437301636,1,1.129382061958313,0,0,1,1.1301988363265991,0.0
1510,2025-05-01 21:00:00+00:00,1.1301988363265991,1.1293054819107056,1,1.1295862197875977,0,1,1,1.1295605897903442,0.0
1511,2025-05-01 21:15:00+00:00,1.1295605897903442,1.1301988363265991,-1,1.1295607089996338,0,1,1,1.129433035850525,0.0
1512,2025-05-01 21:30:00+00:00,1.129433035850525,1.129433035850525,-1,1.1296372175216676,0,0,1,1.129433035850525,1.0
1513,2025-05-01 21:45:00+00:00,1.129433035850525,1.1296881437301636,-1,1.1296117067337037,0,0,1,1.129433035850525,1.0
1514,2025-05-01 22:00:00+00:00,1.129433035850525,1.1295605897903442,-1,1.1296117067337037,0,0,1,1.1299434900283811,1.0
1515,2025-05-01 22:15:00+00:00,1.1299434900283811,1.129433035850525,1,1.12956063747406,0,0,1,1.1300712823867798,0.0
1516,2025-05-01 22:30:00+00:00,1.1300712823867798,1.1298158168792725,1,1.129662775993347,-1,0,1,1.1298158168792725,0.0
1517,2025-05-01 22:45:00+00:00,1.1298158168792725,1.1300712823867798,1,1.1297393321990967,0,0,1,1.1298158168792725,0.0
1518,2025-05-01 23:00:00+00:00,1.1298158168792725,1.1298158168792725,-1,1.1298158884048461,0,0,1,1.1299434900283811,1.0
1519,2025-05-01 23:15:00+00:00,1.1299434900283811,1.1298158168792725,1,1.1299179792404175,0,0,1,1.1296881437301636,0.0
1520,2025-05-01 23:30:00+00:00,1.1296881437301636,1.1300712823867798,-1,1.1298669099807739,0,0,1,1.1299434900283811,1.0
1521,2025-05-01 23:45:00+00:00,1.1299434900283811,1.1299434900283811,1,1.1298413515090941,0,0,1,1.129433035850525,1.0
1522,2025-05-02 00:00:00+00:00,1.129433035850525,1.1301988363265991,-1,1.1297647953033447,0,1,1,1.128668189048767,1.0
1523,2025-05-02 00:15:00+00:00,1.128668189048767,1.1293054819107056,-1,1.1295352697372436,1,0,1,1.1277772188186646,1.0
1524,2025-05-02 00:30:00+00:00,1.1277772188186646,1.128413438796997,-1,1.1291020154953002,1,0,1,1.128668189048767,1.0
1525,2025-05-02 00:45:00+00:00,1.128668189048767,1.128031611442566,-1,1.128898024559021,0,0,1,1.1289230585098269,1.0
1526,2025-05-02 01:00:00+00:00,1.1289230585098269,1.1285407543182373,1,1.12869393825531,0,0,1,1.128668189048767,1.0
1527,2025-05-02 01:15:00+00:00,1.128668189048767,1.1290504932403564,1,1.1285409688949586,0,0,1,1.1289230585098269,1.0
1528,2025-05-02 01:30:00+00:00,1.1289230585098269,1.1285407543182373,1,1.1285919427871705,0,0,1,1.1298158168792725,1.0
1529,2025-05-02 01:45:00+00:00,1.1298158168792725,1.1290504932403564,1,1.128999662399292,0,1,0,1.1301988363265991,1.0
1530,2025-05-02 02:00:00+00:00,1.1301988363265991,1.1299434900283811,1,1.1293057918548584,-1,1,0,1.1303266286849976,1.0
1531,2025-05-02 02:15:00+00:00,1.1303266286849976,1.1300712823867798,1,1.1295865058898926,-1,1,1,1.1300712823867798,1.0
1532,2025-05-02 02:30:00+00:00,1.1300712823867798,1.1301988363265991,1,1.1298671245574952,0,0,1,1.1298158168792725,1.0
1533,2025-05-02 02:45:00+00:00,1.1298158168792725,1.1301988363265991,-1,1.1300456762313842,0,0,1,1.1299434900283811,1.0
1534,2025-05-02 03:00:00+00:00,1.1299434900283811,1.1299434900283811,-1,1.130071210861206,0,0,1,1.1310937404632568,1.0
1535,2025-05-02 03:15:00+00:00,1.1310937404632568,1.1298158168792725,1,1.1302501916885377,0,1,1,1.1316057443618774,1.0
1536,2025-05-02 03:30:00+00:00,1.1316057443618774,1.1312217712402344,1,1.1305060148239137,-1,1,0,1.131733775138855,1.0
1537,2025-05-02 03:45:00+00:00,1.131733775138855,1.1312217712402344,1,1.1308385133743286,0,0,1,1.1310937404632568,1.0
1538,2025-05-02 04:00:00+00:00,1.1310937404632568,1.1316057443618774,-1,1.1310940980911255,0,0,1,1.1312217712402344,1.0
1539,2025-05-02 04:15:00+00:00,1.1312217712402344,1.1310937404632568,-1,1.131349754333496,0,0,1,1.1309658288955688,1.0
1540,2025-05-02 04:30:00+00:00,1.1309658288955688,1.1310937404632568,-1,1.1313241720199585,0,0,1,1.1307101249694824,1.0
1541,2025-05-02 04:45:00+00:00,1.1307101249694824,1.1308379173278809,-1,1.1311450481414795,0,0,1,1.1309658288955688,1.0
1542,2025-05-02 05:00:00+00:00,1.1309658288955688,1.1307101249694824,-1,1.1309914588928223,0,0,1,1.1316057443618774,1.0
1543,2025-05-02 05:15:00+00:00,1.1316057443618774,1.1310937404632568,1,1.1310938596725464,-1,0,1,1.1313496828079224,1.0
1544,2025-05-02 05:30:00+00:00,1.1313496828079224,1.1313496828079224,1,1.131119441986084,0,0,1,1.1312217712402344,1.0
1545,2025-05-02 05:45:00+00:00,1.1312217712402344,1.1313496828079224,1,1.131170630455017,0,0,1,1.1319899559020996,1.0
1546,2025-05-02 06:00:00+00:00,1.1319899559020996,1.1310937404632568,1,1.1314265966415404,0,1,1,1.133144497871399,1.0
1547,2025-05-02 06:15:00+00:00,1.133144497871399,1.1319899559020996,1,1.1318623304367066,-1,1,1,1.13237464427948,1.0
1548,2025-05-02 06:30:00+00:00,1.13237464427948,1.133144497871399,1,1.132016110420227,-1,0,1,1.1328877210617063,1.0
1549,2025-05-02 06:45:00+00:00,1.1328877210617063,1.1322463750839231,1,1.132323718070984,0,0,1,1.1328877210617063,1.0
1550,2025-05-02 07:00:00+00:00,1.1328877210617063,1.1328877210617063,1,1.1326569080352782,0,1,1,1.132502794265747,1.0
1551,2025-05-02 07:15:00+00:00,1.132502794265747,1.1328877210617063,-1,1.1327594757080077,0,0,1,1.1332728862762451,1.0
1552,2025-05-02 07:30:00+00:00,1.1332728862762451,1.1322463750839231,1,1.1327851533889768,0,0,1,1.1334012746810913,1.0
1553,2025-05-02 07:45:00+00:00,1.1334012746810913,1.1330161094665527,1,1.132990479469299,0,1,1,1.1321182250976562,1.0
1554,2025-05-02 08:00:00+00:00,1.1321182250976562,1.1328877210617063,-1,1.1328365802764893,0,0,1,1.1330161094665527,1.0
1555,2025-05-02 08:15:00+00:00,1.1330161094665527,1.1321182250976562,1,1.1328622579574585,0,0,1,1.133529782295227,1.0
1556,2025-05-02 08:30:00+00:00,1.133529782295227,1.13275945186615,1,1.1330676555633545,0,0,1,1.1337867975234983,1.0
1557,2025-05-02 08:45:00+00:00,1.1337867975234983,1.133529782295227,1,1.1331704378128051,-1,0,1,1.1330161094665527,1.0
1558,2025-05-02 09:00:00+00:00,1.1330161094665527,1.1336582899093628,-1,1.1330934047698975,0,0,1,1.1334012746810913,1.0
1559,2025-05-02 09:15:00+00:00,1.1334012746810913,1.133144497871399,1,1.1333500146865845,0,0,1,1.1349449157714844,1.0
1560,2025-05-02 09:30:00+00:00,1.1349449157714844,1.1336582899093628,1,1.1337357759475708,0,1,1,1.1353315114974976,0.0
1561,2025-05-02 09:45:00+00:00,1.1353315114974976,1.1352026462554932,1,1.134096121788025,-1,1,1,1.1350737810134888,0.0
1562,2025-05-02 10:00:00+00:00,1.1350737810134888,1.1352026462554932,1,1.134353518486023,0,0,1,1.134687423706055,0.0
1563,2025-05-02 10:15:00+00:00,1.134687423706055,1.1348161697387695,-1,1.1346877813339233,1,0,1,1.133529782295227,1.0
1564,2025-05-02 10:30:00+00:00,1.133529782295227,1.1345586776733398,-1,1.1347134828567504,1,0,1,1.1334012746810913,1.0
1565,2025-05-02 10:45:00+00:00,1.1334012746810913,1.133529782295227,-1,1.134404754638672,1,0,1,1.1330161094665527,1.0
1566,2025-05-02 11:00:00+00:00,1.1330161094665527,1.1336582899093628,-1,1.1339416742324828,0,0,1,1.1343011856079102,1.0
1567,2025-05-02 11:15:00+00:00,1.1343011856079102,1.1330161094665527,1,1.1337871551513672,0,0,1,1.1345586776733398,1.0
1568,2025-05-02 11:30:00+00:00,1.1345586776733398,1.1343011856079102,1,1.1337614059448242,-1,1,1,1.1349449157714844,1.0
1569,2025-05-02 11:45:00+00:00,1.1349449157714844,1.134429931640625,1,1.1340444326400756,0,0,1,1.1343011856079102,0.0
1570,2025-05-02 12:00:00+00:00,1.1343011856079102,1.1349449157714844,1,1.1342244148254395,0,0,1,1.1340440511703491,1.0
1571,2025-05-02 12:15:00+00:00,1.1340440511703491,1.1340440511703491,-1,1.1344300031661987,0,0,1,1.1334012746810913,1.0
1572,2025-05-02 12:30:00+00:00,1.1334012746810913,1.132502794265747,-1,1.134250020980835,1,0,1,1.13237464427948,1.0
1573,2025-05-02 12:45:00+00:00,1.13237464427948,1.1330161094665527,-1,1.133813214302063,0,0,1,1.132502794265747,1.0
1574,2025-05-02 13:00:00+00:00,1.132502794265747,1.13237464427948,-1,1.1333247900009156,0,0,1,1.1354604959487915,1.0
1575,2025-05-02 13:15:00+00:00,1.1354604959487915,1.133144497871399,1,1.1335566520690918,0,1,1,1.1371389627456665,0.0
1576,2025-05-02 13:30:00+00:00,1.1371389627456665,1.1352026462554932,1,1.1341756343841554,-1,1,1,1.1376564502716064,0.0
1577,2025-05-02 13:45:00+00:00,1.1376564502716064,1.1371389627456665,1,1.1350266695022584,-1,1,1,1.137268304824829,0.0
1578,2025-05-02 14:00:00+00:00,1.137268304824829,1.1379153728485107,1,1.1360054016113281,0,0,1,1.1368803977966309,0.0
1579,2025-05-02 14:15:00+00:00,1.1368803977966309,1.1370097398757937,-1,1.136880922317505,0,0,1,1.1364928483963013,0.0
1580,2025-05-02 14:30:00+00:00,1.1364928483963013,1.137268304824829,-1,1.1370873928070069,0,0,1,1.137268304824829,0.0
1581,2025-05-02 14:45:00+00:00,1.137268304824829,1.1366219520568848,1,1.1371132612228394,0,0,1,1.1364928483963013,0.0
1582,2025-05-02 15:00:00+00:00,1.1364928483963013,1.1370097398757937,-1,1.1368805408477782,0,0,1,1.1340440511703491,0.0
1583,2025-05-02 15:15:00+00:00,1.1340440511703491,1.1363636255264282,-1,1.1362356901168824,1,0,1,1.1337867975234983,0.0
1584,2025-05-02 15:30:00+00:00,1.1337867975234983,1.1340440511703491,-1,1.1356169700622558,1,0,1,1.1332728862762451,0.0
1585,2025-05-02 15:45:00+00:00,1.1332728862762451,1.1339154243469238,-1,1.1349729776382447,1,0,1,1.1339154243469238,0.0
1586,2025-05-02 16:00:00+00:00,1.1339154243469238,1.1334012746810913,-1,1.1343024015426635,0,0,1,1.1337867975234983,0.0
1587,2025-05-02 16:15:00+00:00,1.1337867975234983,1.1340440511703491,1,1.133761191368103,0,0,1,1.133529782295227,0.0
1588,2025-05-02 16:30:00+00:00,1.133529782295227,1.1337867975234983,-1,1.1336583375930787,0,0,1,1.13237464427948,0.0
1589,2025-05-02 16:45:00+00:00,1.13237464427948,1.1332728862762451,-1,1.1333759069442748,0,0,1,1.1310937404632568,0.0
1590,2025-05-02 17:00:00+00:00,1.1310937404632568,1.1322463750839231,-1,1.1329400777816772,1,0,1,1.131733775138855,0.0
1591,2025-05-02 17:15:00+00:00,1.131733775138855,1.1310937404632568,-1,1.1325037479400635,1,0,1,1.1309658288955688,0.0
1592,2025-05-02 17:30:00+00:00,1.1309658288955688,1.131861925125122,-1,1.1319395542144775,0,0,1,1.1308379173278809,0.0
1593,2025-05-02 17:45:00+00:00,1.1308379173278809,1.1308379173278809,-1,1.1314011812210083,0,0,1,1.1308379173278809,1.0
1594,2025-05-02 18:00:00+00:00,1.1308379173278809,1.1310937404632568,-1,1.1310938358306886,0,0,1,1.1309658288955688,1.0
1595,2025-05-02 18:15:00+00:00,1.1309658288955688,1.1309658288955688,-1,1.1310682535171508,0,0,1,1.1299434900283811,1.0
1596,2025-05-02 18:30:00+00:00,1.1299434900283811,1.1308379173278809,-1,1.130710196495056,0,0,1,1.1303266286849976,1.0
1597,2025-05-02 18:45:00+00:00,1.1303266286849976,1.1298158168792725,-1,1.1305823564529418,1,0,1,1.1310937404632568,1.0
1598,2025-05-02 19:00:00+00:00,1.1310937404632568,1.1305822134017944,1,1.1306335210800171,0,0,1,1.1305822134017944,1.0
1599,2025-05-02 19:15:00+00:00,1.1305822134017944,1.1310937404632568,-1,1.1305823802947998,-1,0,1,1.1310937404632568,1.0
1600,2025-05-02 19:30:00+00:00,1.1310937404632568,1.1305822134017944,1,1.1306079626083374,0,0,1,1.1308379173278809,1.0
1601,2025-05-02 19:45:00+00:00,1.1308379173278809,1.1310937404632568,1,1.1307868480682373,0,0,1,1.1305822134017944,1.0
1602,2025-05-02 20:00:00+00:00,1.1305822134017944,1.1307101249694824,-1,1.1308379650115967,0,0,1,1.1303266286849976,1.0
1603,2025-05-02 20:15:00+00:00,1.1303266286849976,1.130454421043396,-1,1.1306845426559449,1,0,1,1.1299434900283811,1.0
1604,2025-05-02 20:30:00+00:00,1.1299434900283811,1.1303266286849976,-1,1.130556797981262,1,0,1,1.130454421043396,1.0
1605,2025-05-02 20:45:00+00:00,1.130454421043396,1.1298158168792725,1,1.13042893409729,0,0,1,1.1303266286849976,1.0
1606,2025-05-02 21:00:00+00:00,1.1303266286849976,1.1303266286849976,-1,1.1303266763687134,0,0,1,1.1303266286849976,1.0
1607,2025-05-02 21:15:00+00:00,1.1303266286849976,1.1303266286849976,1,1.130275559425354,0,0,1,1.1305822134017944,1.0
1608,2025-05-04 23:00:00+00:00,1.1305822134017944,1.1308379173278809,1,1.1303266763687134,-1,1,0,1.1314777135849,1.0
1609,2025-05-04 23:15:00+00:00,1.1314777135849,1.1307101249694824,1,1.1306335210800171,-1,1,1,1.13237464427948,1.0
1610,2025-05-04 23:30:00+00:00,1.13237464427948,1.1314777135849,1,1.1310175657272339,-1,1,0,1.132502794265747,1.0
1611,2025-05-04 23:45:00+00:00,1.132502794265747,1.1326310634613037,1,1.1314527988433838,-1,1,0,1.13237464427948,1.0
1612,2025-05-05 00:00:00+00:00,1.13237464427948,1.13237464427948,1,1.1318624019622803,0,0,1,1.131861925125122,1.0
1613,2025-05-05 00:15:00+00:00,1.131861925125122,1.1322463750839231,-1,1.1321183443069458,1,0,1,1.1319899559020996,1.0
1614,2025-05-05 00:30:00+00:00,1.1319899559020996,1.131861925125122,-1,1.1322207927703858,0,0,1,1.132502794265747,1.0
1615,2025-05-05 00:45:00+00:00,1.132502794265747,1.1321182250976562,1,1.1322464227676392,0,0,1,1.1334012746810913,1.0
1616,2025-05-05 01:00:00+00:00,1.1334012746810913,1.1326310634613037,1,1.132426118850708,-1,1,1,1.1341726779937744,1.0
1617,2025-05-05 01:15:00+00:00,1.1341726779937744,1.133529782295227,1,1.132785725593567,-1,1,0,1.1330161094665527,0.0
1618,2025-05-05 01:30:00+00:00,1.1330161094665527,1.1340440511703491,-1,1.1330165624618531,0,0,1,1.1336582899093628,1.0
1619,2025-05-05 01:45:00+00:00,1.1336582899093628,1.133144497871399,1,1.1333502292633058,0,0,1,1.1336582899093628,1.0
1620,2025-05-05 02:00:00+00:00,1.1336582899093628,1.1339154243469238,1,1.1335813283920289,0,0,1,1.1341726779937744,1.0
1621,2025-05-05 02:15:00+00:00,1.1341726779937744,1.1337867975234983,1,1.1337356090545654,0,1,1,1.134687423706055,0.0
1622,2025-05-05 02:30:00+00:00,1.134687423706055,1.1343011856079102,1,1.1338385581970214,-1,1,1,1.1345586776733398,0.0
1623,2025-05-05 02:45:00+00:00,1.1345586776733398,1.1345586776733398,1,1.1341470718383788,0,0,1,1.1336582899093628,0.0
1624,2025-05-05 03:00:00+00:00,1.1336582899093628,1.1345586776733398,-1,1.1341470718383788,0,0,1,1.1337867975234983,0.0
1625,2025-05-05 03:15:00+00:00,1.1337867975234983,1.1336582899093628,-1,1.1341727733612061,1,0,1,1.1332728862762451,0.0
1626,2025-05-05 03:30:00+00:00,1.1332728862762451,1.1337867975234983,-1,1.1339928150177,0,0,1,1.133529782295227,1.0
1627,2025-05-05 03:45:00+00:00,1.133529782295227,1.1332728862762451,-1,1.1337612867355347,0,0,1,1.1340440511703491,0.0
1628,2025-05-05 04:00:00+00:00,1.1340440511703491,1.133529782295227,1,1.1336583614349365,0,0,1,1.1339154243469238,0.0
1629,2025-05-05 04:15:00+00:00,1.1339154243469238,1.1340440511703491,1,1.1337097883224487,-1,0,1,1.1337867975234983,0.0
1630,2025-05-05 04:30:00+00:00,1.1337867975234983,1.1340440511703491,1,1.1337097883224487,0,0,1,1.1340440511703491,0.0
1631,2025-05-05 04:45:00+00:00,1.1340440511703491,1.1337867975234983,1,1.1338640213012696,0,0,1,1.134687423706055,0.0
1632,2025-05-05 05:00:00+00:00,1.134687423706055,1.1339154243469238,1,1.134095549583435,0,1,1,1.1348161697387695,0.0
1633,2025-05-05 05:15:00+00:00,1.1348161697387695,1.1349449157714844,1,1.1342499732971192,-1,1,0,1.134429931640625,0.0
1634,2025-05-05 05:30:00+00:00,1.134429931640625,1.1348161697387695,1,1.1343528747558593,0,1,1,1.1339154243469238,0.0
1635,2025-05-05 05:45:00+00:00,1.1339154243469238,1.1336582899093628,-1,1.1343786001205445,1,0,1,1.1336582899093628,0.0
1636,2025-05-05 06:00:00+00:00,1.1336582899093628,1.1332728862762451,-1,1.134301447868347,1,0,1,1.1328877210617063,0.0
1637,2025-05-05 06:15:00+00:00,1.1328877210617063,1.133529782295227,-1,1.1339415073394776,0,0,1,1.1330161094665527,1.0
1638,2025-05-05 06:30:00+00:00,1.1330161094665527,1.1328877210617063,-1,1.1335814952850343,0,0,1,1.1332728862762451,1.0
1639,2025-05-05 06:45:00+00:00,1.1332728862762451,1.1328877210617063,-1,1.1333500862121582,0,0,1,1.1328877210617063,1.0
1640,2025-05-05 07:00:00+00:00,1.1328877210617063,1.133144497871399,-1,1.1331445455551148,0,0,1,1.13237464427948,1.0
1641,2025-05-05 07:15:00+00:00,1.13237464427948,1.1326310634613037,-1,1.1328878164291383,0,0,1,1.1326310634613037,1.0
1642,2025-05-05 07:30:00+00:00,1.1326310634613037,1.132502794265747,-1,1.1328364849090575,0,0,1,1.131733775138855,1.0
1643,2025-05-05 07:45:00+00:00,1.131733775138855,1.13275945186615,-1,1.1325800180435182,0,0,1,1.13275945186615,1.0
1644,2025-05-05 08:00:00+00:00,1.13275945186615,1.131733775138855,1,1.132477331161499,0,0,1,1.13275945186615,1.0
1645,2025-05-05 08:15:00+00:00,1.13275945186615,1.13275945186615,1,1.1324516773223876,0,0,1,1.1328877210617063,1.0
1646,2025-05-05 08:30:00+00:00,1.1328877210617063,1.1328877210617063,1,1.132554292678833,0,0,1,1.13275945186615,1.0
1647,2025-05-05 08:45:00+00:00,1.13275945186615,1.133144497871399,1,1.1325799703598023,0,1,1,1.1337867975234983,1.0
1648,2025-05-05 09:00:00+00:00,1.1337867975234983,1.1330161094665527,1,1.1329905748367308,-1,1,1,1.1341726779937744,1.0
1649,2025-05-05 09:15:00+00:00,1.1341726779937744,1.1341726779937744,1,1.1332732200622557,0,1,1,1.134429931640625,1.0
1650,2025-05-05 09:30:00+00:00,1.134429931640625,1.1343011856079102,1,1.1336073160171507,0,1,1,1.1343011856079102,1.0
1651,2025-05-05 09:45:00+00:00,1.1343011856079102,1.1343011856079102,1,1.1338900089263917,0,0,1,1.1337867975234983,1.0
1652,2025-05-05 10:00:00+00:00,1.1337867975234983,1.134687423706055,-1,1.1340954780578614,0,1,1,1.1343011856079102,1.0
1653,2025-05-05 10:15:00+00:00,1.1343011856079102,1.1337867975234983,1,1.1341983556747437,0,0,1,1.1343011856079102,1.0
1654,2025-05-05 10:30:00+00:00,1.1343011856079102,1.1341726779937744,1,1.1342240571975708,0,0,1,1.134687423706055,1.0
1655,2025-05-05 10:45:00+00:00,1.134687423706055,1.1345586776733398,1,1.1342755556106567,0,0,1,1.1357183456420898,1.0
1656,2025-05-05 11:00:00+00:00,1.1357183456420898,1.1348161697387695,1,1.1345589876174926,-1,1,0,1.1354604959487915,0.0
1657,2025-05-05 11:15:00+00:00,1.1354604959487915,1.135589361190796,1,1.1348937273025512,-1,0,1,1.134429931640625,0.0
1658,2025-05-05 11:30:00+00:00,1.134429931640625,1.1352026462554932,-1,1.1349194765090942,0,0,1,1.1345586776733398,0.0
1659,2025-05-05 11:45:00+00:00,1.1345586776733398,1.134429931640625,-1,1.1349709749221801,1,0,1,1.1348161697387695,0.0
1660,2025-05-05 12:00:00+00:00,1.1348161697387695,1.134687423706055,-1,1.134996724128723,0,0,1,1.1363636255264282,0.0
1661,2025-05-05 12:15:00+00:00,1.1363636255264282,1.1345586776733398,1,1.1351257801055907,0,1,1,1.1353315114974976,0.0
1662,2025-05-05 12:30:00+00:00,1.1353315114974976,1.1361054182052612,1,1.1350999832153321,-1,0,1,1.1363636255264282,0.0
1663,2025-05-05 12:45:00+00:00,1.1363636255264282,1.1354604959487915,1,1.1354867219924927,0,1,1,1.1363636255264282,0.0
1664,2025-05-05 13:00:00+00:00,1.1363636255264282,1.1363636255264282,1,1.1358477115631103,0,1,1,1.1361054182052612,0.0
1665,2025-05-05 13:15:00+00:00,1.1361054182052612,1.1364928483963013,-1,1.1361055612564086,0,0,1,1.1359764337539673,0.0
1666,2025-05-05 13:30:00+00:00,1.1359764337539673,1.1359764337539673,-1,1.1360281229019165,0,0,1,1.135589361190796,0.0
1667,2025-05-05 13:45:00+00:00,1.135589361190796,1.1357183456420898,-1,1.136079692840576,0,0,1,1.1348161697387695,0.0
1668,2025-05-05 14:00:00+00:00,1.1348161697387695,1.1341726779937744,-1,1.1357702016830444,1,0,1,1.1348161697387695,0.0
1669,2025-05-05 14:15:00+00:00,1.1348161697387695,1.1345586776733398,-1,1.1354607105255128,1,0,1,1.1345586776733398,0.0
1670,2025-05-05 14:30:00+00:00,1.1345586776733398,1.134687423706055,-1,1.1351513624191285,0,0,1,1.1341726779937744,0.0
1671,2025-05-05 14:45:00+00:00,1.1341726779937744,1.1343011856079102,-1,1.1347906112670898,0,0,1,1.133529782295227,0.0
1672,2025-05-05 15:00:00+00:00,1.133529782295227,1.1343011856079102,-1,1.134378695487976,0,0,1,1.1334012746810913,0.0
1673,2025-05-05 15:15:00+00:00,1.1334012746810913,1.133529782295227,-1,1.1340957164764405,1,0,1,1.1322463750839231,0.0
1674,2025-05-05 15:30:00+00:00,1.1322463750839231,1.1332728862762451,-1,1.1335817575454712,0,0,1,1.131733775138855,0.0
1675,2025-05-05 15:45:00+00:00,1.131733775138855,1.1322463750839231,-1,1.1330167770385742,1,0,1,1.1303266286849976,0.0
1676,2025-05-05 16:00:00+00:00,1.1303266286849976,1.1313496828079224,-1,1.1322475671768188,1,0,1,1.1303266286849976,1.0
1677,2025-05-05 16:15:00+00:00,1.1303266286849976,1.130454421043396,-1,1.131606936454773,1,0,1,1.1310937404632568,1.0
1678,2025-05-05 16:30:00+00:00,1.1310937404632568,1.1305822134017944,-1,1.131145429611206,0,0,1,1.1305822134017944,1.0
1679,2025-05-05 16:45:00+00:00,1.1305822134017944,1.1310937404632568,-1,1.1308125972747802,0,0,1,1.1309658288955688,1.0
1680,2025-05-05 17:00:00+00:00,1.1309658288955688,1.1305822134017944,1,1.130659008026123,0,0,1,1.1313496828079224,1.0
1681,2025-05-05 17:15:00+00:00,1.1313496828079224,1.1309658288955688,1,1.130863618850708,0,0,1,1.1305822134017944,1.0
1682,2025-05-05 17:30:00+00:00,1.1305822134017944,1.1313496828079224,-1,1.1309147357940674,0,1,1,1.1303266286849976,1.0
1683,2025-05-05 17:45:00+00:00,1.1303266286849976,1.130454421043396,-1,1.1307613134384156,1,0,1,1.130454421043396,1.0
1684,2025-05-05 18:00:00+00:00,1.130454421043396,1.1303266286849976,-1,1.1307357549667358,0,0,1,1.130454421043396,1.0
1685,2025-05-05 18:15:00+00:00,1.130454421043396,1.130454421043396,-1,1.1306334733963013,0,0,1,1.1307101249694824,1.0
1686,2025-05-05 18:30:00+00:00,1.1307101249694824,1.1307101249694824,1,1.1305055618286133,0,0,1,1.131733775138855,1.0
1687,2025-05-05 18:45:00+00:00,1.131733775138855,1.1305822134017944,1,1.1307358741760254,0,1,1,1.1321182250976562,1.0
1688,2025-05-05 19:00:00+00:00,1.1321182250976562,1.1314777135849,1,1.1310941934585572,-1,1,1,1.1321182250976562,0.0
1689,2025-05-05 19:15:00+00:00,1.1321182250976562,1.1319899559020996,1,1.131426954269409,-1,0,1,1.1319899559020996,0.0
1690,2025-05-05 19:30:00+00:00,1.1319899559020996,1.1321182250976562,1,1.13173406124115,0,0,1,1.1319899559020996,0.0
1691,2025-05-05 19:45:00+00:00,1.1319899559020996,1.131861925125122,-1,1.1319900274276733,0,0,1,1.1319899559020996,0.0
1692,2025-05-05 20:00:00+00:00,1.1319899559020996,1.1319899559020996,-1,1.1320412635803223,0,0,1,1.1316057443618774,0.0
1693,2025-05-05 20:15:00+00:00,1.1316057443618774,1.1319899559020996,-1,1.1319387674331665,0,0,1,1.131861925125122,0.0
1694,2025-05-05 20:30:00+00:00,1.131861925125122,1.1314777135849,-1,1.1318875074386596,0,0,1,1.131861925125122,0.0
1695,2025-05-05 20:45:00+00:00,1.131861925125122,1.131861925125122,1,1.1318619012832642,0,0,1,1.131861925125122,0.0
1696,2025-05-05 21:00:00+00:00,1.131861925125122,1.1319899559020996,1,1.1318362951278687,0,0,1,1.1321182250976562,0.0
1697,2025-05-05 21:15:00+00:00,1.1321182250976562,1.1319899559020996,1,1.13186194896698,0,0,1,1.1321182250976562,0.0
1698,2025-05-05 21:30:00+00:00,1.1321182250976562,1.1321182250976562,1,1.1319644451141357,0,0,1,1.1322463750839231,0.0
1699,2025-05-05 21:45:00+00:00,1.1322463750839231,1.1321182250976562,1,1.132041335105896,0,0,1,1.1322463750839231,0.0
1700,2025-05-05 22:00:00+00:00,1.1322463750839231,1.1319899559020996,1,1.1321182250976562,0,0,1,1.1321182250976562,0.0
1701,2025-05-05 22:15:00+00:00,1.1321182250976562,1.1322463750839231,-1,1.132169485092163,0,0,1,1.1316057443618774,0.0
1702,2025-05-05 22:30:00+00:00,1.1316057443618774,1.1321182250976562,-1,1.1320669889450072,0,0,1,1.131861925125122,0.0
1703,2025-05-05 22:45:00+00:00,1.131861925125122,1.131733775138855,-1,1.1320157289505004,1,0,1,1.1314777135849,0.0
1704,2025-05-05 23:00:00+00:00,1.1314777135849,1.131733775138855,-1,1.1318619966506958,0,0,1,1.131733775138855,0.0
1705,2025-05-05 23:15:00+00:00,1.131733775138855,1.1314777135849,-1,1.131759476661682,0,0,1,1.1319899559020996,0.0
1706,2025-05-05 23:30:00+00:00,1.1319899559020996,1.131733775138855,1,1.1317338228225708,0,0,1,1.1316057443618774,0.0
1707,2025-05-05 23:45:00+00:00,1.1316057443618774,1.1319899559020996,-1,1.1317338228225708,0,0,1,1.1303266286849976,0.0
1708,2025-05-06 00:00:00+00:00,1.1303266286849976,1.1314777135849,-1,1.1314267635345459,1,0,1,1.1290504932403564,1.0
1709,2025-05-06 00:15:00+00:00,1.1290504932403564,1.1301988363265991,-1,1.1309413194656373,1,0,1,1.1289230585098269,1.0
1710,2025-05-06 00:30:00+00:00,1.1289230585098269,1.1293054819107056,-1,1.1303791761398316,1,0,1,1.128795504570007,1.0
1711,2025-05-06 00:45:00+00:00,1.128795504570007,1.1290504932403564,-1,1.1297402858734131,0,0,1,1.1293054819107056,1.0
1712,2025-05-06 01:00:00+00:00,1.1293054819107056,1.128668189048767,1,1.1292802333831786,0,0,1,1.1291780471801758,1.0
1713,2025-05-06 01:15:00+00:00,1.1291780471801758,1.1290504932403564,1,1.1290505170822143,0,0,1,1.129433035850525,1.0
1714,2025-05-06 01:30:00+00:00,1.129433035850525,1.1289230585098269,1,1.129127025604248,0,0,1,1.129433035850525,1.0
1715,2025-05-06 01:45:00+00:00,1.129433035850525,1.129433035850525,1,1.1292290210723877,0,1,1,1.1309658288955688,1.0
1716,2025-05-06 02:00:00+00:00,1.1309658288955688,1.1298158168792725,1,1.1296630859375,-1,1,1,1.1316057443618774,1.0
1717,2025-05-06 02:15:00+00:00,1.1316057443618774,1.1310937404632568,1,1.1301231384277344,-1,1,0,1.1310937404632568,1.0
1718,2025-05-06 02:30:00+00:00,1.1310937404632568,1.1316057443618774,1,1.1305062770843506,0,0,1,1.1310937404632568,1.0
1719,2025-05-06 02:45:00+00:00,1.1310937404632568,1.1310937404632568,1,1.1308384180068969,0,0,1,1.1310937404632568,1.0
1720,2025-05-06 03:00:00+00:00,1.1310937404632568,1.1310937404632568,-1,1.1311705589294434,0,0,1,1.1316057443618774,1.0
1721,2025-05-06 03:15:00+00:00,1.1316057443618774,1.1309658288955688,1,1.131298542022705,0,1,1,1.1314777135849,1.0
1722,2025-05-06 03:30:00+00:00,1.1314777135849,1.1316057443618774,1,1.1312729358673095,0,1,1,1.131861925125122,1.0
1723,2025-05-06 03:45:00+00:00,1.131861925125122,1.1314777135849,1,1.1314265727996826,0,1,1,1.1321182250976562,1.0
1724,2025-05-06 04:00:00+00:00,1.1321182250976562,1.131861925125122,1,1.1316314697265626,0,0,1,1.13237464427948,1.0
1725,2025-05-06 04:15:00+00:00,1.13237464427948,1.13237464427948,1,1.1318876504898072,-1,1,0,1.1326310634613037,1.0
1726,2025-05-06 04:30:00+00:00,1.1326310634613037,1.1322463750839231,1,1.1320927143096924,0,0,1,1.1328877210617063,1.0
1727,2025-05-06 04:45:00+00:00,1.1328877210617063,1.1326310634613037,1,1.1323747158050534,0,1,1,1.13275945186615,1.0
1728,2025-05-06 05:00:00+00:00,1.13275945186615,1.13275945186615,1,1.1325542211532593,0,0,1,1.1322463750839231,1.0
1729,2025-05-06 05:15:00+00:00,1.1322463750839231,1.13275945186615,-1,1.1325798511505127,0,0,1,1.1321182250976562,1.0
1730,2025-05-06 05:30:00+00:00,1.1321182250976562,1.1321182250976562,-1,1.1325285673141479,1,0,1,1.1319899559020996,1.0
1731,2025-05-06 05:45:00+00:00,1.1319899559020996,1.1319899559020996,-1,1.132400345802307,0,0,1,1.1322463750839231,1.0
1732,2025-05-06 06:00:00+00:00,1.1322463750839231,1.131861925125122,-1,1.1322720766067504,0,0,1,1.13237464427948,1.0
1733,2025-05-06 06:15:00+00:00,1.13237464427948,1.1322463750839231,1,1.1321951150894165,0,0,1,1.1336582899093628,1.0
1734,2025-05-06 06:30:00+00:00,1.1336582899093628,1.13237464427948,1,1.1324774980545045,0,1,1,1.1328877210617063,0.0
1735,2025-05-06 06:45:00+00:00,1.1328877210617063,1.133529782295227,1,1.1326313972473145,-1,0,1,1.133144497871399,1.0
1736,2025-05-06 07:00:00+00:00,1.133144497871399,1.133144497871399,1,1.1328623056411744,0,1,1,1.1337867975234983,0.0
1737,2025-05-06 07:15:00+00:00,1.1337867975234983,1.133144497871399,1,1.1331703901290893,0,1,1,1.1348161697387695,0.0
1738,2025-05-06 07:30:00+00:00,1.1348161697387695,1.1340440511703491,1,1.133658695220947,-1,1,1,1.1341726779937744,0.0
1739,2025-05-06 07:45:00+00:00,1.1341726779937744,1.1348161697387695,1,1.1337615728378294,0,1,1,1.1343011856079102,0.0
1740,2025-05-06 08:00:00+00:00,1.1343011856079102,1.1340440511703491,1,1.1340442657470704,0,0,1,1.1343011856079102,0.0
1741,2025-05-06 08:15:00+00:00,1.1343011856079102,1.134687423706055,1,1.1342756032943726,0,0,1,1.1337867975234983,0.0
1742,2025-05-06 08:30:00+00:00,1.1337867975234983,1.1343011856079102,-1,1.1342756032943726,0,0,1,1.1330161094665527,0.0
1743,2025-05-06 08:45:00+00:00,1.1330161094665527,1.1339154243469238,-1,1.1339155912399292,1,0,1,1.1328877210617063,1.0
1744,2025-05-06 09:00:00+00:00,1.1328877210617063,1.1330161094665527,-1,1.1336585998535156,1,0,1,1.1321182250976562,1.0
1745,2025-05-06 09:15:00+00:00,1.1321182250976562,1.1326310634613037,-1,1.1332220077514648,0,0,1,1.1322463750839231,1.0
1746,2025-05-06 09:30:00+00:00,1.1322463750839231,1.1321182250976562,-1,1.1328110456466676,0,0,1,1.1313496828079224,1.0
1747,2025-05-06 09:45:00+00:00,1.1313496828079224,1.13237464427948,-1,1.1323236227035522,0,0,1,1.1319899559020996,1.0
1748,2025-05-06 10:00:00+00:00,1.1319899559020996,1.1314777135849,-1,1.1321183919906617,0,0,1,1.131861925125122,1.0
1749,2025-05-06 10:15:00+00:00,1.131861925125122,1.131861925125122,-1,1.1319132328033448,0,0,1,1.1326310634613037,1.0
1750,2025-05-06 10:30:00+00:00,1.1326310634613037,1.131733775138855,1,1.1320158004760743,0,0,1,1.1328877210617063,1.0
1751,2025-05-06 10:45:00+00:00,1.1328877210617063,1.132502794265747,1,1.1321440696716307,0,1,1,1.133144497871399,1.0
1752,2025-05-06 11:00:00+00:00,1.133144497871399,1.13275945186615,1,1.1325030326843262,-1,1,1,1.1330161094665527,1.0
1753,2025-05-06 11:15:00+00:00,1.1330161094665527,1.133144497871399,1,1.1327082633972168,-1,1,1,1.1334012746810913,1.0
1754,2025-05-06 11:30:00+00:00,1.1334012746810913,1.133144497871399,1,1.1330161333084106,0,1,1,1.1328877210617063,1.0
1755,2025-05-06 11:45:00+00:00,1.1328877210617063,1.1334012746810913,-1,1.1330674648284913,0,0,1,1.133144497871399,1.0
1756,2025-05-06 12:00:00+00:00,1.133144497871399,1.133144497871399,1,1.1331188201904296,0,0,1,1.133529782295227,1.0
1757,2025-05-06 12:15:00+00:00,1.133529782295227,1.133144497871399,1,1.1331958770751953,0,0,1,1.1343011856079102,1.0
1758,2025-05-06 12:30:00+00:00,1.1343011856079102,1.1337867975234983,1,1.1334528923034668,-1,1,0,1.1345586776733398,1.0
1759,2025-05-06 12:45:00+00:00,1.1345586776733398,1.1339154243469238,1,1.1336843729019166,-1,0,1,1.1332728862762451,1.0
1760,2025-05-06 13:00:00+00:00,1.1332728862762451,1.1343011856079102,-1,1.1337614059448242,0,0,1,1.1348161697387695,1.0
1761,2025-05-06 13:15:00+00:00,1.1348161697387695,1.1332728862762451,1,1.1340957403182983,0,1,1,1.1348161697387695,1.0
1762,2025-05-06 13:30:00+00:00,1.1348161697387695,1.1345586776733398,1,1.134353017807007,0,1,1,1.1354604959487915,1.0
1763,2025-05-06 13:45:00+00:00,1.1354604959487915,1.1349449157714844,1,1.1345848798751832,-1,1,0,1.1354604959487915,1.0
1764,2025-05-06 14:00:00+00:00,1.1354604959487915,1.1357183456420898,1,1.1347652435302735,0,0,1,1.1349449157714844,1.0
1765,2025-05-06 14:15:00+00:00,1.1349449157714844,1.1353315114974976,-1,1.1350996494293213,0,1,1,1.1354604959487915,1.0
1766,2025-05-06 14:30:00+00:00,1.1354604959487915,1.1349449157714844,1,1.1352285146713257,0,0,1,1.134687423706055,1.0
1767,2025-05-06 14:45:00+00:00,1.134687423706055,1.1353315114974976,-1,1.1352027654647827,0,0,1,1.134687423706055,1.0
1768,2025-05-06 15:00:00+00:00,1.134687423706055,1.1343011856079102,-1,1.1350481510162354,1,0,1,1.1350737810134888,1.0
1769,2025-05-06 15:15:00+00:00,1.1350737810134888,1.1348161697387695,1,1.1349708080291747,0,0,1,1.1345586776733398,1.0
1770,2025-05-06 15:30:00+00:00,1.1345586776733398,1.1352026462554932,-1,1.1348935604095458,0,0,1,1.1348161697387695,1.0
1771,2025-05-06 15:45:00+00:00,1.1348161697387695,1.134429931640625,1,1.1347646951675414,0,0,1,1.133529782295227,1.0
1772,2025-05-06 16:00:00+00:00,1.133529782295227,1.134687423706055,-1,1.134533166885376,0,0,1,1.1352026462554932,1.0
1773,2025-05-06 16:15:00+00:00,1.1352026462554932,1.1336582899093628,1,1.1346362113952637,0,0,1,1.1354604959487915,1.0
1774,2025-05-06 16:30:00+00:00,1.1354604959487915,1.1353315114974976,1,1.1347135543823241,-1,1,1,1.1352026462554932,1.0
1775,2025-05-06 16:45:00+00:00,1.1352026462554932,1.1352026462554932,1,1.1348423480987548,0,1,1,1.1366219520568848,1.0
1776,2025-05-06 17:00:00+00:00,1.1366219520568848,1.1354604959487915,1,1.1352035045623778,0,1,1,1.1371389627456665,1.0
1777,2025-05-06 17:15:00+00:00,1.1371389627456665,1.1367511749267578,1,1.1359253406524659,-1,1,0,1.1371389627456665,0.0
1778,2025-05-06 17:30:00+00:00,1.1371389627456665,1.1370097398757937,1,1.1363126039505005,-1,0,1,1.1367511749267578,0.0
1779,2025-05-06 17:45:00+00:00,1.1367511749267578,1.1368803977966309,1,1.1365707397460938,0,0,1,1.1363636255264282,1.0
1780,2025-05-06 18:00:00+00:00,1.1363636255264282,1.1366219520568848,-1,1.1368029356002807,1,0,1,1.1362345218658447,1.0
1781,2025-05-06 18:15:00+00:00,1.1362345218658447,1.1362345218658447,-1,1.1367254495620727,1,0,1,1.1368803977966309,1.0
1782,2025-05-06 18:30:00+00:00,1.1368803977966309,1.1363636255264282,1,1.1366737365722657,0,0,1,1.1373976469039917,0.0
1783,2025-05-06 18:45:00+00:00,1.1373976469039917,1.1368803977966309,1,1.1367254734039307,-1,1,1,1.137268304824829,0.0
1784,2025-05-06 19:00:00+00:00,1.137268304824829,1.1375269889831543,1,1.136828899383545,0,1,1,1.1379153728485107,0.0
1785,2025-05-06 19:15:00+00:00,1.1379153728485107,1.1373976469039917,1,1.1371392488479615,0,1,1,1.1381744146347046,0.0
1786,2025-05-06 19:30:00+00:00,1.1381744146347046,1.1379153728485107,1,1.1375272274017334,0,1,1,1.1376564502716064,0.0
1787,2025-05-06 19:45:00+00:00,1.1376564502716064,1.1383039951324463,-1,1.1376824378967285,0,1,1,1.138044834136963,0.0
1788,2025-05-06 20:00:00+00:00,1.138044834136963,1.1377859115600586,1,1.1378118753433228,0,0,1,1.1377859115600586,0.0
1789,2025-05-06 20:15:00+00:00,1.1377859115600586,1.1381744146347046,-1,1.1379153966903686,0,0,1,1.137268304824829,0.0
1790,2025-05-06 20:30:00+00:00,1.137268304824829,1.1373976469039917,-1,1.1377859830856323,1,0,1,1.1373976469039917,0.0
1791,2025-05-06 20:45:00+00:00,1.1373976469039917,1.137268304824829,-1,1.1376306295394898,1,0,1,1.1371389627456665,0.0
1792,2025-05-06 21:00:00+00:00,1.1371389627456665,1.1368803977966309,-1,1.1375271320343017,0,0,1,1.1376564502716064,0.0
1793,2025-05-06 21:15:00+00:00,1.1376564502716064,1.1373976469039917,1,1.1374494552612304,0,0,1,1.1375269889831543,0.0
1794,2025-05-06 21:30:00+00:00,1.1375269889831543,1.1375269889831543,1,1.1373976707458495,0,0,1,1.1376564502716064,0.0
1795,2025-05-06 21:45:00+00:00,1.1376564502716064,1.1373976469039917,1,1.1374752998352051,0,0,1,1.1340440511703491,0.0
1796,2025-05-06 22:00:00+00:00,1.1340440511703491,1.1376564502716064,-1,1.1368045806884766,0,0,1,1.133529782295227,1.0
1797,2025-05-06 22:15:00+00:00,1.133529782295227,1.134429931640625,-1,1.1360827445983888,1,0,1,1.1349449157714844,1.0
1798,2025-05-06 22:30:00+00:00,1.1349449157714844,1.1330161094665527,-1,1.1355404376983642,0,0,1,1.134429931640625,0.0
1799,2025-05-06 22:45:00+00:00,1.134429931640625,1.1350737810134888,-1,1.1349210262298584,0,0,1,1.1343011856079102,0.0
1800,2025-05-06 23:00:00+00:00,1.1343011856079102,1.134429931640625,1,1.1342499732971192,0,0,1,1.1345586776733398,1.0
1801,2025-05-06 23:15:00+00:00,1.1345586776733398,1.134429931640625,1,1.1343528985977174,0,0,1,1.1343011856079102,0.0
1802,2025-05-06 23:30:00+00:00,1.1343011856079102,1.1345586776733398,-1,1.134507179260254,0,0,1,1.1343011856079102,1.0
1803,2025-05-06 23:45:00+00:00,1.1343011856079102,1.1343011856079102,-1,1.134378433227539,0,0,1,1.1352026462554932,1.0
1804,2025-05-07 00:00:00+00:00,1.1352026462554932,1.1343011856079102,1,1.1345329761505127,0,1,1,1.1332728862762451,0.0
1805,2025-05-07 00:15:00+00:00,1.1332728862762451,1.1352026462554932,-1,1.1343273162841796,0,0,1,1.1341726779937744,1.0
1806,2025-05-07 00:30:00+00:00,1.1341726779937744,1.1334012746810913,-1,1.1342501163482666,1,0,1,1.134429931640625,1.0
1807,2025-05-07 00:45:00+00:00,1.134429931640625,1.1339154243469238,1,1.1342758655548095,0,0,1,1.1352026462554932,1.0
1808,2025-05-07 01:00:00+00:00,1.1352026462554932,1.1345586776733398,1,1.1344561576843262,0,0,1,1.1337867975234983,0.0
1809,2025-05-07 01:15:00+00:00,1.1337867975234983,1.1352026462554932,-1,1.1341729879379272,0,0,1,1.134429931640625,1.0
1810,2025-05-07 01:30:00+00:00,1.134429931640625,1.1336582899093628,1,1.1344043970108033,0,0,1,1.1345586776733398,1.0
1811,2025-05-07 01:45:00+00:00,1.1345586776733398,1.1345586776733398,1,1.1344815969467164,0,0,1,1.1340440511703491,1.0
1812,2025-05-07 02:00:00+00:00,1.1340440511703491,1.134429931640625,-1,1.1344044208526611,0,0,1,1.134687423706055,1.0
1813,2025-05-07 02:15:00+00:00,1.134687423706055,1.1343011856079102,1,1.1343013763427734,0,0,1,1.1350737810134888,1.0
1814,2025-05-07 02:30:00+00:00,1.1350737810134888,1.134687423706055,1,1.1345587730407716,-1,0,1,1.134429931640625,1.0
1815,2025-05-07 02:45:00+00:00,1.134429931640625,1.1349449157714844,-1,1.1345587730407716,0,0,1,1.1343011856079102,1.0
1816,2025-05-07 03:00:00+00:00,1.1343011856079102,1.134429931640625,-1,1.1345072746276856,0,0,1,1.1341726779937744,1.0
1817,2025-05-07 03:15:00+00:00,1.1341726779937744,1.1343011856079102,-1,1.1345329999923706,0,0,1,1.1340440511703491,1.0
1818,2025-05-07 03:30:00+00:00,1.1340440511703491,1.1341726779937744,-1,1.1344043254852294,0,0,1,1.1349449157714844,1.0
1819,2025-05-07 03:45:00+00:00,1.1349449157714844,1.1340440511703491,1,1.1343785524368286,0,0,1,1.1353315114974976,1.0
1820,2025-05-07 04:00:00+00:00,1.1353315114974976,1.1348161697387695,1,1.134558868408203,-1,1,1,1.1352026462554932,1.0
1821,2025-05-07 04:15:00+00:00,1.1352026462554932,1.1354604959487915,1,1.1347391605377197,-1,0,1,1.1349449157714844,1.0
1822,2025-05-07 04:30:00+00:00,1.1349449157714844,1.1350737810134888,1,1.1348936080932617,0,0,1,1.134687423706055,1.0
1823,2025-05-07 04:45:00+00:00,1.134687423706055,1.1349449157714844,-1,1.135022282600403,1,0,1,1.135589361190796,1.0
1824,2025-05-07 05:00:00+00:00,1.135589361190796,1.134687423706055,1,1.135151171684265,0,1,1,1.1357183456420898,1.0
1825,2025-05-07 05:15:00+00:00,1.1357183456420898,1.1357183456420898,1,1.1352285385131835,-1,1,0,1.1358473300933838,1.0
1826,2025-05-07 05:30:00+00:00,1.1358473300933838,1.1357183456420898,1,1.1353574752807618,0,0,1,1.1368803977966309,1.0
1827,2025-05-07 05:45:00+00:00,1.1368803977966309,1.1359764337539673,1,1.135744571685791,0,1,0,1.137268304824829,0.0
1828,2025-05-07 06:00:00+00:00,1.137268304824829,1.1371389627456665,1,1.136260747909546,-1,1,1,1.1368803977966309,0.0
1829,2025-05-07 06:15:00+00:00,1.1368803977966309,1.1368803977966309,1,1.136518955230713,0,1,1,1.1375269889831543,0.0
1830,2025-05-07 06:30:00+00:00,1.1375269889831543,1.1368803977966309,1,1.1368806838989258,0,1,1,1.138044834136963,0.0
1831,2025-05-07 06:45:00+00:00,1.138044834136963,1.137268304824829,1,1.1373201847076415,0,1,1,1.1371389627456665,0.0
1832,2025-05-07 07:00:00+00:00,1.1371389627456665,1.1375269889831543,-1,1.1373718976974487,0,0,1,1.1363636255264282,0.0
1833,2025-05-07 07:15:00+00:00,1.1363636255264282,1.1371389627456665,-1,1.1371909618377685,0,0,1,1.1363636255264282,1.0
1834,2025-05-07 07:30:00+00:00,1.1363636255264282,1.1363636255264282,-1,1.137087607383728,1,0,1,1.1363636255264282,1.0
1835,2025-05-07 07:45:00+00:00,1.1363636255264282,1.1364928483963013,-1,1.1368549346923829,0,0,1,1.1366219520568848,1.0
1836,2025-05-07 08:00:00+00:00,1.1366219520568848,1.1366219520568848,1,1.136570358276367,0,0,1,1.1368803977966309,0.0
1837,2025-05-07 08:15:00+00:00,1.1368803977966309,1.1366219520568848,1,1.13651864528656,0,0,1,1.1376564502716064,0.0
1838,2025-05-07 08:30:00+00:00,1.1376564502716064,1.1368803977966309,1,1.1367772102355957,-1,1,1,1.1362345218658447,0.0
1839,2025-05-07 08:45:00+00:00,1.1362345218658447,1.1373976469039917,-1,1.136751389503479,0,0,1,1.1354604959487915,1.0
1840,2025-05-07 09:00:00+00:00,1.1354604959487915,1.1362345218658447,-1,1.1365707635879516,1,0,1,1.1361054182052612,1.0
1841,2025-05-07 09:15:00+00:00,1.1361054182052612,1.1353315114974976,-1,1.136467456817627,1,0,1,1.1363636255264282,1.0
1842,2025-05-07 09:30:00+00:00,1.1363636255264282,1.1361054182052612,-1,1.1363641023635864,0,0,1,1.1361054182052612,1.0
1843,2025-05-07 09:45:00+00:00,1.1361054182052612,1.1361054182052612,1,1.1360538959503175,0,0,1,1.1367511749267578,1.0
1844,2025-05-07 10:00:00+00:00,1.1367511749267578,1.1359764337539673,1,1.1361572265625,0,0,1,1.1361054182052612,0.0
1845,2025-05-07 10:15:00+00:00,1.1361054182052612,1.1368803977966309,-1,1.136286211013794,0,0,1,1.1366219520568848,1.0
1846,2025-05-07 10:30:00+00:00,1.1366219520568848,1.1363636255264282,1,1.1363895177841186,0,0,1,1.1367511749267578,0.0
1847,2025-05-07 10:45:00+00:00,1.1367511749267578,1.1367511749267578,1,1.1364670276641846,0,0,1,1.1371389627456665,0.0
1848,2025-05-07 11:00:00+00:00,1.1371389627456665,1.1368803977966309,1,1.1366737365722657,-1,1,1,1.1371389627456665,0.0
1849,2025-05-07 11:15:00+00:00,1.1371389627456665,1.1371389627456665,1,1.1367512941360474,0,1,1,1.137268304824829,0.0
1850,2025-05-07 11:30:00+00:00,1.137268304824829,1.1370097398757937,1,1.136983871459961,0,0,1,1.1361054182052612,0.0
1851,2025-05-07 11:45:00+00:00,1.1361054182052612,1.1367511749267578,-1,1.1368805646896363,0,0,1,1.1366219520568848,0.0
1852,2025-05-07 12:00:00+00:00,1.1366219520568848,1.1361054182052612,-1,1.1368547201156616,0,0,1,1.1367511749267578,0.0
1853,2025-05-07 12:15:00+00:00,1.1367511749267578,1.1364928483963013,-1,1.1367771625518799,0,0,1,1.1361054182052612,0.0
1854,2025-05-07 12:30:00+00:00,1.1361054182052612,1.1366219520568848,-1,1.1365704536437988,0,0,1,1.1363636255264282,0.0
1855,2025-05-07 12:45:00+00:00,1.1363636255264282,1.1362345218658447,-1,1.1363895177841186,0,0,1,1.1361054182052612,0.0
1856,2025-05-07 13:00:00+00:00,1.1361054182052612,1.1363636255264282,-1,1.1363895177841186,0,0,1,1.1364928483963013,0.0
1857,2025-05-07 13:15:00+00:00,1.1364928483963013,1.1361054182052612,1,1.136363697052002,0,0,1,1.1357183456420898,0.0
1858,2025-05-07 13:30:00+00:00,1.1357183456420898,1.1364928483963013,-1,1.1361571311950684,0,0,1,1.1371389627456665,0.0
1859,2025-05-07 13:45:00+00:00,1.1371389627456665,1.1358473300933838,1,1.1363638401031495,0,1,1,1.1358473300933838,0.0
1860,2025-05-07 14:00:00+00:00,1.1358473300933838,1.1368803977966309,-1,1.1362605810165405,0,0,1,1.1363636255264282,0.0
1861,2025-05-07 14:15:00+00:00,1.1363636255264282,1.1359764337539673,1,1.136312222480774,0,0,1,1.1370097398757937,0.0
1862,2025-05-07 14:30:00+00:00,1.1370097398757937,1.1364928483963013,1,1.1364156007766724,0,0,1,1.1368803977966309,0.0
1863,2025-05-07 14:45:00+00:00,1.1368803977966309,1.1371389627456665,1,1.1366480112075805,0,1,1,1.1368803977966309,0.0
1864,2025-05-07 15:00:00+00:00,1.1368803977966309,1.1371389627456665,1,1.1365962982177735,0,0,1,1.134687423706055,0.0
1865,2025-05-07 15:15:00+00:00,1.134687423706055,1.1367511749267578,-1,1.1363643169403077,0,0,1,1.1352026462554932,0.0
1866,2025-05-07 15:30:00+00:00,1.1352026462554932,1.1348161697387695,-1,1.1361321210861206,1,0,1,1.1350737810134888,0.0
1867,2025-05-07 15:45:00+00:00,1.1350737810134888,1.1349449157714844,-1,1.1357449293136597,0,0,1,1.134429931640625,0.0
1868,2025-05-07 16:00:00+00:00,1.134429931640625,1.134687423706055,-1,1.1352548360824586,0,0,1,1.1350737810134888,0.0
1869,2025-05-07 16:15:00+00:00,1.1350737810134888,1.134429931640625,1,1.1348935127258302,0,0,1,1.1352026462554932,0.0
1870,2025-05-07 16:30:00+00:00,1.1352026462554932,1.1350737810134888,1,1.1349965572357177,-1,0,1,1.1353315114974976,0.0
1871,2025-05-07 16:45:00+00:00,1.1353315114974976,1.1350737810134888,1,1.1350223302841187,0,1,1,1.1349449157714844,0.0
1872,2025-05-07 17:00:00+00:00,1.1349449157714844,1.1350737810134888,-1,1.1349965572357177,0,0,1,1.1343011856079102,0.0
1873,2025-05-07 17:15:00+00:00,1.1343011856079102,1.1349449157714844,-1,1.1349708080291747,1,0,1,1.1341726779937744,0.0
1874,2025-05-07 17:30:00+00:00,1.1341726779937744,1.1340440511703491,-1,1.134790587425232,0,0,1,1.134429931640625,0.0
1875,2025-05-07 17:45:00+00:00,1.134429931640625,1.1341726779937744,-1,1.1346360445022583,0,0,1,1.1358473300933838,0.0
1876,2025-05-07 18:00:00+00:00,1.1358473300933838,1.1343011856079102,1,1.1347392082214356,0,1,1,1.1352026462554932,0.0
1877,2025-05-07 18:15:00+00:00,1.1352026462554932,1.1364928483963013,1,1.1347907543182374,-1,1,1,1.1345586776733398,0.0
1878,2025-05-07 18:30:00+00:00,1.1345586776733398,1.1353315114974976,-1,1.1348422527313233,0,1,1,1.1336582899093628,0.0
1879,2025-05-07 18:45:00+00:00,1.1336582899093628,1.1337867975234983,-1,1.134739375114441,1,0,1,1.1316057443618774,0.0
1880,2025-05-07 19:00:00+00:00,1.1316057443618774,1.133529782295227,-1,1.1341745376586914,1,0,1,1.1319899559020996,0.0
1881,2025-05-07 19:15:00+00:00,1.1319899559020996,1.1316057443618774,-1,1.1334030628204346,1,0,1,1.1313496828079224,0.0
1882,2025-05-07 19:30:00+00:00,1.1313496828079224,1.131861925125122,-1,1.1326324701309205,0,0,1,1.1309658288955688,0.0
1883,2025-05-07 19:45:00+00:00,1.1309658288955688,1.1308379173278809,-1,1.1319139003753662,0,0,1,1.1298158168792725,1.0
1884,2025-05-07 20:00:00+00:00,1.1298158168792725,1.1309658288955688,-1,1.1311454057693482,0,0,1,1.1301988363265991,1.0
1885,2025-05-07 20:15:00+00:00,1.1301988363265991,1.1296881437301636,-1,1.1308640241622925,1,0,1,1.1303266286849976,1.0
1886,2025-05-07 20:30:00+00:00,1.1303266286849976,1.130454421043396,-1,1.1305313587188721,0,0,1,1.130454421043396,1.0
1887,2025-05-07 20:45:00+00:00,1.130454421043396,1.1303266286849976,1,1.1303523063659668,0,0,1,1.1310937404632568,1.0
1888,2025-05-07 21:00:00+00:00,1.1310937404632568,1.1301988363265991,1,1.1303778886795044,0,0,1,1.1319899559020996,1.0
1889,2025-05-07 21:15:00+00:00,1.1319899559020996,1.1312217712402344,1,1.1308127164840698,-1,1,1,1.1314777135849,0.0
1890,2025-05-07 21:30:00+00:00,1.1314777135849,1.131733775138855,1,1.13106849193573,0,0,1,1.131733775138855,1.0
1891,2025-05-07 21:45:00+00:00,1.131733775138855,1.1313496828079224,1,1.1313499212265015,0,0,1,1.1309658288955688,1.0
1892,2025-05-07 22:00:00+00:00,1.1309658288955688,1.1310937404632568,-1,1.131452202796936,1,0,1,1.1310937404632568,1.0
1893,2025-05-07 22:15:00+00:00,1.1310937404632568,1.1310937404632568,-1,1.131452202796936,1,0,1,1.1310937404632568,1.0
1894,2025-05-07 22:30:00+00:00,1.1310937404632568,1.1309658288955688,-1,1.1312729597091675,0,0,1,1.130454421043396,1.0
1895,2025-05-07 22:45:00+00:00,1.130454421043396,1.1310937404632568,-1,1.1310683012008667,0,0,1,1.1308379173278809,1.0
1896,2025-05-07 23:00:00+00:00,1.1308379173278809,1.130454421043396,-1,1.1308891296386718,0,0,1,1.1308379173278809,1.0
1897,2025-05-07 23:15:00+00:00,1.1308379173278809,1.1309658288955688,-1,1.1308635473251343,0,0,1,1.1312217712402344,1.0
1898,2025-05-07 23:30:00+00:00,1.1312217712402344,1.1308379173278809,1,1.1308891534805299,0,0,1,1.1308379173278809,1.0
1899,2025-05-07 23:45:00+00:00,1.1308379173278809,1.1310937404632568,-1,1.1308379888534545,0,0,1,1.1313496828079224,1.0
1900,2025-05-08 00:00:00+00:00,1.1313496828079224,1.1305822134017944,1,1.1310170412063598,0,1,1,1.131861925125122,1.0
1901,2025-05-08 00:15:00+00:00,1.131861925125122,1.1314777135849,1,1.131221842765808,-1,1,1,1.131733775138855,1.0
1902,2025-05-08 00:30:00+00:00,1.131733775138855,1.131733775138855,1,1.1314010143280029,0,0,1,1.1316057443618774,1.0
1903,2025-05-08 00:45:00+00:00,1.1316057443618774,1.1316057443618774,1,1.1314778089523316,0,1,1,1.13237464427948,1.0
1904,2025-05-08 01:00:00+00:00,1.13237464427948,1.1313496828079224,1,1.1317851543426514,0,0,1,1.131733775138855,0.0
1905,2025-05-08 01:15:00+00:00,1.131733775138855,1.1322463750839231,-1,1.131861972808838,0,0,1,1.1314777135849,1.0
1906,2025-05-08 01:30:00+00:00,1.1314777135849,1.1316057443618774,-1,1.1317851305007935,0,0,1,1.1336582899093628,1.0
1907,2025-05-08 01:45:00+00:00,1.1336582899093628,1.1316057443618774,1,1.132170033454895,0,1,1,1.13275945186615,0.0
1908,2025-05-08 02:00:00+00:00,1.13275945186615,1.1336582899093628,1,1.1324007749557494,-1,0,1,1.1332728862762451,0.0
1909,2025-05-08 02:15:00+00:00,1.1332728862762451,1.1326310634613037,1,1.1325804233551025,0,0,1,1.1330161094665527,0.0
1910,2025-05-08 02:30:00+00:00,1.1330161094665527,1.1334012746810913,1,1.132836890220642,0,0,1,1.1326310634613037,0.0
1911,2025-05-08 02:45:00+00:00,1.1326310634613037,1.1330161094665527,-1,1.1330675601959228,0,0,1,1.1337867975234983,0.0
1912,2025-05-08 03:00:00+00:00,1.1337867975234983,1.1326310634613037,1,1.13309326171875,0,1,1,1.1334012746810913,0.0
1913,2025-05-08 03:15:00+00:00,1.1334012746810913,1.1336582899093628,1,1.1332216262817383,0,0,1,1.1332728862762451,0.0
1914,2025-05-08 03:30:00+00:00,1.1332728862762451,1.1334012746810913,1,1.1332216262817383,0,0,1,1.1330161094665527,0.0
1915,2025-05-08 03:45:00+00:00,1.1330161094665527,1.1332728862762451,-1,1.1332216262817383,0,0,1,1.1330161094665527,0.0
1916,2025-05-08 04:00:00+00:00,1.1330161094665527,1.133144497871399,-1,1.133298635482788,0,0,1,1.133144497871399,0.0
1917,2025-05-08 04:15:00+00:00,1.133144497871399,1.1330161094665527,-1,1.1331701755523682,0,0,1,1.13275945186615,0.0
1918,2025-05-08 04:30:00+00:00,1.13275945186615,1.133144497871399,-1,1.1330418109893798,0,0,1,1.1322463750839231,0.0
1919,2025-05-08 04:45:00+00:00,1.1322463750839231,1.13275945186615,-1,1.1328365087509156,1,0,1,1.1305822134017944,0.0
1920,2025-05-08 05:00:00+00:00,1.1305822134017944,1.1321182250976562,-1,1.1323497295379639,1,0,1,1.1309658288955688,0.0
1921,2025-05-08 05:15:00+00:00,1.1309658288955688,1.1305822134017944,-1,1.131939673423767,1,0,1,1.1307101249694824,0.0
1922,2025-05-08 05:30:00+00:00,1.1307101249694824,1.1309658288955688,-1,1.1314527988433838,0,0,1,1.1308379173278809,0.0
1923,2025-05-08 05:45:00+00:00,1.1308379173278809,1.1307101249694824,-1,1.13106849193573,0,0,1,1.1299434900283811,0.0
1924,2025-05-08 06:00:00+00:00,1.1299434900283811,1.1305822134017944,-1,1.1306079149246215,0,0,1,1.128795504570007,0.0
1925,2025-05-08 06:15:00+00:00,1.128795504570007,1.1299434900283811,-1,1.130250573158264,1,0,1,1.128031611442566,1.0
1926,2025-05-08 06:30:00+00:00,1.128031611442566,1.1290504932403564,-1,1.1296637296676635,1,0,1,1.1285407543182373,1.0
1927,2025-05-08 06:45:00+00:00,1.1285407543182373,1.128413438796997,-1,1.1292298555374143,0,0,1,1.128031611442566,1.0
1928,2025-05-08 07:00:00+00:00,1.128031611442566,1.1285407543182373,-1,1.1286685943603514,0,0,1,1.1291780471801758,1.0
1929,2025-05-08 07:15:00+00:00,1.1291780471801758,1.1282861232757568,1,1.1285155057907104,0,0,1,1.129433035850525,1.0
1930,2025-05-08 07:30:00+00:00,1.129433035850525,1.1291780471801758,1,1.128643012046814,-1,0,1,1.1300712823867798,1.0
1931,2025-05-08 07:45:00+00:00,1.1300712823867798,1.129433035850525,1,1.1290509462356568,-1,1,1,1.1298158168792725,0.0
1932,2025-05-08 08:00:00+00:00,1.1298158168792725,1.1299434900283811,1,1.1293059587478638,-1,1,1,1.1295605897903442,0.0
1933,2025-05-08 08:15:00+00:00,1.1295605897903442,1.1291780471801758,-1,1.1296117544174193,0,0,1,1.1295605897903442,1.0
1934,2025-05-08 08:30:00+00:00,1.1295605897903442,1.1290504932403564,-1,1.1296882629394531,1,0,1,1.1291780471801758,1.0
1935,2025-05-08 08:45:00+00:00,1.1291780471801758,1.1293054819107056,-1,1.1296372652053832,0,0,1,1.1296881437301636,1.0
1936,2025-05-08 09:00:00+00:00,1.1296881437301636,1.1290504932403564,1,1.12956063747406,0,0,1,1.1291780471801758,1.0
1937,2025-05-08 09:15:00+00:00,1.1291780471801758,1.1300712823867798,-1,1.1294330835342408,0,0,1,1.1290504932403564,1.0
1938,2025-05-08 09:30:00+00:00,1.1290504932403564,1.1290504932403564,-1,1.1293310642242431,0,0,1,1.128668189048767,1.0
1939,2025-05-08 09:45:00+00:00,1.128668189048767,1.1291780471801758,-1,1.1291525840759278,0,0,1,1.128031611442566,1.0
1940,2025-05-08 10:00:00+00:00,1.128031611442566,1.128413438796997,-1,1.1289232969284058,0,0,1,1.1296881437301636,1.0
1941,2025-05-08 10:15:00+00:00,1.1296881437301636,1.1282861232757568,1,1.1289232969284058,0,0,1,1.1300712823867798,1.0
1942,2025-05-08 10:30:00+00:00,1.1300712823867798,1.129433035850525,1,1.1291019439697265,-1,1,1,1.1290504932403564,0.0
1943,2025-05-08 10:45:00+00:00,1.1290504932403564,1.1300712823867798,-1,1.1291019439697265,0,0,1,1.1295605897903442,1.0
1944,2025-05-08 11:00:00+00:00,1.1295605897903442,1.1291780471801758,1,1.129280424118042,0,0,1,1.1293054819107056,0.0
1945,2025-05-08 11:15:00+00:00,1.1293054819107056,1.129433035850525,-1,1.12953519821167,0,1,1,1.1291780471801758,0.0
1946,2025-05-08 11:30:00+00:00,1.1291780471801758,1.1293054819107056,-1,1.1294331789016723,0,0,1,1.1299434900283811,0.0
1947,2025-05-08 11:45:00+00:00,1.1299434900283811,1.1293054819107056,1,1.1294076204299928,0,0,1,1.1308379173278809,0.0
1948,2025-05-08 12:00:00+00:00,1.1308379173278809,1.1299434900283811,1,1.1297651052474975,-1,0,1,1.1309658288955688,0.0
1949,2025-05-08 12:15:00+00:00,1.1309658288955688,1.1312217712402344,1,1.1300461530685424,-1,1,1,1.1316057443618774,0.0
1950,2025-05-08 12:30:00+00:00,1.1316057443618774,1.130454421043396,1,1.130506205558777,0,1,1,1.1300712823867798,0.0
1951,2025-05-08 12:45:00+00:00,1.1300712823867798,1.1313496828079224,-1,1.1306848526000977,0,0,1,1.1309658288955688,0.0
1952,2025-05-08 13:00:00+00:00,1.1309658288955688,1.130454421043396,1,1.130889320373535,0,0,1,1.1310937404632568,0.0
1953,2025-05-08 13:15:00+00:00,1.1310937404632568,1.1308379173278809,1,1.1309404850006104,0,0,1,1.1299434900283811,0.0
1954,2025-05-08 13:30:00+00:00,1.1299434900283811,1.1313496828079224,-1,1.1307360172271728,0,0,1,1.1309658288955688,0.0
1955,2025-05-08 13:45:00+00:00,1.1309658288955688,1.1300712823867798,1,1.130608034133911,0,0,1,1.1314777135849,0.0
1956,2025-05-08 14:00:00+00:00,1.1314777135849,1.1309658288955688,1,1.130889320373535,0,1,1,1.1295605897903442,0.0
1957,2025-05-08 14:15:00+00:00,1.1295605897903442,1.1312217712402344,-1,1.1306082725524902,0,0,1,1.130454421043396,0.0
1958,2025-05-08 14:30:00+00:00,1.130454421043396,1.1298158168792725,-1,1.130480408668518,1,0,1,1.1282861232757568,0.0
1959,2025-05-08 14:45:00+00:00,1.1282861232757568,1.1299434900283811,-1,1.1301489353179932,0,0,1,1.1289230585098269,0.0
1960,2025-05-08 15:00:00+00:00,1.1289230585098269,1.1281588077545166,-1,1.1297403812408446,1,0,1,1.1279042959213257,0.0
1961,2025-05-08 15:15:00+00:00,1.1279042959213257,1.1291780471801758,-1,1.1290256977081299,0,0,1,1.1263798475265503,0.0
1962,2025-05-08 15:30:00+00:00,1.1263798475265503,1.128031611442566,-1,1.128389549255371,0,0,1,1.125112533569336,0.0
1963,2025-05-08 15:45:00+00:00,1.125112533569336,1.1267606019973757,-1,1.1273211717605591,1,0,1,1.1228384971618652,0.0
1964,2025-05-08 16:00:00+00:00,1.1228384971618652,1.1252391338348389,-1,1.1262316465377809,1,0,1,1.123342990875244,0.0
1965,2025-05-08 16:15:00+00:00,1.123342990875244,1.1225864887237549,-1,1.1251156330108643,1,0,1,1.1234692335128784,0.0
1966,2025-05-08 16:30:00+00:00,1.1234692335128784,1.123342990875244,-1,1.1242286205291747,0,0,1,1.12296462059021,0.0
1967,2025-05-08 16:45:00+00:00,1.12296462059021,1.123721718788147,-1,1.1235455751419068,0,0,1,1.12271249294281,0.0
1968,2025-05-08 17:00:00+00:00,1.12271249294281,1.12271249294281,-1,1.1230655670166017,0,0,1,1.1220825910568235,1.0
1969,2025-05-08 17:15:00+00:00,1.1220825910568235,1.12296462059021,-1,1.1229143857955932,0,0,1,1.1218308210372925,1.0
1970,2025-05-08 17:30:00+00:00,1.1218308210372925,1.1222084760665894,-1,1.1226119518280029,0,0,1,1.123090744018555,1.0
1971,2025-05-08 17:45:00+00:00,1.123090744018555,1.1218308210372925,1,1.1225362539291381,0,0,1,1.1232168674468994,0.0
1972,2025-05-08 18:00:00+00:00,1.1232168674468994,1.12296462059021,1,1.1225867033004762,-1,0,1,1.12296462059021,0.0
1973,2025-05-08 18:15:00+00:00,1.12296462059021,1.123342990875244,1,1.1226371288299561,0,1,1,1.1224603652954102,0.0
1974,2025-05-08 18:30:00+00:00,1.1224603652954102,1.1228384971618652,-1,1.1227126836776733,0,0,1,1.1228384971618652,1.0
1975,2025-05-08 18:45:00+00:00,1.1228384971618652,1.1224603652954102,-1,1.1229142189025878,0,0,1,1.1228384971618652,1.0
1976,2025-05-08 19:00:00+00:00,1.1228384971618652,1.12271249294281,-1,1.12286376953125,0,0,1,1.1215791702270508,1.0
1977,2025-05-08 19:15:00+00:00,1.1215791702270508,1.12296462059021,-1,1.1225362300872803,0,0,1,1.1220825910568235,1.0
1978,2025-05-08 19:30:00+00:00,1.1220825910568235,1.1217050552368164,-1,1.122359824180603,1,0,1,1.1232168674468994,1.0
1979,2025-05-08 19:45:00+00:00,1.1232168674468994,1.1224603652954102,1,1.122511124610901,0,1,1,1.12271249294281,0.0
1980,2025-05-08 20:00:00+00:00,1.12271249294281,1.12296462059021,1,1.1224859237670899,-1,0,1,1.123090744018555,1.0
1981,2025-05-08 20:15:00+00:00,1.123090744018555,1.1228384971618652,1,1.1225363731384277,0,0,1,1.123090744018555,0.0
1982,2025-05-08 20:30:00+00:00,1.123090744018555,1.123090744018555,1,1.1228386878967285,-1,0,1,1.1232168674468994,0.0
1983,2025-05-08 20:45:00+00:00,1.1232168674468994,1.1232168674468994,1,1.1230655431747436,0,0,1,1.12296462059021,0.0
1984,2025-05-08 21:00:00+00:00,1.12296462059021,1.1222084760665894,-1,1.1230150938034058,0,0,1,1.1228384971618652,0.0
1985,2025-05-08 21:15:00+00:00,1.1228384971618652,1.1228384971618652,-1,1.1230402946472169,0,0,1,1.12271249294281,0.0
1986,2025-05-08 21:30:00+00:00,1.12271249294281,1.1228384971618652,-1,1.1229646444320678,0,0,1,1.1228384971618652,0.0
1987,2025-05-08 21:45:00+00:00,1.1228384971618652,1.1228384971618652,-1,1.12291419506073,0,0,1,1.123090744018555,0.0
1988,2025-05-08 22:00:00+00:00,1.123090744018555,1.123090744018555,1,1.122888970375061,0,1,1,1.1232168674468994,0.0
1989,2025-05-08 22:15:00+00:00,1.1232168674468994,1.123090744018555,1,1.1229394197463989,0,0,1,1.123342990875244,0.0
1990,2025-05-08 22:30:00+00:00,1.123342990875244,1.123090744018555,1,1.1230403184890747,0,1,1,1.1235954761505127,0.0
1991,2025-05-08 22:45:00+00:00,1.1235954761505127,1.1235954761505127,1,1.1232169151306153,0,0,1,1.1228384971618652,0.0
1992,2025-05-08 23:00:00+00:00,1.1228384971618652,1.1234692335128784,-1,1.1232169151306153,0,0,1,1.12271249294281,0.0
1993,2025-05-08 23:15:00+00:00,1.12271249294281,1.1228384971618652,-1,1.1231412649154664,1,0,1,1.123090744018555,0.0
1994,2025-05-08 23:30:00+00:00,1.123090744018555,1.1225864887237549,-1,1.1231160402297973,0,0,1,1.1228384971618652,0.0
1995,2025-05-08 23:45:00+00:00,1.1228384971618652,1.123090744018555,-1,1.1230151414871217,0,0,1,1.1223344802856443,0.0
1996,2025-05-09 00:00:00+00:00,1.1223344802856443,1.123090744018555,-1,1.1227629423141479,0,0,1,1.1220825910568235,0.0
1997,2025-05-09 00:15:00+00:00,1.1220825910568235,1.1222084760665894,-1,1.1226117610931396,1,0,1,1.1222084760665894,1.0
1998,2025-05-09 00:30:00+00:00,1.1222084760665894,1.121956706047058,-1,1.1225109577178956,0,0,1,1.12296462059021,1.0
1999,2025-05-09 00:45:00+00:00,1.12296462059021,1.1222084760665894,1,1.1224857330322267,0,0,1,1.1228384971618652,0.0
2000,2025-05-09 01:00:00+00:00,1.1228384971618652,1.12296462059021,1,1.1224857330322267,-1,0,1,1.1218308210372925,0.0
2001,2025-05-09 01:15:00+00:00,1.1218308210372925,1.1228384971618652,-1,1.1223850011825562,0,0,1,1.1214534044265747,1.0
2002,2025-05-09 01:30:00+00:00,1.1214534044265747,1.1220825910568235,-1,1.1222591638565063,1,0,1,1.1215791702270508,1.0
2003,2025-05-09 01:45:00+00:00,1.1215791702270508,1.1218308210372925,-1,1.1221333026885987,0,0,1,1.1203227043151855,1.0
2004,2025-05-09 02:00:00+00:00,1.1203227043151855,1.1214534044265747,-1,1.1216049194335938,0,0,1,1.121076226234436,1.0
2005,2025-05-09 02:15:00+00:00,1.121076226234436,1.1204482316970823,-1,1.121252465248108,1,0,1,1.1217050552368164,1.0
2006,2025-05-09 02:30:00+00:00,1.1217050552368164,1.1209505796432495,1,1.1212273120880127,0,0,1,1.1222084760665894,1.0
2007,2025-05-09 02:45:00+00:00,1.1222084760665894,1.1215791702270508,1,1.1213783264160155,-1,0,1,1.1228384971618652,1.0
2008,2025-05-09 03:00:00+00:00,1.1228384971618652,1.1223344802856443,1,1.1216301918029785,-1,1,0,1.1224603652954102,1.0
2009,2025-05-09 03:15:00+00:00,1.1224603652954102,1.12271249294281,1,1.1220577239990235,-1,0,1,1.1225864887237549,1.0
2010,2025-05-09 03:30:00+00:00,1.1225864887237549,1.1224603652954102,1,1.1223597764968871,0,0,1,1.1224603652954102,1.0
2011,2025-05-09 03:45:00+00:00,1.1224603652954102,1.1225864887237549,-1,1.122510838508606,0,0,1,1.12296462059021,1.0
2012,2025-05-09 04:00:00+00:00,1.12296462059021,1.1225864887237549,1,1.12266206741333,0,1,1,1.1228384971618652,1.0
2013,2025-05-09 04:15:00+00:00,1.1228384971618652,1.123090744018555,1,1.12266206741333,0,0,1,1.12296462059021,1.0
2014,2025-05-09 04:30:00+00:00,1.12296462059021,1.12296462059021,1,1.12276291847229,0,1,1,1.1232168674468994,1.0
2015,2025-05-09 04:45:00+00:00,1.1232168674468994,1.123090744018555,1,1.122888994216919,0,0,1,1.1228384971618652,1.0
2016,2025-05-09 05:00:00+00:00,1.1228384971618652,1.1232168674468994,-1,1.12296462059021,0,0,1,1.1223344802856443,1.0
2017,2025-05-09 05:15:00+00:00,1.1223344802856443,1.123090744018555,-1,1.122838592529297,0,0,1,1.1234692335128784,1.0
2018,2025-05-09 05:30:00+00:00,1.1234692335128784,1.1223344802856443,1,1.1229647397994995,0,1,1,1.1238480806350708,1.0
2019,2025-05-09 05:45:00+00:00,1.1238480806350708,1.123342990875244,1,1.1231414318084716,0,1,1,1.1242270469665527,1.0
2020,2025-05-09 06:00:00+00:00,1.1242270469665527,1.123721718788147,1,1.1233434677124023,-1,1,1,1.1238480806350708,1.0
2021,2025-05-09 06:15:00+00:00,1.1238480806350708,1.12447988986969,1,1.1235453844070435,0,1,1,1.1247328519821167,1.0
2022,2025-05-09 06:30:00+00:00,1.1247328519821167,1.1241008043289185,1,1.1240250587463378,0,1,1,1.124606370925903,1.0
2023,2025-05-09 06:45:00+00:00,1.124606370925903,1.124606370925903,1,1.1242524862289427,-1,1,1,1.125112533569336,1.0
2024,2025-05-09 07:00:00+00:00,1.125112533569336,1.1242270469665527,1,1.124505376815796,0,0,1,1.1247328519821167,1.0
2025,2025-05-09 07:15:00+00:00,1.1247328519821167,1.124985933303833,1,1.1246065378189087,0,0,1,1.1261261701583862,1.0
2026,2025-05-09 07:30:00+00:00,1.1261261701583862,1.1248594522476196,1,1.1250621557235718,0,1,1,1.1254924535751345,0.0
2027,2025-05-09 07:45:00+00:00,1.1254924535751345,1.1259993314743042,1,1.1252140760421754,-1,0,1,1.125112533569336,0.0
2028,2025-05-09 08:00:00+00:00,1.125112533569336,1.1256190538406372,-1,1.1253153085708618,0,0,1,1.124606370925903,1.0
2029,2025-05-09 08:15:00+00:00,1.124606370925903,1.125112533569336,-1,1.1252140760421754,1,0,1,1.1258726119995115,1.0
2030,2025-05-09 08:30:00+00:00,1.1258726119995115,1.1248594522476196,1,1.1254420280456543,0,0,1,1.1258726119995115,0.0
2031,2025-05-09 08:45:00+00:00,1.1258726119995115,1.1256190538406372,1,1.1253913164138794,-1,0,1,1.1256190538406372,0.0
2032,2025-05-09 09:00:00+00:00,1.1256190538406372,1.1258726119995115,1,1.12541663646698,0,1,1,1.1253657341003418,1.0
2033,2025-05-09 09:15:00+00:00,1.1253657341003418,1.1257457733154297,-1,1.1254672765731812,0,0,1,1.1253657341003418,1.0
2034,2025-05-09 09:30:00+00:00,1.1253657341003418,1.1253657341003418,-1,1.125619149208069,0,0,1,1.125112533569336,1.0
2035,2025-05-09 09:45:00+00:00,1.125112533569336,1.1253657341003418,-1,1.1254671335220336,0,0,1,1.1247328519821167,1.0
2036,2025-05-09 10:00:00+00:00,1.1247328519821167,1.124985933303833,-1,1.1252391815185547,1,0,1,1.124606370925903,1.0
2037,2025-05-09 10:15:00+00:00,1.124606370925903,1.124985933303833,-1,1.125036644935608,0,0,1,1.125112533569336,1.0
2038,2025-05-09 10:30:00+00:00,1.125112533569336,1.124606370925903,1,1.1249860048294067,0,0,1,1.1248594522476196,1.0
2039,2025-05-09 10:45:00+00:00,1.1248594522476196,1.125112533569336,-1,1.1248847484588622,0,0,1,1.1256190538406372,1.0
2040,2025-05-09 11:00:00+00:00,1.1256190538406372,1.1248594522476196,1,1.1249860525131226,0,1,1,1.1256190538406372,1.0
2041,2025-05-09 11:15:00+00:00,1.1256190538406372,1.1257457733154297,1,1.1251632928848267,0,1,1,1.1253657341003418,1.0
2042,2025-05-09 11:30:00+00:00,1.1253657341003418,1.1258726119995115,1,1.1253151655197144,0,0,1,1.1257457733154297,1.0
2043,2025-05-09 11:45:00+00:00,1.1257457733154297,1.125112533569336,1,1.125441813468933,0,0,1,1.1257457733154297,1.0
2044,2025-05-09 12:00:00+00:00,1.1257457733154297,1.1257457733154297,1,1.125619077682495,0,0,1,1.1257457733154297,1.0
2045,2025-05-09 12:15:00+00:00,1.1257457733154297,1.1258726119995115,1,1.1256444215774537,0,0,1,1.125112533569336,1.0
2046,2025-05-09 12:30:00+00:00,1.125112533569336,1.1257457733154297,-1,1.1255431175231934,0,0,1,1.1257457733154297,1.0
2047,2025-05-09 12:45:00+00:00,1.1257457733154297,1.1252391338348389,1,1.125619125366211,0,0,1,1.126633644104004,1.0
2048,2025-05-09 13:00:00+00:00,1.126633644104004,1.1257457733154297,1,1.1257966995239257,0,1,1,1.1265066862106323,1.0
2049,2025-05-09 13:15:00+00:00,1.1265066862106323,1.1267606019973757,1,1.1259488821029664,-1,0,1,1.1267606019973757,1.0
2050,2025-05-09 13:30:00+00:00,1.1267606019973757,1.1265066862106323,1,1.1261518478393555,0,0,1,1.1262530088424685,1.0
2051,2025-05-09 13:45:00+00:00,1.1262530088424685,1.1267606019973757,-1,1.126379942893982,0,0,1,1.1275228261947632,1.0
2052,2025-05-09 14:00:00+00:00,1.1275228261947632,1.1259993314743042,1,1.1267353534698485,0,1,1,1.1293054819107056,0.0
2053,2025-05-09 14:15:00+00:00,1.1293054819107056,1.1273956298828125,1,1.127269721031189,-1,1,1,1.1281588077545166,0.0
2054,2025-05-09 14:30:00+00:00,1.1281588077545166,1.1289230585098269,1,1.1276001453399658,-1,0,1,1.127268671989441,0.0
2055,2025-05-09 14:45:00+00:00,1.127268671989441,1.128031611442566,-1,1.127701759338379,0,0,1,1.1270145177841189,0.0
2056,2025-05-09 15:00:00+00:00,1.1270145177841189,1.127268671989441,-1,1.127854061126709,1,0,1,1.126887559890747,0.0
2057,2025-05-09 15:15:00+00:00,1.126887559890747,1.1267606019973757,-1,1.1277270078659059,1,0,1,1.1273956298828125,0.0
2058,2025-05-09 15:30:00+00:00,1.1273956298828125,1.126887559890747,1,1.127345037460327,0,0,1,1.1273956298828125,0.0
2059,2025-05-09 15:45:00+00:00,1.1273956298828125,1.127268671989441,1,1.1271924018859862,-1,0,1,1.1270145177841189,0.0
2060,2025-05-09 16:00:00+00:00,1.1270145177841189,1.1273956298828125,-1,1.127141571044922,0,0,1,1.126633644104004,0.0
2061,2025-05-09 16:15:00+00:00,1.126633644104004,1.1271415948867798,-1,1.127065396308899,0,0,1,1.126633644104004,0.0
