Datetime,Close,High,Low,Open,Volume
2025-04-14 20:10:00+00:00,1.1361054182052612,1.1361054182052612,1.1357183456420898,1.1357183456420898,0
2025-04-14 20:15:00+00:00,1.1358473300933838,1.1361054182052612,1.1358473300933838,1.1359764337539673,0
2025-04-14 20:20:00+00:00,1.1357183456420898,1.1357183456420898,1.1352026462554932,1.135589361190796,0
2025-04-14 20:25:00+00:00,1.1352026462554932,1.1354604959487915,1.1350737810134888,1.1354604959487915,0
2025-04-14 20:30:00+00:00,1.1352026462554932,1.1352026462554932,1.1349449157714844,1.1350737810134888,0
2025-04-14 20:35:00+00:00,1.1352026462554932,1.1352026462554932,1.1348161697387695,1.1348161697387695,0
2025-04-14 20:40:00+00:00,1.1354604959487915,1.1354604959487915,1.1352026462554932,1.1353315114974976,0
2025-04-14 20:45:00+00:00,1.1357183456420898,1.1357183456420898,1.135589361190796,1.135589361190796,0
2025-04-14 20:50:00+00:00,1.1353315114974976,1.1357183456420898,1.1353315114974976,1.135589361190796,0
2025-04-14 20:55:00+00:00,1.1353315114974976,1.1353315114974976,1.1352026462554932,1.1353315114974976,0
2025-04-14 21:00:00+00:00,1.1357183456420898,1.1357183456420898,1.1352026462554932,1.1352026462554932,0
2025-04-14 21:05:00+00:00,1.1352026462554932,1.1353315114974976,1.1350737810134888,1.1350737810134888,0
2025-04-14 21:10:00+00:00,1.1350737810134888,1.1353315114974976,1.1350737810134888,1.1353315114974976,0
2025-04-14 21:15:00+00:00,1.1354604959487915,1.1357183456420898,1.1353315114974976,1.1353315114974976,0
2025-04-14 21:20:00+00:00,1.1354604959487915,1.135589361190796,1.1352026462554932,1.135589361190796,0
2025-04-14 21:25:00+00:00,1.1354604959487915,1.1357183456420898,1.1353315114974976,1.1354604959487915,0
2025-04-14 21:30:00+00:00,1.1358473300933838,1.1358473300933838,1.1354604959487915,1.1354604959487915,0
2025-04-14 21:35:00+00:00,1.1359764337539673,1.1359764337539673,1.1358473300933838,1.1358473300933838,0
2025-04-14 21:40:00+00:00,1.1357183456420898,1.1359764337539673,1.1357183456420898,1.1358473300933838,0
2025-04-14 21:45:00+00:00,1.1358473300933838,1.1358473300933838,1.1358473300933838,1.1358473300933838,0
2025-04-14 21:50:00+00:00,1.1358473300933838,1.1358473300933838,1.1357183456420898,1.1357183456420898,0
2025-04-14 21:55:00+00:00,1.1362345218658447,1.1362345218658447,1.1357183456420898,1.1358473300933838,0
2025-04-14 22:00:00+00:00,1.1361054182052612,1.1367511749267578,1.1361054182052612,1.1362345218658447,0
2025-04-14 22:05:00+00:00,1.1353315114974976,1.1362345218658447,1.1353315114974976,1.1362345218658447,0
2025-04-14 22:10:00+00:00,1.1349449157714844,1.135589361190796,1.1348161697387695,1.1352026462554932,0
2025-04-14 22:15:00+00:00,1.1353315114974976,1.1353315114974976,1.1349449157714844,1.1349449157714844,0
2025-04-14 22:20:00+00:00,1.1353315114974976,1.1353315114974976,1.1350737810134888,1.1350737810134888,0
2025-04-14 22:25:00+00:00,1.1354604959487915,1.1354604959487915,1.1353315114974976,1.1353315114974976,0
2025-04-14 22:30:00+00:00,1.1359764337539673,1.1359764337539673,1.1357183456420898,1.1358473300933838,0
2025-04-14 22:35:00+00:00,1.1358473300933838,1.1359764337539673,1.1358473300933838,1.1359764337539673,0
2025-04-14 22:40:00+00:00,1.1358473300933838,1.1359764337539673,1.1358473300933838,1.1359764337539673,0
2025-04-14 22:45:00+00:00,1.1354604959487915,1.135589361190796,1.1353315114974976,1.1354604959487915,0
2025-04-14 22:50:00+00:00,1.1357183456420898,1.1357183456420898,1.1353315114974976,1.1353315114974976,0
2025-04-14 22:55:00+00:00,1.1357183456420898,1.1357183456420898,1.1357183456420898,1.1357183456420898,0
2025-04-14 23:00:00+00:00,1.1352026462554932,1.1357183456420898,1.1350737810134888,1.135589361190796,0
2025-04-14 23:05:00+00:00,1.1348161697387695,1.1352026462554932,1.1348161697387695,1.1352026462554932,0
2025-04-14 23:10:00+00:00,1.1346874237060547,1.1346874237060547,1.1346874237060547,1.1346874237060547,0
2025-04-14 23:15:00+00:00,1.1345586776733398,1.1346874237060547,1.134429931640625,1.134429931640625,0
2025-04-14 23:20:00+00:00,1.1345586776733398,1.1346874237060547,1.134429931640625,1.1346874237060547,0
2025-04-14 23:25:00+00:00,1.1348161697387695,1.1348161697387695,1.1346874237060547,1.1348161697387695,0
2025-04-14 23:30:00+00:00,1.1348161697387695,1.1348161697387695,1.1345586776733398,1.1345586776733398,0
2025-04-14 23:35:00+00:00,1.1341726779937744,1.1349449157714844,1.1341726779937744,1.1349449157714844,0
2025-04-14 23:40:00+00:00,1.134429931640625,1.134429931640625,1.1341726779937744,1.1341726779937744,0
2025-04-14 23:45:00+00:00,1.1337867975234985,1.1341726779937744,1.1337867975234985,1.1341726779937744,0
2025-04-14 23:50:00+00:00,1.1339154243469238,1.1339154243469238,1.1337867975234985,1.1337867975234985,0
2025-04-14 23:55:00+00:00,1.1340440511703491,1.1341726779937744,1.1340440511703491,1.1340440511703491,0
2025-04-15 00:00:00+00:00,1.1334012746810913,1.1340440511703491,1.1334012746810913,1.1339154243469238,0
2025-04-15 00:05:00+00:00,1.1336582899093628,1.1337867975234985,1.1332728862762451,1.1334012746810913,0
2025-04-15 00:10:00+00:00,1.133529782295227,1.133529782295227,1.1334012746810913,1.1334012746810913,0
2025-04-15 00:15:00+00:00,1.1332728862762451,1.1336582899093628,1.1332728862762451,1.1336582899093628,0
2025-04-15 00:20:00+00:00,1.1334012746810913,1.133529782295227,1.1334012746810913,1.133529782295227,0
2025-04-15 00:25:00+00:00,1.133144497871399,1.1334012746810913,1.1328877210617065,1.1334012746810913,0
2025-04-15 00:30:00+00:00,1.132502794265747,1.1328877210617065,1.132502794265747,1.1328877210617065,0
2025-04-15 00:35:00+00:00,1.1321182250976562,1.1326310634613037,1.1321182250976562,1.1326310634613037,0
2025-04-15 00:40:00+00:00,1.1322463750839233,1.1326310634613037,1.1322463750839233,1.1322463750839233,0
2025-04-15 00:45:00+00:00,1.13275945186615,1.13275945186615,1.1322463750839233,1.1322463750839233,0
2025-04-15 00:50:00+00:00,1.1328877210617065,1.1328877210617065,1.132502794265747,1.132502794265747,0
2025-04-15 00:55:00+00:00,1.1330161094665527,1.133144497871399,1.1328877210617065,1.1328877210617065,0
2025-04-15 01:00:00+00:00,1.1332728862762451,1.1334012746810913,1.1332728862762451,1.1332728862762451,0
2025-04-15 01:05:00+00:00,1.1334012746810913,1.133529782295227,1.1332728862762451,1.1332728862762451,0
2025-04-15 01:10:00+00:00,1.133144497871399,1.133529782295227,1.133144497871399,1.133529782295227,0
2025-04-15 01:15:00+00:00,1.1336582899093628,1.1336582899093628,1.1334012746810913,1.1334012746810913,0
2025-04-15 01:20:00+00:00,1.1334012746810913,1.1337867975234985,1.1334012746810913,1.1337867975234985,0
2025-04-15 01:25:00+00:00,1.1332728862762451,1.1334012746810913,1.1332728862762451,1.1334012746810913,0
2025-04-15 01:30:00+00:00,1.13275945186615,1.133144497871399,1.13275945186615,1.133144497871399,0
2025-04-15 01:35:00+00:00,1.1319899559020996,1.1326310634613037,1.1319899559020996,1.1326310634613037,0
2025-04-15 01:40:00+00:00,1.1319899559020996,1.1319899559020996,1.131861925125122,1.1319899559020996,0
2025-04-15 01:45:00+00:00,1.132502794265747,1.132502794265747,1.1321182250976562,1.1321182250976562,0
2025-04-15 01:50:00+00:00,1.1326310634613037,1.1326310634613037,1.132502794265747,1.132502794265747,0
2025-04-15 01:55:00+00:00,1.13275945186615,1.13275945186615,1.1326310634613037,1.13275945186615,0
2025-04-15 02:00:00+00:00,1.1330161094665527,1.1330161094665527,1.1328877210617065,1.1328877210617065,0
2025-04-15 02:05:00+00:00,1.1332728862762451,1.1332728862762451,1.133144497871399,1.1332728862762451,0
2025-04-15 02:10:00+00:00,1.1339154243469238,1.1339154243469238,1.1332728862762451,1.1332728862762451,0
2025-04-15 02:15:00+00:00,1.1340440511703491,1.1340440511703491,1.1337867975234985,1.1337867975234985,0
2025-04-15 02:20:00+00:00,1.1343011856079102,1.1343011856079102,1.1340440511703491,1.1340440511703491,0
2025-04-15 02:25:00+00:00,1.1341726779937744,1.1341726779937744,1.1341726779937744,1.1341726779937744,0
2025-04-15 02:30:00+00:00,1.1343011856079102,1.134429931640625,1.1343011856079102,1.134429931640625,0
2025-04-15 02:35:00+00:00,1.134429931640625,1.1345586776733398,1.1343011856079102,1.1343011856079102,0
2025-04-15 02:40:00+00:00,1.1349449157714844,1.1349449157714844,1.1345586776733398,1.1345586776733398,0
2025-04-15 02:45:00+00:00,1.1349449157714844,1.1352026462554932,1.1349449157714844,1.1349449157714844,0
2025-04-15 02:50:00+00:00,1.1350737810134888,1.1352026462554932,1.1350737810134888,1.1350737810134888,0
2025-04-15 02:55:00+00:00,1.1353315114974976,1.1354604959487915,1.1350737810134888,1.1350737810134888,0
2025-04-15 03:00:00+00:00,1.1350737810134888,1.135589361190796,1.1350737810134888,1.1354604959487915,0
2025-04-15 03:05:00+00:00,1.1353315114974976,1.1353315114974976,1.1350737810134888,1.1350737810134888,0
2025-04-15 03:10:00+00:00,1.1352026462554932,1.1353315114974976,1.1352026462554932,1.1353315114974976,0
2025-04-15 03:15:00+00:00,1.1352026462554932,1.1352026462554932,1.1350737810134888,1.1352026462554932,0
2025-04-15 03:20:00+00:00,1.1348161697387695,1.1350737810134888,1.1346874237060547,1.1350737810134888,0
2025-04-15 03:25:00+00:00,1.1352026462554932,1.1352026462554932,1.1349449157714844,1.1349449157714844,0
2025-04-15 03:30:00+00:00,1.1354604959487915,1.135589361190796,1.1353315114974976,1.1354604959487915,0
2025-04-15 03:35:00+00:00,1.1352026462554932,1.135589361190796,1.1352026462554932,1.135589361190796,0
2025-04-15 03:40:00+00:00,1.135589361190796,1.135589361190796,1.1353315114974976,1.1353315114974976,0
2025-04-15 03:45:00+00:00,1.135589361190796,1.135589361190796,1.1354604959487915,1.135589361190796,0
2025-04-15 03:50:00+00:00,1.1354604959487915,1.1354604959487915,1.1353315114974976,1.1354604959487915,0
2025-04-15 03:55:00+00:00,1.1350737810134888,1.1352026462554932,1.1350737810134888,1.1352026462554932,0
2025-04-15 04:00:00+00:00,1.1349449157714844,1.1350737810134888,1.1349449157714844,1.1350737810134888,0
2025-04-15 04:05:00+00:00,1.1350737810134888,1.1350737810134888,1.1348161697387695,1.1349449157714844,0
2025-04-15 04:10:00+00:00,1.1350737810134888,1.1352026462554932,1.1349449157714844,1.1349449157714844,0
2025-04-15 04:15:00+00:00,1.1349449157714844,1.1350737810134888,1.1348161697387695,1.1349449157714844,0
2025-04-15 04:20:00+00:00,1.135589361190796,1.135589361190796,1.1350737810134888,1.1350737810134888,0
2025-04-15 04:25:00+00:00,1.1357183456420898,1.1358473300933838,1.1357183456420898,1.1357183456420898,0
2025-04-15 04:30:00+00:00,1.1357183456420898,1.1358473300933838,1.135589361190796,1.1358473300933838,0
2025-04-15 04:35:00+00:00,1.1357183456420898,1.1361054182052612,1.1357183456420898,1.1361054182052612,0
2025-04-15 04:40:00+00:00,1.1362345218658447,1.1363636255264282,1.1358473300933838,1.1359764337539673,0
2025-04-15 04:45:00+00:00,1.1363636255264282,1.1364928483963013,1.1361054182052612,1.1361054182052612,0
2025-04-15 04:50:00+00:00,1.1362345218658447,1.1366219520568848,1.1362345218658447,1.1364928483963013,0
2025-04-15 04:55:00+00:00,1.1359764337539673,1.1362345218658447,1.1359764337539673,1.1362345218658447,0
2025-04-15 05:00:00+00:00,1.1361054182052612,1.1361054182052612,1.1357183456420898,1.1361054182052612,0
2025-04-15 05:05:00+00:00,1.1361054182052612,1.1361054182052612,1.1359764337539673,1.1361054182052612,0
2025-04-15 05:10:00+00:00,1.1362345218658447,1.1363636255264282,1.1359764337539673,1.1359764337539673,0
2025-04-15 05:15:00+00:00,1.1367511749267578,1.1367511749267578,1.1362345218658447,1.1363636255264282,0
2025-04-15 05:20:00+00:00,1.1368803977966309,1.1368803977966309,1.1366219520568848,1.1366219520568848,0
2025-04-15 05:25:00+00:00,1.1362345218658447,1.1370097398757935,1.1362345218658447,1.1370097398757935,0
2025-04-15 05:30:00+00:00,1.1359764337539673,1.1361054182052612,1.1358473300933838,1.1359764337539673,0
2025-04-15 05:35:00+00:00,1.1358473300933838,1.1359764337539673,1.1358473300933838,1.1359764337539673,0
2025-04-15 05:40:00+00:00,1.1359764337539673,1.1361054182052612,1.1358473300933838,1.1358473300933838,0
2025-04-15 05:45:00+00:00,1.1358473300933838,1.1358473300933838,1.1357183456420898,1.1358473300933838,0
2025-04-15 05:50:00+00:00,1.1358473300933838,1.1359764337539673,1.135589361190796,1.1358473300933838,0
2025-04-15 05:55:00+00:00,1.1353315114974976,1.1359764337539673,1.1353315114974976,1.1359764337539673,0
2025-04-15 06:00:00+00:00,1.1348161697387695,1.1354604959487915,1.1348161697387695,1.1352026462554932,0
2025-04-15 06:05:00+00:00,1.1364928483963013,1.1364928483963013,1.1353315114974976,1.1353315114974976,0
2025-04-15 06:10:00+00:00,1.1358473300933838,1.1366219520568848,1.1358473300933838,1.1366219520568848,0
2025-04-15 06:15:00+00:00,1.1354604959487915,1.1357183456420898,1.1352026462554932,1.1357183456420898,0
2025-04-15 06:20:00+00:00,1.1352026462554932,1.1352026462554932,1.1350737810134888,1.1352026462554932,0
2025-04-15 06:25:00+00:00,1.1345586776733398,1.1352026462554932,1.134429931640625,1.1352026462554932,0
2025-04-15 06:30:00+00:00,1.1353315114974976,1.1353315114974976,1.1348161697387695,1.1348161697387695,0
2025-04-15 06:35:00+00:00,1.1346874237060547,1.1350737810134888,1.1346874237060547,1.1348161697387695,0
2025-04-15 06:40:00+00:00,1.1341726779937744,1.1343011856079102,1.1332728862762451,1.1343011856079102,0
2025-04-15 06:45:00+00:00,1.1341726779937744,1.134429931640625,1.1341726779937744,1.1341726779937744,0
2025-04-15 06:50:00+00:00,1.1345586776733398,1.1345586776733398,1.134429931640625,1.134429931640625,0
2025-04-15 06:55:00+00:00,1.133529782295227,1.1339154243469238,1.1332728862762451,1.1339154243469238,0
2025-04-15 07:00:00+00:00,1.13275945186615,1.133529782295227,1.1326310634613037,1.133529782295227,0
2025-04-15 07:05:00+00:00,1.1336582899093628,1.1336582899093628,1.1330161094665527,1.1330161094665527,0
2025-04-15 07:10:00+00:00,1.1345586776733398,1.1345586776733398,1.1340440511703491,1.1340440511703491,0
2025-04-15 07:15:00+00:00,1.1349449157714844,1.1349449157714844,1.1343011856079102,1.1345586776733398,0
2025-04-15 07:20:00+00:00,1.1346874237060547,1.1346874237060547,1.134429931640625,1.1345586776733398,0
2025-04-15 07:25:00+00:00,1.1337867975234985,1.1350737810134888,1.1337867975234985,1.1350737810134888,0
2025-04-15 07:30:00+00:00,1.1339154243469238,1.1339154243469238,1.1334012746810913,1.1334012746810913,0
2025-04-15 07:35:00+00:00,1.1341726779937744,1.1341726779937744,1.133529782295227,1.1336582899093628,0
2025-04-15 07:40:00+00:00,1.1352026462554932,1.1352026462554932,1.1345586776733398,1.1345586776733398,0
2025-04-15 07:45:00+00:00,1.1349449157714844,1.1350737810134888,1.1346874237060547,1.1350737810134888,0
2025-04-15 07:50:00+00:00,1.1357183456420898,1.1357183456420898,1.1350737810134888,1.1350737810134888,0
2025-04-15 07:55:00+00:00,1.1358473300933838,1.1359764337539673,1.135589361190796,1.1359764337539673,0
2025-04-15 08:00:00+00:00,1.137268304824829,1.137268304824829,1.1363636255264282,1.1363636255264282,0
2025-04-15 08:05:00+00:00,1.1368803977966309,1.1379153728485107,1.1368803977966309,1.1379153728485107,0
2025-04-15 08:10:00+00:00,1.1358473300933838,1.1371389627456665,1.1358473300933838,1.1367511749267578,0
2025-04-15 08:15:00+00:00,1.1366219520568848,1.1366219520568848,1.1358473300933838,1.1359764337539673,0
2025-04-15 08:20:00+00:00,1.1363636255264282,1.1367511749267578,1.1362345218658447,1.1366219520568848,0
2025-04-15 08:25:00+00:00,1.1358473300933838,1.1366219520568848,1.135589361190796,1.1363636255264282,0
2025-04-15 08:30:00+00:00,1.1363636255264282,1.1363636255264282,1.1358473300933838,1.1358473300933838,0
2025-04-15 08:35:00+00:00,1.1358473300933838,1.1359764337539673,1.1357183456420898,1.1359764337539673,0
2025-04-15 08:40:00+00:00,1.1352026462554932,1.1358473300933838,1.1350737810134888,1.1358473300933838,0
2025-04-15 08:45:00+00:00,1.1352026462554932,1.1352026462554932,1.1352026462554932,1.1352026462554932,0
2025-04-15 08:50:00+00:00,1.1352026462554932,1.1354604959487915,1.1349449157714844,1.1354604959487915,0
2025-04-15 08:55:00+00:00,1.1349449157714844,1.1353315114974976,1.1349449157714844,1.1353315114974976,0
2025-04-15 09:00:00+00:00,1.1353315114974976,1.1353315114974976,1.1348161697387695,1.1349449157714844,0
2025-04-15 09:05:00+00:00,1.1349449157714844,1.1358473300933838,1.1349449157714844,1.1354604959487915,0
2025-04-15 09:10:00+00:00,1.1346874237060547,1.1346874237060547,1.1339154243469238,1.1346874237060547,0
2025-04-15 09:15:00+00:00,1.1346874237060547,1.1346874237060547,1.134429931640625,1.1345586776733398,0
2025-04-15 09:20:00+00:00,1.1343011856079102,1.1345586776733398,1.1343011856079102,1.1345586776733398,0
2025-04-15 09:25:00+00:00,1.1350737810134888,1.1350737810134888,1.1341726779937744,1.1341726779937744,0
2025-04-15 09:30:00+00:00,1.1349449157714844,1.1353315114974976,1.1349449157714844,1.1353315114974976,0
2025-04-15 09:35:00+00:00,1.1352026462554932,1.1352026462554932,1.1346874237060547,1.1349449157714844,0
2025-04-15 09:40:00+00:00,1.1349449157714844,1.1352026462554932,1.1349449157714844,1.1350737810134888,0
2025-04-15 09:45:00+00:00,1.1339154243469238,1.1350737810134888,1.1339154243469238,1.1350737810134888,0
2025-04-15 09:50:00+00:00,1.1349449157714844,1.1349449157714844,1.134429931640625,1.134429931640625,0
2025-04-15 09:55:00+00:00,1.134429931640625,1.1345586776733398,1.1343011856079102,1.1345586776733398,0
2025-04-15 10:00:00+00:00,1.1341726779937744,1.1343011856079102,1.1340440511703491,1.1341726779937744,0
2025-04-15 10:05:00+00:00,1.134429931640625,1.1345586776733398,1.1339154243469238,1.1339154243469238,0
2025-04-15 10:10:00+00:00,1.134429931640625,1.1348161697387695,1.134429931640625,1.1345586776733398,0
2025-04-15 10:15:00+00:00,1.134429931640625,1.1346874237060547,1.134429931640625,1.1346874237060547,0
2025-04-15 10:20:00+00:00,1.1341726779937744,1.1348161697387695,1.1341726779937744,1.1346874237060547,0
2025-04-15 10:25:00+00:00,1.1346874237060547,1.1346874237060547,1.1337867975234985,1.1341726779937744,0
2025-04-15 10:30:00+00:00,1.1345586776733398,1.1350737810134888,1.1345586776733398,1.1350737810134888,0
2025-04-15 10:35:00+00:00,1.1337867975234985,1.1345586776733398,1.1337867975234985,1.1345586776733398,0
2025-04-15 10:40:00+00:00,1.1339154243469238,1.1341726779937744,1.1337867975234985,1.1337867975234985,0
2025-04-15 10:45:00+00:00,1.1343011856079102,1.134429931640625,1.1343011856079102,1.134429931640625,0
2025-04-15 10:50:00+00:00,1.1346874237060547,1.1346874237060547,1.1343011856079102,1.1343011856079102,0
2025-04-15 10:55:00+00:00,1.1346874237060547,1.1346874237060547,1.134429931640625,1.1346874237060547,0
2025-04-15 11:00:00+00:00,1.1343011856079102,1.1346874237060547,1.1343011856079102,1.1346874237060547,0
2025-04-15 11:05:00+00:00,1.1337867975234985,1.1339154243469238,1.1337867975234985,1.1339154243469238,0
2025-04-15 11:10:00+00:00,1.1339154243469238,1.1340440511703491,1.1332728862762451,1.1339154243469238,0
2025-04-15 11:15:00+00:00,1.1339154243469238,1.1340440511703491,1.1337867975234985,1.1339154243469238,0
2025-04-15 11:20:00+00:00,1.133144497871399,1.1334012746810913,1.13275945186615,1.1334012746810913,0
2025-04-15 11:25:00+00:00,1.1326310634613037,1.133144497871399,1.1326310634613037,1.133144497871399,0
2025-04-15 11:30:00+00:00,1.13237464427948,1.132502794265747,1.1319899559020996,1.132502794265747,0
2025-04-15 11:35:00+00:00,1.1321182250976562,1.1326310634613037,1.1321182250976562,1.1326310634613037,0
2025-04-15 11:40:00+00:00,1.132502794265747,1.132502794265747,1.1319899559020996,1.1319899559020996,0
2025-04-15 11:45:00+00:00,1.13237464427948,1.132502794265747,1.1321182250976562,1.1321182250976562,0
2025-04-15 11:50:00+00:00,1.1321182250976562,1.132502794265747,1.1321182250976562,1.1321182250976562,0
2025-04-15 11:55:00+00:00,1.1328877210617065,1.1328877210617065,1.1321182250976562,1.1321182250976562,0
2025-04-15 12:00:00+00:00,1.1334012746810913,1.1334012746810913,1.1328877210617065,1.1328877210617065,0
2025-04-15 12:05:00+00:00,1.1330161094665527,1.1332728862762451,1.1330161094665527,1.1332728862762451,0
2025-04-15 12:10:00+00:00,1.1339154243469238,1.1339154243469238,1.133144497871399,1.133144497871399,0
2025-04-15 12:15:00+00:00,1.1340440511703491,1.1343011856079102,1.1337867975234985,1.1341726779937744,0
2025-04-15 12:20:00+00:00,1.1336582899093628,1.1340440511703491,1.1336582899093628,1.1340440511703491,0
2025-04-15 12:25:00+00:00,1.1339154243469238,1.1339154243469238,1.1334012746810913,1.1337867975234985,0
2025-04-15 12:30:00+00:00,1.1337867975234985,1.1337867975234985,1.1334012746810913,1.133529782295227,0
2025-04-15 12:35:00+00:00,1.13275945186615,1.1340440511703491,1.13275945186615,1.1336582899093628,0
2025-04-15 12:40:00+00:00,1.1326310634613037,1.1336582899093628,1.132502794265747,1.132502794265747,0
2025-04-15 12:45:00+00:00,1.133529782295227,1.1337867975234985,1.1328877210617065,1.1328877210617065,0
2025-04-15 12:50:00+00:00,1.1330161094665527,1.1337867975234985,1.1328877210617065,1.1336582899093628,0
2025-04-15 12:55:00+00:00,1.1313496828079224,1.1326310634613037,1.1313496828079224,1.1326310634613037,0
2025-04-15 13:00:00+00:00,1.131861925125122,1.1321182250976562,1.1313496828079224,1.1313496828079224,0
2025-04-15 13:05:00+00:00,1.1326310634613037,1.133144497871399,1.1322463750839233,1.1322463750839233,0
2025-04-15 13:10:00+00:00,1.131861925125122,1.13237464427948,1.1314777135849,1.13237464427948,0
2025-04-15 13:15:00+00:00,1.1313496828079224,1.131733775138855,1.1313496828079224,1.131733775138855,0
2025-04-15 13:20:00+00:00,1.1313496828079224,1.1321182250976562,1.1312217712402344,1.1313496828079224,0
2025-04-15 13:25:00+00:00,1.1313496828079224,1.1316057443618774,1.1310937404632568,1.1310937404632568,0
2025-04-15 13:30:00+00:00,1.1319899559020996,1.1319899559020996,1.1312217712402344,1.1312217712402344,0
2025-04-15 13:35:00+00:00,1.1319899559020996,1.1322463750839233,1.131733775138855,1.131733775138855,0
2025-04-15 13:40:00+00:00,1.131861925125122,1.1322463750839233,1.131733775138855,1.1321182250976562,0
2025-04-15 13:45:00+00:00,1.132502794265747,1.132502794265747,1.1314777135849,1.1314777135849,0
2025-04-15 13:50:00+00:00,1.1319899559020996,1.1326310634613037,1.1319899559020996,1.13237464427948,0
2025-04-15 13:55:00+00:00,1.131861925125122,1.1322463750839233,1.1314777135849,1.1322463750839233,0
2025-04-15 14:00:00+00:00,1.1322463750839233,1.1322463750839233,1.131861925125122,1.1319899559020996,0
2025-04-15 14:05:00+00:00,1.1303266286849976,1.1321182250976562,1.1303266286849976,1.1321182250976562,0
2025-04-15 14:10:00+00:00,1.129433035850525,1.1299434900283813,1.1291780471801758,1.1299434900283813,0
2025-04-15 14:15:00+00:00,1.129433035850525,1.1295605897903442,1.1289230585098267,1.1295605897903442,0
2025-04-15 14:20:00+00:00,1.1309658288955688,1.1309658288955688,1.1299434900283813,1.1299434900283813,0
2025-04-15 14:25:00+00:00,1.1312217712402344,1.1313496828079224,1.1308379173278809,1.1308379173278809,0
2025-04-15 14:30:00+00:00,1.131861925125122,1.131861925125122,1.1314777135849,1.1316057443618774,0
2025-04-15 14:35:00+00:00,1.13237464427948,1.13275945186615,1.1319899559020996,1.13275945186615,0
2025-04-15 14:40:00+00:00,1.131861925125122,1.1319899559020996,1.1313496828079224,1.131861925125122,0
2025-04-15 14:45:00+00:00,1.1326310634613037,1.1326310634613037,1.1316057443618774,1.131733775138855,0
2025-04-15 14:50:00+00:00,1.1326310634613037,1.1328877210617065,1.132502794265747,1.1328877210617065,0
2025-04-15 14:55:00+00:00,1.133144497871399,1.133144497871399,1.1328877210617065,1.1328877210617065,0
2025-04-15 15:00:00+00:00,1.13275945186615,1.1330161094665527,1.132502794265747,1.1330161094665527,0
2025-04-15 15:05:00+00:00,1.131861925125122,1.132502794265747,1.131861925125122,1.132502794265747,0
2025-04-15 15:10:00+00:00,1.1319899559020996,1.1319899559020996,1.1314777135849,1.131861925125122,0
2025-04-15 15:15:00+00:00,1.1316057443618774,1.1319899559020996,1.1314777135849,1.1319899559020996,0
2025-04-15 15:20:00+00:00,1.1319899559020996,1.1319899559020996,1.1313496828079224,1.1313496828079224,0
2025-04-15 15:25:00+00:00,1.1313496828079224,1.131733775138855,1.1309658288955688,1.131733775138855,0
2025-04-15 15:30:00+00:00,1.130454421043396,1.1312217712402344,1.130454421043396,1.1312217712402344,0
2025-04-15 15:35:00+00:00,1.1305822134017944,1.1308379173278809,1.130454421043396,1.130454421043396,0
2025-04-15 15:40:00+00:00,1.1299434900283813,1.1307101249694824,1.1299434900283813,1.1305822134017944,0
2025-04-15 15:45:00+00:00,1.1299434900283813,1.1300712823867798,1.1296881437301636,1.1299434900283813,0
2025-04-15 15:50:00+00:00,1.1291780471801758,1.1296881437301636,1.1291780471801758,1.1296881437301636,0
2025-04-15 15:55:00+00:00,1.1290504932403564,1.1290504932403564,1.128668189048767,1.1289230585098267,0
2025-04-15 16:00:00+00:00,1.1287955045700073,1.129433035850525,1.1287955045700073,1.1293054819107056,0
2025-04-15 16:05:00+00:00,1.1285407543182373,1.128668189048767,1.128413438796997,1.1285407543182373,0
2025-04-15 16:10:00+00:00,1.1285407543182373,1.128668189048767,1.128413438796997,1.1285407543182373,0
2025-04-15 16:15:00+00:00,1.128031611442566,1.128413438796997,1.128031611442566,1.128413438796997,0
2025-04-15 16:20:00+00:00,1.128031611442566,1.1281588077545166,1.128031611442566,1.1281588077545166,0
2025-04-15 16:25:00+00:00,1.128031611442566,1.128031611442566,1.1277772188186646,1.1279042959213257,0
2025-04-15 16:30:00+00:00,1.1273956298828125,1.1282861232757568,1.1273956298828125,1.1282861232757568,0
2025-04-15 16:35:00+00:00,1.1271415948867798,1.1276500225067139,1.1271415948867798,1.1271415948867798,0
2025-04-15 16:40:00+00:00,1.1273956298828125,1.1273956298828125,1.126887559890747,1.1271415948867798,0
2025-04-15 16:45:00+00:00,1.1275228261947632,1.1275228261947632,1.1271415948867798,1.127268671989441,0
2025-04-15 16:50:00+00:00,1.1281588077545166,1.1281588077545166,1.1276500225067139,1.1276500225067139,0
2025-04-15 16:55:00+00:00,1.1279042959213257,1.1281588077545166,1.1279042959213257,1.1281588077545166,0
2025-04-15 17:00:00+00:00,1.1270145177841187,1.1276500225067139,1.1270145177841187,1.1276500225067139,0
2025-04-15 17:05:00+00:00,1.1275228261947632,1.1275228261947632,1.1271415948867798,1.1271415948867798,0
2025-04-15 17:10:00+00:00,1.1277772188186646,1.1279042959213257,1.1275228261947632,1.1275228261947632,0
2025-04-15 17:15:00+00:00,1.1285407543182373,1.1285407543182373,1.1275228261947632,1.1275228261947632,0
2025-04-15 17:20:00+00:00,1.1281588077545166,1.1281588077545166,1.1279042959213257,1.1279042959213257,0
2025-04-15 17:25:00+00:00,1.128413438796997,1.128413438796997,1.128031611442566,1.128031611442566,0
2025-04-15 17:30:00+00:00,1.1281588077545166,1.1285407543182373,1.128031611442566,1.1285407543182373,0
2025-04-15 17:35:00+00:00,1.1282861232757568,1.128413438796997,1.1281588077545166,1.1282861232757568,0
2025-04-15 17:40:00+00:00,1.128031611442566,1.1282861232757568,1.128031611442566,1.1281588077545166,0
2025-04-15 17:45:00+00:00,1.1281588077545166,1.1282861232757568,1.1279042959213257,1.1282861232757568,0
2025-04-15 17:50:00+00:00,1.1281588077545166,1.1281588077545166,1.1279042959213257,1.1279042959213257,0
2025-04-15 17:55:00+00:00,1.1275228261947632,1.128031611442566,1.1275228261947632,1.128031611442566,0
2025-04-15 18:00:00+00:00,1.1273956298828125,1.1275228261947632,1.1271415948867798,1.1273956298828125,0
2025-04-15 18:05:00+00:00,1.127268671989441,1.127268671989441,1.127268671989441,1.127268671989441,0
2025-04-15 18:10:00+00:00,1.127268671989441,1.1273956298828125,1.127268671989441,1.1273956298828125,0
2025-04-15 18:15:00+00:00,1.1273956298828125,1.1273956298828125,1.1271415948867798,1.1271415948867798,0
2025-04-15 18:20:00+00:00,1.1273956298828125,1.1277772188186646,1.1273956298828125,1.1275228261947632,0
2025-04-15 18:25:00+00:00,1.1279042959213257,1.1279042959213257,1.1273956298828125,1.1273956298828125,0
2025-04-15 18:30:00+00:00,1.1275228261947632,1.1279042959213257,1.1275228261947632,1.1279042959213257,0
2025-04-15 18:35:00+00:00,1.127268671989441,1.1275228261947632,1.1271415948867798,1.1275228261947632,0
2025-04-15 18:40:00+00:00,1.127268671989441,1.1275228261947632,1.127268671989441,1.1273956298828125,0
2025-04-15 18:45:00+00:00,1.1273956298828125,1.1273956298828125,1.1271415948867798,1.1273956298828125,0
2025-04-15 18:50:00+00:00,1.1276500225067139,1.1277772188186646,1.127268671989441,1.127268671989441,0
2025-04-15 18:55:00+00:00,1.1277772188186646,1.1277772188186646,1.1275228261947632,1.1276500225067139,0
2025-04-15 19:00:00+00:00,1.128031611442566,1.128031611442566,1.1275228261947632,1.1276500225067139,0
2025-04-15 19:05:00+00:00,1.1282861232757568,1.1282861232757568,1.128031611442566,1.128031611442566,0
2025-04-15 19:10:00+00:00,1.128413438796997,1.128413438796997,1.1282861232757568,1.1282861232757568,0
2025-04-15 19:15:00+00:00,1.128668189048767,1.128668189048767,1.1282861232757568,1.1282861232757568,0
2025-04-15 19:20:00+00:00,1.1287955045700073,1.1289230585098267,1.1287955045700073,1.1287955045700073,0
2025-04-15 19:25:00+00:00,1.1287955045700073,1.1289230585098267,1.1287955045700073,1.1287955045700073,0
2025-04-15 19:30:00+00:00,1.1287955045700073,1.1287955045700073,1.128413438796997,1.1287955045700073,0
2025-04-15 19:35:00+00:00,1.128668189048767,1.128668189048767,1.128668189048767,1.128668189048767,0
2025-04-15 19:45:00+00:00,1.1289230585098267,1.1290504932403564,1.1289230585098267,1.1290504932403564,0
2025-04-15 19:50:00+00:00,1.1289230585098267,1.1289230585098267,1.128668189048767,1.128668189048767,0
2025-04-15 19:55:00+00:00,1.1285407543182373,1.128668189048767,1.128413438796997,1.128668189048767,0
2025-04-15 20:00:00+00:00,1.1287955045700073,1.1289230585098267,1.1287955045700073,1.1287955045700073,0
2025-04-15 20:05:00+00:00,1.1285407543182373,1.1289230585098267,1.1285407543182373,1.1289230585098267,0
2025-04-15 20:10:00+00:00,1.1285407543182373,1.128668189048767,1.1285407543182373,1.1285407543182373,0
2025-04-15 20:15:00+00:00,1.1285407543182373,1.128668189048767,1.128413438796997,1.1285407543182373,0
2025-04-15 20:20:00+00:00,1.1282861232757568,1.1285407543182373,1.1282861232757568,1.1285407543182373,0
2025-04-15 20:25:00+00:00,1.1290504932403564,1.1290504932403564,1.128413438796997,1.128413438796997,0
2025-04-15 20:30:00+00:00,1.1291780471801758,1.1293054819107056,1.1290504932403564,1.1290504932403564,0
2025-04-15 20:35:00+00:00,1.1289230585098267,1.1290504932403564,1.1289230585098267,1.1290504932403564,0
2025-04-15 20:40:00+00:00,1.1287955045700073,1.1289230585098267,1.1287955045700073,1.1289230585098267,0
2025-04-15 20:45:00+00:00,1.1285407543182373,1.128668189048767,1.1285407543182373,1.128668189048767,0
2025-04-15 20:50:00+00:00,1.1285407543182373,1.128668189048767,1.1285407543182373,1.128668189048767,0
2025-04-15 20:55:00+00:00,1.1285407543182373,1.128668189048767,1.128413438796997,1.128668189048767,0
2025-04-15 21:00:00+00:00,1.1282861232757568,1.1290504932403564,1.1282861232757568,1.1290504932403564,0
2025-04-15 21:05:00+00:00,1.1285407543182373,1.128668189048767,1.1282861232757568,1.128668189048767,0
2025-04-15 21:10:00+00:00,1.1290504932403564,1.1293054819107056,1.1285407543182373,1.1285407543182373,0
2025-04-15 21:15:00+00:00,1.1290504932403564,1.1290504932403564,1.128668189048767,1.1290504932403564,0
2025-04-15 21:20:00+00:00,1.1285407543182373,1.1290504932403564,1.1285407543182373,1.1290504932403564,0
2025-04-15 21:25:00+00:00,1.128668189048767,1.1287955045700073,1.128668189048767,1.1287955045700073,0
2025-04-15 21:30:00+00:00,1.128668189048767,1.1289230585098267,1.1285407543182373,1.128668189048767,0
2025-04-15 21:35:00+00:00,1.1285407543182373,1.1285407543182373,1.1285407543182373,1.1285407543182373,0
2025-04-15 21:40:00+00:00,1.1289230585098267,1.1289230585098267,1.1285407543182373,1.128668189048767,0
2025-04-15 21:45:00+00:00,1.1289230585098267,1.1289230585098267,1.128413438796997,1.128413438796997,0
2025-04-15 21:50:00+00:00,1.128668189048767,1.1287955045700073,1.1285407543182373,1.1285407543182373,0
2025-04-15 21:55:00+00:00,1.1285407543182373,1.128668189048767,1.1285407543182373,1.128668189048767,0
2025-04-15 22:00:00+00:00,1.1293054819107056,1.1293054819107056,1.1287955045700073,1.1287955045700073,0
2025-04-15 22:05:00+00:00,1.1296881437301636,1.1296881437301636,1.1291780471801758,1.1291780471801758,0
2025-04-15 22:10:00+00:00,1.1299434900283813,1.1300712823867798,1.1298158168792725,1.1298158168792725,0
2025-04-15 22:15:00+00:00,1.1300712823867798,1.1301988363265991,1.1299434900283813,1.1299434900283813,0
2025-04-15 22:20:00+00:00,1.129433035850525,1.1298158168792725,1.1293054819107056,1.1293054819107056,0
2025-04-15 22:25:00+00:00,1.1295605897903442,1.1295605897903442,1.1291780471801758,1.129433035850525,0
2025-04-15 22:30:00+00:00,1.1295605897903442,1.1296881437301636,1.1295605897903442,1.1296881437301636,0
2025-04-15 22:35:00+00:00,1.1299434900283813,1.1299434900283813,1.1295605897903442,1.1295605897903442,0
2025-04-15 22:40:00+00:00,1.1298158168792725,1.1299434900283813,1.1296881437301636,1.1296881437301636,0
2025-04-15 22:45:00+00:00,1.1298158168792725,1.1299434900283813,1.1298158168792725,1.1299434900283813,0
2025-04-15 22:50:00+00:00,1.1299434900283813,1.1300712823867798,1.1298158168792725,1.1299434900283813,0
2025-04-15 22:55:00+00:00,1.1298158168792725,1.1298158168792725,1.1298158168792725,1.1298158168792725,0
2025-04-15 23:00:00+00:00,1.129433035850525,1.129433035850525,1.1291780471801758,1.1293054819107056,0
2025-04-15 23:05:00+00:00,1.1289230585098267,1.1289230585098267,1.1287955045700073,1.1287955045700073,0
2025-04-15 23:10:00+00:00,1.129433035850525,1.129433035850525,1.1289230585098267,1.1289230585098267,0
2025-04-15 23:15:00+00:00,1.1291780471801758,1.1293054819107056,1.1290504932403564,1.1293054819107056,0
2025-04-15 23:20:00+00:00,1.1291780471801758,1.1291780471801758,1.1291780471801758,1.1291780471801758,0
2025-04-15 23:25:00+00:00,1.1295605897903442,1.1296881437301636,1.1291780471801758,1.1291780471801758,0
2025-04-15 23:30:00+00:00,1.1298158168792725,1.1298158168792725,1.129433035850525,1.129433035850525,0
2025-04-15 23:35:00+00:00,1.1298158168792725,1.1298158168792725,1.1296881437301636,1.1298158168792725,0
2025-04-15 23:40:00+00:00,1.1298158168792725,1.1299434900283813,1.1298158168792725,1.1298158168792725,0
2025-04-15 23:45:00+00:00,1.1300712823867798,1.1301988363265991,1.1299434900283813,1.1299434900283813,0
2025-04-15 23:50:00+00:00,1.1298158168792725,1.1300712823867798,1.1298158168792725,1.1300712823867798,0
2025-04-15 23:55:00+00:00,1.1295605897903442,1.1296881437301636,1.1295605897903442,1.1295605897903442,0
2025-04-16 00:00:00+00:00,1.1299434900283813,1.1300712823867798,1.1296881437301636,1.1296881437301636,0
2025-04-16 00:05:00+00:00,1.1303266286849976,1.1303266286849976,1.1300712823867798,1.1300712823867798,0
2025-04-16 00:10:00+00:00,1.1316057443618774,1.1316057443618774,1.130454421043396,1.130454421043396,0
2025-04-16 00:15:00+00:00,1.131733775138855,1.1321182250976562,1.1314777135849,1.1319899559020996,0
2025-04-16 00:20:00+00:00,1.1314777135849,1.1319899559020996,1.1314777135849,1.1319899559020996,0
2025-04-16 00:25:00+00:00,1.1314777135849,1.1316057443618774,1.1312217712402344,1.1314777135849,0
2025-04-16 00:30:00+00:00,1.1316057443618774,1.131861925125122,1.1316057443618774,1.131733775138855,0
2025-04-16 00:35:00+00:00,1.131861925125122,1.1322463750839233,1.131861925125122,1.1322463750839233,0
2025-04-16 00:40:00+00:00,1.1316057443618774,1.131861925125122,1.1316057443618774,1.131861925125122,0
2025-04-16 00:45:00+00:00,1.1316057443618774,1.131861925125122,1.1313496828079224,1.131733775138855,0
2025-04-16 00:50:00+00:00,1.1319899559020996,1.1319899559020996,1.1316057443618774,1.131733775138855,0
2025-04-16 00:55:00+00:00,1.1319899559020996,1.1321182250976562,1.1316057443618774,1.1316057443618774,0
2025-04-16 01:00:00+00:00,1.132502794265747,1.132502794265747,1.1321182250976562,1.1321182250976562,0
2025-04-16 01:05:00+00:00,1.13237464427948,1.1326310634613037,1.13237464427948,1.1326310634613037,0
2025-04-16 01:10:00+00:00,1.13237464427948,1.1326310634613037,1.13237464427948,1.132502794265747,0
2025-04-16 01:15:00+00:00,1.13275945186615,1.13275945186615,1.1326310634613037,1.1326310634613037,0
2025-04-16 01:20:00+00:00,1.1328877210617065,1.1330161094665527,1.1326310634613037,1.13275945186615,0
2025-04-16 01:25:00+00:00,1.1326310634613037,1.133144497871399,1.1326310634613037,1.133144497871399,0
2025-04-16 01:30:00+00:00,1.13275945186615,1.13275945186615,1.13237464427948,1.132502794265747,0
2025-04-16 01:35:00+00:00,1.1332728862762451,1.1332728862762451,1.13275945186615,1.1330161094665527,0
2025-04-16 01:40:00+00:00,1.133144497871399,1.1334012746810913,1.133144497871399,1.1334012746810913,0
2025-04-16 01:45:00+00:00,1.13275945186615,1.133144497871399,1.13275945186615,1.133144497871399,0
2025-04-16 01:50:00+00:00,1.1328877210617065,1.1330161094665527,1.1328877210617065,1.1328877210617065,0
2025-04-16 01:55:00+00:00,1.13275945186615,1.13275945186615,1.1326310634613037,1.13275945186615,0
2025-04-16 02:00:00+00:00,1.1332728862762451,1.1332728862762451,1.13275945186615,1.13275945186615,0
2025-04-16 02:05:00+00:00,1.13275945186615,1.1332728862762451,1.13275945186615,1.133144497871399,0
2025-04-16 02:10:00+00:00,1.132502794265747,1.1326310634613037,1.13237464427948,1.1326310634613037,0
2025-04-16 02:15:00+00:00,1.1330161094665527,1.1330161094665527,1.132502794265747,1.13275945186615,0
2025-04-16 02:20:00+00:00,1.1334012746810913,1.1334012746810913,1.133144497871399,1.133144497871399,0
2025-04-16 02:25:00+00:00,1.1328877210617065,1.1332728862762451,1.1328877210617065,1.1332728862762451,0
2025-04-16 02:30:00+00:00,1.133529782295227,1.133529782295227,1.1334012746810913,1.1334012746810913,0
2025-04-16 02:35:00+00:00,1.1334012746810913,1.1334012746810913,1.1332728862762451,1.1334012746810913,0
2025-04-16 02:40:00+00:00,1.1332728862762451,1.1334012746810913,1.1332728862762451,1.1334012746810913,0
2025-04-16 02:45:00+00:00,1.1326310634613037,1.133529782295227,1.1326310634613037,1.133529782295227,0
2025-04-16 02:50:00+00:00,1.1330161094665527,1.1330161094665527,1.1328877210617065,1.1328877210617065,0
2025-04-16 02:55:00+00:00,1.1330161094665527,1.1330161094665527,1.1330161094665527,1.1330161094665527,0
2025-04-16 03:00:00+00:00,1.1332728862762451,1.1334012746810913,1.133144497871399,1.1332728862762451,0
2025-04-16 03:05:00+00:00,1.1334012746810913,1.1334012746810913,1.133144497871399,1.133144497871399,0
2025-04-16 03:10:00+00:00,1.1334012746810913,1.133529782295227,1.1334012746810913,1.1334012746810913,0
2025-04-16 03:15:00+00:00,1.1332728862762451,1.1334012746810913,1.1332728862762451,1.1334012746810913,0
2025-04-16 03:20:00+00:00,1.133144497871399,1.133144497871399,1.1328877210617065,1.1330161094665527,0
2025-04-16 03:25:00+00:00,1.1337867975234985,1.1339154243469238,1.1334012746810913,1.1334012746810913,0
2025-04-16 03:30:00+00:00,1.1336582899093628,1.1337867975234985,1.1336582899093628,1.1337867975234985,0
2025-04-16 03:35:00+00:00,1.1339154243469238,1.1340440511703491,1.1339154243469238,1.1340440511703491,0
2025-04-16 03:40:00+00:00,1.1343011856079102,1.1343011856079102,1.1341726779937744,1.1341726779937744,0
2025-04-16 03:45:00+00:00,1.1343011856079102,1.1343011856079102,1.1343011856079102,1.1343011856079102,0
2025-04-16 03:50:00+00:00,1.134429931640625,1.1345586776733398,1.134429931640625,1.134429931640625,0
2025-04-16 03:55:00+00:00,1.1345586776733398,1.1345586776733398,1.134429931640625,1.134429931640625,0
2025-04-16 04:00:00+00:00,1.134429931640625,1.1348161697387695,1.134429931640625,1.1346874237060547,0
2025-04-16 04:05:00+00:00,1.1341726779937744,1.1345586776733398,1.1341726779937744,1.134429931640625,0
2025-04-16 04:10:00+00:00,1.1339154243469238,1.1341726779937744,1.1339154243469238,1.1341726779937744,0
2025-04-16 04:15:00+00:00,1.1337867975234985,1.1341726779937744,1.1337867975234985,1.1341726779937744,0
2025-04-16 04:20:00+00:00,1.1341726779937744,1.1341726779937744,1.1337867975234985,1.1337867975234985,0
2025-04-16 04:25:00+00:00,1.1339154243469238,1.1340440511703491,1.1336582899093628,1.1339154243469238,0
2025-04-16 04:30:00+00:00,1.1340440511703491,1.1340440511703491,1.1337867975234985,1.1339154243469238,0
2025-04-16 04:35:00+00:00,1.134429931640625,1.134429931640625,1.1340440511703491,1.1341726779937744,0
2025-04-16 04:40:00+00:00,1.1348161697387695,1.1348161697387695,1.1346874237060547,1.1346874237060547,0
2025-04-16 04:45:00+00:00,1.1349449157714844,1.1349449157714844,1.1348161697387695,1.1349449157714844,0
2025-04-16 04:50:00+00:00,1.1350737810134888,1.1350737810134888,1.1349449157714844,1.1349449157714844,0
2025-04-16 04:55:00+00:00,1.1348161697387695,1.1349449157714844,1.1348161697387695,1.1348161697387695,0
2025-04-16 05:00:00+00:00,1.1350737810134888,1.1350737810134888,1.1345586776733398,1.1345586776733398,0
2025-04-16 05:05:00+00:00,1.1350737810134888,1.1352026462554932,1.1349449157714844,1.1349449157714844,0
2025-04-16 05:10:00+00:00,1.1350737810134888,1.1352026462554932,1.1350737810134888,1.1352026462554932,0
2025-04-16 05:15:00+00:00,1.1350737810134888,1.1350737810134888,1.1349449157714844,1.1349449157714844,0
2025-04-16 05:20:00+00:00,1.1349449157714844,1.1350737810134888,1.1349449157714844,1.1349449157714844,0
2025-04-16 05:25:00+00:00,1.1350737810134888,1.1350737810134888,1.1348161697387695,1.1350737810134888,0
2025-04-16 05:30:00+00:00,1.1353315114974976,1.1353315114974976,1.1352026462554932,1.1352026462554932,0
2025-04-16 05:35:00+00:00,1.1357183456420898,1.1357183456420898,1.135589361190796,1.135589361190796,0
2025-04-16 05:40:00+00:00,1.1358473300933838,1.1358473300933838,1.1357183456420898,1.1357183456420898,0
2025-04-16 05:45:00+00:00,1.1357183456420898,1.1357183456420898,1.1354604959487915,1.1357183456420898,0
2025-04-16 05:50:00+00:00,1.1366219520568848,1.1366219520568848,1.1357183456420898,1.1357183456420898,0
2025-04-16 05:55:00+00:00,1.1384334564208984,1.1384334564208984,1.1367511749267578,1.1367511749267578,0
2025-04-16 06:00:00+00:00,1.1371389627456665,1.1383039951324463,1.1371389627456665,1.1383039951324463,0
2025-04-16 06:05:00+00:00,1.1371389627456665,1.137268304824829,1.1370097398757935,1.137268304824829,0
2025-04-16 06:10:00+00:00,1.1371389627456665,1.1371389627456665,1.1366219520568848,1.1366219520568848,0
2025-04-16 06:15:00+00:00,1.1376564502716064,1.1379153728485107,1.137268304824829,1.137268304824829,0
2025-04-16 06:20:00+00:00,1.1375269889831543,1.1376564502716064,1.1375269889831543,1.1376564502716064,0
2025-04-16 06:25:00+00:00,1.1377859115600586,1.1377859115600586,1.1375269889831543,1.1376564502716064,0
2025-04-16 06:30:00+00:00,1.1376564502716064,1.1383039951324463,1.1373976469039917,1.1381744146347046,0
2025-04-16 06:35:00+00:00,1.1377859115600586,1.138044834136963,1.1377859115600586,1.1377859115600586,0
2025-04-16 06:40:00+00:00,1.1371389627456665,1.1375269889831543,1.1371389627456665,1.1375269889831543,0
2025-04-16 06:45:00+00:00,1.1370097398757935,1.1370097398757935,1.1370097398757935,1.1370097398757935,0
2025-04-16 06:50:00+00:00,1.1368803977966309,1.137268304824829,1.1367511749267578,1.1371389627456665,0
2025-04-16 06:55:00+00:00,1.1364928483963013,1.1370097398757935,1.1364928483963013,1.1370097398757935,0
2025-04-16 07:00:00+00:00,1.1366219520568848,1.1367511749267578,1.1364928483963013,1.1367511749267578,0
2025-04-16 07:05:00+00:00,1.1377859115600586,1.1377859115600586,1.1371389627456665,1.1371389627456665,0
2025-04-16 07:10:00+00:00,1.137268304824829,1.1376564502716064,1.1370097398757935,1.1375269889831543,0
2025-04-16 07:15:00+00:00,1.1383039951324463,1.1383039951324463,1.1375269889831543,1.1376564502716064,0
2025-04-16 07:20:00+00:00,1.1385631561279297,1.1385631561279297,1.1381744146347046,1.1383039951324463,0
2025-04-16 07:25:00+00:00,1.1394712924957275,1.1394712924957275,1.1385631561279297,1.1385631561279297,0
2025-04-16 07:30:00+00:00,1.1385631561279297,1.1393414735794067,1.1385631561279297,1.1393414735794067,0
2025-04-16 07:35:00+00:00,1.1384334564208984,1.1386927366256714,1.1383039951324463,1.1383039951324463,0
2025-04-16 07:40:00+00:00,1.1385631561279297,1.1385631561279297,1.1384334564208984,1.1384334564208984,0
2025-04-16 07:45:00+00:00,1.1388224363327026,1.1388224363327026,1.1384334564208984,1.1385631561279297,0
2025-04-16 07:50:00+00:00,1.1384334564208984,1.1386927366256714,1.1384334564208984,1.1384334564208984,0
2025-04-16 07:55:00+00:00,1.1388224363327026,1.1388224363327026,1.1383039951324463,1.1383039951324463,0
2025-04-16 08:00:00+00:00,1.1383039951324463,1.1390818357467651,1.1383039951324463,1.1390818357467651,0
2025-04-16 08:05:00+00:00,1.1384334564208984,1.1385631561279297,1.1384334564208984,1.1384334564208984,0
2025-04-16 08:10:00+00:00,1.1379153728485107,1.1381744146347046,1.1376564502716064,1.1381744146347046,0
2025-04-16 08:15:00+00:00,1.1376564502716064,1.1379153728485107,1.1376564502716064,1.1376564502716064,0
2025-04-16 08:20:00+00:00,1.1373976469039917,1.1379153728485107,1.1373976469039917,1.1376564502716064,0
2025-04-16 08:25:00+00:00,1.1370097398757935,1.1375269889831543,1.1368803977966309,1.1375269889831543,0
2025-04-16 08:30:00+00:00,1.1362345218658447,1.1367511749267578,1.1359764337539673,1.1366219520568848,0
2025-04-16 08:35:00+00:00,1.135589361190796,1.137268304824829,1.135589361190796,1.1366219520568848,0
2025-04-16 08:40:00+00:00,1.1350737810134888,1.1352026462554932,1.1345586776733398,1.1352026462554932,0
2025-04-16 08:45:00+00:00,1.1357183456420898,1.1358473300933838,1.1353315114974976,1.1353315114974976,0
2025-04-16 08:50:00+00:00,1.1368803977966309,1.1368803977966309,1.1354604959487915,1.1354604959487915,0
2025-04-16 08:55:00+00:00,1.1373976469039917,1.1373976469039917,1.1368803977966309,1.1368803977966309,0
2025-04-16 09:00:00+00:00,1.138044834136963,1.138044834136963,1.1371389627456665,1.1371389627456665,0
2025-04-16 09:05:00+00:00,1.137268304824829,1.1379153728485107,1.1370097398757935,1.1379153728485107,0
2025-04-16 09:10:00+00:00,1.1364928483963013,1.1370097398757935,1.1364928483963013,1.1370097398757935,0
2025-04-16 09:15:00+00:00,1.1368803977966309,1.1368803977966309,1.1362345218658447,1.1362345218658447,0
2025-04-16 09:20:00+00:00,1.1377859115600586,1.1377859115600586,1.1371389627456665,1.1371389627456665,0
2025-04-16 09:25:00+00:00,1.1370097398757935,1.1376564502716064,1.1368803977966309,1.1376564502716064,0
2025-04-16 09:30:00+00:00,1.1373976469039917,1.1377859115600586,1.137268304824829,1.1375269889831543,0
2025-04-16 09:35:00+00:00,1.1364928483963013,1.137268304824829,1.1364928483963013,1.137268304824829,0
2025-04-16 09:40:00+00:00,1.1359764337539673,1.1364928483963013,1.1359764337539673,1.1364928483963013,0
2025-04-16 09:45:00+00:00,1.1363636255264282,1.1364928483963013,1.1361054182052612,1.1364928483963013,0
2025-04-16 09:50:00+00:00,1.1370097398757935,1.137268304824829,1.1364928483963013,1.1364928483963013,0
2025-04-16 09:55:00+00:00,1.1361054182052612,1.1370097398757935,1.1361054182052612,1.1370097398757935,0
2025-04-16 10:00:00+00:00,1.1358473300933838,1.1364928483963013,1.1357183456420898,1.1364928483963013,0
2025-04-16 10:05:00+00:00,1.1364928483963013,1.1364928483963013,1.1358473300933838,1.1358473300933838,0
2025-04-16 10:10:00+00:00,1.1371389627456665,1.1371389627456665,1.1362345218658447,1.1362345218658447,0
2025-04-16 10:15:00+00:00,1.1364928483963013,1.1367511749267578,1.1361054182052612,1.1367511749267578,0
2025-04-16 10:20:00+00:00,1.1368803977966309,1.1368803977966309,1.1358473300933838,1.1359764337539673,0
2025-04-16 10:25:00+00:00,1.1368803977966309,1.1371389627456665,1.1367511749267578,1.1371389627456665,0
2025-04-16 10:30:00+00:00,1.1375269889831543,1.1375269889831543,1.1368803977966309,1.1368803977966309,0
2025-04-16 10:35:00+00:00,1.1371389627456665,1.1376564502716064,1.1371389627456665,1.1376564502716064,0
2025-04-16 10:40:00+00:00,1.1366219520568848,1.137268304824829,1.1366219520568848,1.137268304824829,0
2025-04-16 10:45:00+00:00,1.1368803977966309,1.1368803977966309,1.1367511749267578,1.1367511749267578,0
2025-04-16 10:50:00+00:00,1.1366219520568848,1.1371389627456665,1.1366219520568848,1.1367511749267578,0
2025-04-16 10:55:00+00:00,1.1366219520568848,1.1370097398757935,1.1364928483963013,1.1367511749267578,0
2025-04-16 11:00:00+00:00,1.1364928483963013,1.1364928483963013,1.1359764337539673,1.1362345218658447,0
2025-04-16 11:05:00+00:00,1.1366219520568848,1.1370097398757935,1.1366219520568848,1.1368803977966309,0
2025-04-16 11:10:00+00:00,1.1362345218658447,1.1370097398757935,1.1362345218658447,1.1368803977966309,0
2025-04-16 11:15:00+00:00,1.1370097398757935,1.1371389627456665,1.1366219520568848,1.1366219520568848,0
2025-04-16 11:20:00+00:00,1.1370097398757935,1.1370097398757935,1.1364928483963013,1.1367511749267578,0
2025-04-16 11:25:00+00:00,1.1370097398757935,1.1375269889831543,1.1370097398757935,1.1371389627456665,0
2025-04-16 11:30:00+00:00,1.137268304824829,1.137268304824829,1.1370097398757935,1.137268304824829,0
2025-04-16 11:35:00+00:00,1.1364928483963013,1.1373976469039917,1.1364928483963013,1.1373976469039917,0
2025-04-16 11:40:00+00:00,1.1364928483963013,1.1367511749267578,1.1363636255264282,1.1367511749267578,0
2025-04-16 11:45:00+00:00,1.1358473300933838,1.1364928483963013,1.1358473300933838,1.1362345218658447,0
2025-04-16 11:50:00+00:00,1.1359764337539673,1.1361054182052612,1.1358473300933838,1.1359764337539673,0
2025-04-16 11:55:00+00:00,1.1364928483963013,1.1364928483963013,1.1359764337539673,1.1359764337539673,0
2025-04-16 12:00:00+00:00,1.1361054182052612,1.1367511749267578,1.1358473300933838,1.1367511749267578,0
2025-04-16 12:05:00+00:00,1.1358473300933838,1.1363636255264282,1.1358473300933838,1.1362345218658447,0
2025-04-16 12:10:00+00:00,1.1354604959487915,1.1358473300933838,1.1354604959487915,1.1358473300933838,0
2025-04-16 12:15:00+00:00,1.1354604959487915,1.1354604959487915,1.1353315114974976,1.1354604959487915,0
2025-04-16 12:20:00+00:00,1.1366219520568848,1.1366219520568848,1.1353315114974976,1.1357183456420898,0
2025-04-16 12:25:00+00:00,1.1359764337539673,1.1366219520568848,1.1359764337539673,1.1366219520568848,0
2025-04-16 12:30:00+00:00,1.1352026462554932,1.1363636255264282,1.1352026462554932,1.1363636255264282,0
2025-04-16 12:35:00+00:00,1.1350737810134888,1.1352026462554932,1.1349449157714844,1.1352026462554932,0
2025-04-16 12:40:00+00:00,1.1359764337539673,1.1359764337539673,1.1350737810134888,1.1353315114974976,0
2025-04-16 12:45:00+00:00,1.135589361190796,1.1358473300933838,1.1349449157714844,1.1358473300933838,0
2025-04-16 12:50:00+00:00,1.1346874237060547,1.1358473300933838,1.1346874237060547,1.1357183456420898,0
2025-04-16 12:55:00+00:00,1.1352026462554932,1.1353315114974976,1.1346874237060547,1.1346874237060547,0
2025-04-16 13:00:00+00:00,1.1357183456420898,1.1359764337539673,1.135589361190796,1.135589361190796,0
2025-04-16 13:05:00+00:00,1.1362345218658447,1.1362345218658447,1.1361054182052612,1.1361054182052612,0
2025-04-16 13:10:00+00:00,1.1363636255264282,1.1367511749267578,1.1362345218658447,1.1364928483963013,0
2025-04-16 13:15:00+00:00,1.1367511749267578,1.1367511749267578,1.1363636255264282,1.1364928483963013,0
2025-04-16 13:20:00+00:00,1.1371389627456665,1.1375269889831543,1.1371389627456665,1.1375269889831543,0
2025-04-16 13:25:00+00:00,1.137268304824829,1.137268304824829,1.1366219520568848,1.1370097398757935,0
2025-04-16 13:30:00+00:00,1.1364928483963013,1.1371389627456665,1.1364928483963013,1.1367511749267578,0
2025-04-16 13:35:00+00:00,1.1364928483963013,1.1364928483963013,1.1363636255264282,1.1363636255264282,0
2025-04-16 13:40:00+00:00,1.1362345218658447,1.1366219520568848,1.1362345218658447,1.1362345218658447,0
2025-04-16 13:45:00+00:00,1.1364928483963013,1.1371389627456665,1.1364928483963013,1.1366219520568848,0
2025-04-16 13:50:00+00:00,1.1366219520568848,1.1368803977966309,1.1363636255264282,1.1363636255264282,0
2025-04-16 13:55:00+00:00,1.1368803977966309,1.1368803977966309,1.1364928483963013,1.1366219520568848,0
2025-04-16 14:00:00+00:00,1.1385631561279297,1.1385631561279297,1.1370097398757935,1.1370097398757935,0
2025-04-16 14:05:00+00:00,1.1367511749267578,1.1381744146347046,1.1363636255264282,1.1381744146347046,0
2025-04-16 14:10:00+00:00,1.1370097398757935,1.1373976469039917,1.1370097398757935,1.137268304824829,0
2025-04-16 14:15:00+00:00,1.1366219520568848,1.1370097398757935,1.1366219520568848,1.1370097398757935,0
2025-04-16 14:20:00+00:00,1.1363636255264282,1.1363636255264282,1.1359764337539673,1.1363636255264282,0
2025-04-16 14:25:00+00:00,1.1368803977966309,1.1368803977966309,1.1363636255264282,1.1363636255264282,0
2025-04-16 14:30:00+00:00,1.1362345218658447,1.1368803977966309,1.1362345218658447,1.1368803977966309,0
2025-04-16 14:35:00+00:00,1.1370097398757935,1.1370097398757935,1.1364928483963013,1.1366219520568848,0
2025-04-16 14:40:00+00:00,1.1368803977966309,1.1368803977966309,1.1364928483963013,1.1367511749267578,0
2025-04-16 14:45:00+00:00,1.1383039951324463,1.1383039951324463,1.1370097398757935,1.1370097398757935,0
2025-04-16 14:50:00+00:00,1.1381744146347046,1.1383039951324463,1.1379153728485107,1.1383039951324463,0
2025-04-16 14:55:00+00:00,1.1385631561279297,1.1385631561279297,1.1379153728485107,1.1379153728485107,0
2025-04-16 15:00:00+00:00,1.1385631561279297,1.1385631561279297,1.1384334564208984,1.1385631561279297,0
2025-04-16 15:05:00+00:00,1.1383039951324463,1.1386927366256714,1.1383039951324463,1.1385631561279297,0
2025-04-16 15:10:00+00:00,1.1385631561279297,1.1385631561279297,1.138044834136963,1.1381744146347046,0
2025-04-16 15:15:00+00:00,1.1373976469039917,1.1383039951324463,1.1373976469039917,1.1383039951324463,0
2025-04-16 15:20:00+00:00,1.1366219520568848,1.1373976469039917,1.1366219520568848,1.137268304824829,0
2025-04-16 15:25:00+00:00,1.1364928483963013,1.1364928483963013,1.1361054182052612,1.1361054182052612,0
2025-04-16 15:30:00+00:00,1.1364928483963013,1.1366219520568848,1.1364928483963013,1.1366219520568848,0
2025-04-16 15:35:00+00:00,1.1363636255264282,1.1366219520568848,1.1363636255264282,1.1366219520568848,0
2025-04-16 15:40:00+00:00,1.1375269889831543,1.1375269889831543,1.1366219520568848,1.1366219520568848,0
2025-04-16 15:45:00+00:00,1.138044834136963,1.138044834136963,1.1375269889831543,1.1376564502716064,0
2025-04-16 15:50:00+00:00,1.1385631561279297,1.1385631561279297,1.1383039951324463,1.1383039951324463,0
2025-04-16 15:55:00+00:00,1.1385631561279297,1.1385631561279297,1.1384334564208984,1.1384334564208984,0
2025-04-16 16:00:00+00:00,1.1383039951324463,1.1386927366256714,1.1383039951324463,1.1386927366256714,0
2025-04-16 16:05:00+00:00,1.1388224363327026,1.1389521360397339,1.1385631561279297,1.1385631561279297,0
2025-04-16 16:10:00+00:00,1.1390818357467651,1.1390818357467651,1.1385631561279297,1.1385631561279297,0
2025-04-16 16:15:00+00:00,1.1377859115600586,1.1385631561279297,1.1377859115600586,1.1385631561279297,0
2025-04-16 16:20:00+00:00,1.1375269889831543,1.1376564502716064,1.1375269889831543,1.1376564502716064,0
2025-04-16 16:25:00+00:00,1.1375269889831543,1.1377859115600586,1.1375269889831543,1.1375269889831543,0
2025-04-16 16:30:00+00:00,1.1377859115600586,1.1377859115600586,1.1375269889831543,1.1376564502716064,0
2025-04-16 16:35:00+00:00,1.138044834136963,1.138044834136963,1.1375269889831543,1.1377859115600586,0
2025-04-16 16:40:00+00:00,1.1379153728485107,1.1383039951324463,1.1379153728485107,1.138044834136963,0
2025-04-16 16:45:00+00:00,1.1379153728485107,1.138044834136963,1.1376564502716064,1.1376564502716064,0
2025-04-16 16:50:00+00:00,1.1377859115600586,1.138044834136963,1.1376564502716064,1.138044834136963,0
2025-04-16 16:55:00+00:00,1.1377859115600586,1.1377859115600586,1.1375269889831543,1.1376564502716064,0
2025-04-16 17:00:00+00:00,1.1371389627456665,1.1376564502716064,1.1371389627456665,1.1376564502716064,0
2025-04-16 17:05:00+00:00,1.1375269889831543,1.1377859115600586,1.1373976469039917,1.1376564502716064,0
2025-04-16 17:10:00+00:00,1.1373976469039917,1.1377859115600586,1.1373976469039917,1.1376564502716064,0
2025-04-16 17:15:00+00:00,1.1370097398757935,1.1370097398757935,1.1367511749267578,1.1368803977966309,0
2025-04-16 17:20:00+00:00,1.1373976469039917,1.1373976469039917,1.1371389627456665,1.1371389627456665,0
2025-04-16 17:25:00+00:00,1.1375269889831543,1.1375269889831543,1.1373976469039917,1.1373976469039917,0
2025-04-16 17:30:00+00:00,1.138044834136963,1.138044834136963,1.1366219520568848,1.1373976469039917,0
2025-04-16 17:35:00+00:00,1.1388224363327026,1.139211654663086,1.1383039951324463,1.139211654663086,0
2025-04-16 17:40:00+00:00,1.1385631561279297,1.1386927366256714,1.1383039951324463,1.1383039951324463,0
2025-04-16 17:45:00+00:00,1.139211654663086,1.139211654663086,1.1384334564208984,1.1388224363327026,0
2025-04-16 17:50:00+00:00,1.1383039951324463,1.1386927366256714,1.1381744146347046,1.1386927366256714,0
2025-04-16 17:55:00+00:00,1.1379153728485107,1.1383039951324463,1.1373976469039917,1.1383039951324463,0
2025-04-16 18:00:00+00:00,1.1383039951324463,1.1383039951324463,1.1375269889831543,1.1375269889831543,0
2025-04-16 18:05:00+00:00,1.1379153728485107,1.1383039951324463,1.1379153728485107,1.1381744146347046,0
2025-04-16 18:10:00+00:00,1.1371389627456665,1.1371389627456665,1.1368803977966309,1.1371389627456665,0
2025-04-16 18:15:00+00:00,1.1376564502716064,1.138044834136963,1.1371389627456665,1.1371389627456665,0
2025-04-16 18:20:00+00:00,1.1375269889831543,1.1376564502716064,1.1373976469039917,1.1376564502716064,0
2025-04-16 18:25:00+00:00,1.1373976469039917,1.1379153728485107,1.1373976469039917,1.1379153728485107,0
2025-04-16 18:30:00+00:00,1.1377859115600586,1.1377859115600586,1.1376564502716064,1.1377859115600586,0
2025-04-16 18:35:00+00:00,1.1384334564208984,1.1384334564208984,1.1377859115600586,1.1377859115600586,0
2025-04-16 18:40:00+00:00,1.1381744146347046,1.1383039951324463,1.138044834136963,1.1383039951324463,0
2025-04-16 18:45:00+00:00,1.1383039951324463,1.1383039951324463,1.138044834136963,1.138044834136963,0
2025-04-16 18:50:00+00:00,1.1390818357467651,1.1390818357467651,1.1384334564208984,1.1384334564208984,0
2025-04-16 18:55:00+00:00,1.1389521360397339,1.1389521360397339,1.1388224363327026,1.1388224363327026,0
2025-04-16 19:00:00+00:00,1.1396011114120483,1.1396011114120483,1.1389521360397339,1.1389521360397339,0
2025-04-16 19:05:00+00:00,1.1401208639144897,1.1401208639144897,1.1397310495376587,1.1397310495376587,0
2025-04-16 19:10:00+00:00,1.1397310495376587,1.1401208639144897,1.1397310495376587,1.1399909257888794,0
2025-04-16 19:15:00+00:00,1.1402509212493896,1.1402509212493896,1.1398608684539795,1.1398608684539795,0
2025-04-16 19:20:00+00:00,1.1409013271331787,1.1409013271331787,1.140380859375,1.140380859375,0
2025-04-16 19:25:00+00:00,1.1409013271331787,1.1415525674819946,1.1409013271331787,1.141291856765747,0
2025-04-16 19:30:00+00:00,1.1398608684539795,1.1406410932540894,1.1398608684539795,1.1406410932540894,0
2025-04-16 19:35:00+00:00,1.1399909257888794,1.1402509212493896,1.1398608684539795,1.1399909257888794,0
2025-04-16 19:40:00+00:00,1.1397310495376587,1.1401208639144897,1.1397310495376587,1.1399909257888794,0
2025-04-16 19:45:00+00:00,1.1396011114120483,1.1396011114120483,1.1394712924957275,1.1396011114120483,0
2025-04-16 19:50:00+00:00,1.1394712924957275,1.1394712924957275,1.1390818357467651,1.1394712924957275,0
2025-04-16 19:55:00+00:00,1.139211654663086,1.1394712924957275,1.139211654663086,1.1393414735794067,0
2025-04-16 20:00:00+00:00,1.1389521360397339,1.1389521360397339,1.1388224363327026,1.1388224363327026,0
2025-04-16 20:05:00+00:00,1.1386927366256714,1.1386927366256714,1.1385631561279297,1.1386927366256714,0
2025-04-16 20:10:00+00:00,1.1390818357467651,1.139211654663086,1.1386927366256714,1.1386927366256714,0
2025-04-16 20:15:00+00:00,1.139211654663086,1.139211654663086,1.1389521360397339,1.1389521360397339,0
2025-04-16 20:20:00+00:00,1.1390818357467651,1.1390818357467651,1.1389521360397339,1.1390818357467651,0
2025-04-16 20:25:00+00:00,1.139211654663086,1.139211654663086,1.1389521360397339,1.1390818357467651,0
2025-04-16 20:30:00+00:00,1.139211654663086,1.1394712924957275,1.139211654663086,1.1394712924957275,0
2025-04-16 20:35:00+00:00,1.1398608684539795,1.1398608684539795,1.139211654663086,1.139211654663086,0
2025-04-16 20:40:00+00:00,1.1396011114120483,1.1396011114120483,1.1396011114120483,1.1396011114120483,0
2025-04-16 20:45:00+00:00,1.1398608684539795,1.1398608684539795,1.1397310495376587,1.1397310495376587,0
2025-04-16 20:50:00+00:00,1.1401208639144897,1.1401208639144897,1.1398608684539795,1.1398608684539795,0
2025-04-16 20:55:00+00:00,1.1401208639144897,1.1402509212493896,1.1401208639144897,1.1401208639144897,0
2025-04-16 21:00:00+00:00,1.1411616802215576,1.1411616802215576,1.1402509212493896,1.1402509212493896,0
2025-04-16 21:05:00+00:00,1.1402509212493896,1.1411616802215576,1.1401208639144897,1.1411616802215576,0
2025-04-16 21:10:00+00:00,1.1409013271331787,1.1409013271331787,1.1402509212493896,1.1402509212493896,0
2025-04-16 21:15:00+00:00,1.1405109167099,1.1406410932540894,1.1405109167099,1.1405109167099,0
2025-04-16 21:20:00+00:00,1.1406410932540894,1.1409013271331787,1.1405109167099,1.1405109167099,0
2025-04-16 21:25:00+00:00,1.1401208639144897,1.140380859375,1.1398608684539795,1.140380859375,0
2025-04-16 21:30:00+00:00,1.1402509212493896,1.1402509212493896,1.1397310495376587,1.1397310495376587,0
2025-04-16 21:35:00+00:00,1.1398608684539795,1.1405109167099,1.1398608684539795,1.1399909257888794,0
2025-04-16 21:40:00+00:00,1.1401208639144897,1.1406410932540894,1.1401208639144897,1.1405109167099,0
2025-04-16 21:45:00+00:00,1.140380859375,1.1405109167099,1.1402509212493896,1.1405109167099,0
2025-04-16 21:50:00+00:00,1.1401208639144897,1.140380859375,1.1399909257888794,1.140380859375,0
2025-04-16 21:55:00+00:00,1.1401208639144897,1.140380859375,1.1396011114120483,1.1402509212493896,0
2025-04-16 22:00:00+00:00,1.1401208639144897,1.140380859375,1.1401208639144897,1.1402509212493896,0
2025-04-16 22:05:00+00:00,1.1402509212493896,1.140380859375,1.1401208639144897,1.1402509212493896,0
2025-04-16 22:10:00+00:00,1.1402509212493896,1.140380859375,1.1402509212493896,1.1402509212493896,0
2025-04-16 22:15:00+00:00,1.1399909257888794,1.140380859375,1.1399909257888794,1.140380859375,0
2025-04-16 22:20:00+00:00,1.1401208639144897,1.1402509212493896,1.1401208639144897,1.1401208639144897,0
2025-04-16 22:25:00+00:00,1.1401208639144897,1.1401208639144897,1.1401208639144897,1.1401208639144897,0
2025-04-16 22:30:00+00:00,1.1399909257888794,1.1402509212493896,1.1399909257888794,1.1401208639144897,0
2025-04-16 22:35:00+00:00,1.1399909257888794,1.1399909257888794,1.1398608684539795,1.1399909257888794,0
2025-04-16 22:40:00+00:00,1.140380859375,1.140380859375,1.1401208639144897,1.1401208639144897,0
2025-04-16 22:45:00+00:00,1.1401208639144897,1.1402509212493896,1.1401208639144897,1.1402509212493896,0
2025-04-16 22:50:00+00:00,1.1399909257888794,1.1401208639144897,1.1399909257888794,1.1399909257888794,0
2025-04-16 22:55:00+00:00,1.1402509212493896,1.1402509212493896,1.1399909257888794,1.1399909257888794,0
2025-04-16 23:00:00+00:00,1.1402509212493896,1.1402509212493896,1.1399909257888794,1.1402509212493896,0
2025-04-16 23:05:00+00:00,1.1401208639144897,1.1402509212493896,1.1399909257888794,1.1399909257888794,0
2025-04-16 23:10:00+00:00,1.1401208639144897,1.1402509212493896,1.1401208639144897,1.1401208639144897,0
2025-04-16 23:15:00+00:00,1.1401208639144897,1.1402509212493896,1.1401208639144897,1.1401208639144897,0
2025-04-16 23:20:00+00:00,1.1402509212493896,1.1402509212493896,1.1401208639144897,1.1401208639144897,0
2025-04-16 23:25:00+00:00,1.1402509212493896,1.1405109167099,1.1402509212493896,1.1402509212493896,0
2025-04-16 23:30:00+00:00,1.1410315036773682,1.1410315036773682,1.1402509212493896,1.1402509212493896,0
2025-04-16 23:35:00+00:00,1.1407711505889893,1.1411616802215576,1.1407711505889893,1.1411616802215576,0
2025-04-16 23:40:00+00:00,1.1406410932540894,1.1407711505889893,1.1406410932540894,1.1407711505889893,0
2025-04-16 23:45:00+00:00,1.1406410932540894,1.1409013271331787,1.1406410932540894,1.1409013271331787,0
2025-04-16 23:50:00+00:00,1.140380859375,1.1406410932540894,1.140380859375,1.1405109167099,0
2025-04-16 23:55:00+00:00,1.1398608684539795,1.140380859375,1.1397310495376587,1.140380859375,0
2025-04-17 00:00:00+00:00,1.1386927366256714,1.1399909257888794,1.1386927366256714,1.1399909257888794,0
2025-04-17 00:05:00+00:00,1.1386927366256714,1.1386927366256714,1.1385631561279297,1.1385631561279297,0
2025-04-17 00:10:00+00:00,1.1388224363327026,1.1390818357467651,1.1388224363327026,1.1390818357467651,0
2025-04-17 00:15:00+00:00,1.1385631561279297,1.1385631561279297,1.1384334564208984,1.1384334564208984,0
2025-04-17 00:20:00+00:00,1.1381744146347046,1.1385631561279297,1.1381744146347046,1.1385631561279297,0
2025-04-17 00:25:00+00:00,1.138044834136963,1.1383039951324463,1.138044834136963,1.1381744146347046,0
2025-04-17 00:30:00+00:00,1.1376564502716064,1.1383039951324463,1.1376564502716064,1.1383039951324463,0
2025-04-17 00:35:00+00:00,1.1377859115600586,1.1377859115600586,1.1375269889831543,1.1377859115600586,0
2025-04-17 00:40:00+00:00,1.1376564502716064,1.1376564502716064,1.1373976469039917,1.1376564502716064,0
2025-04-17 00:45:00+00:00,1.1376564502716064,1.1377859115600586,1.1375269889831543,1.1377859115600586,0
2025-04-17 00:50:00+00:00,1.1375269889831543,1.1377859115600586,1.1375269889831543,1.1376564502716064,0
2025-04-17 00:55:00+00:00,1.1370097398757935,1.1373976469039917,1.1368803977966309,1.1373976469039917,0
2025-04-17 01:00:00+00:00,1.1362345218658447,1.1368803977966309,1.1362345218658447,1.1368803977966309,0
2025-04-17 01:05:00+00:00,1.1363636255264282,1.1366219520568848,1.1361054182052612,1.1366219520568848,0
2025-04-17 01:10:00+00:00,1.1364928483963013,1.1366219520568848,1.1364928483963013,1.1364928483963013,0
2025-04-17 01:15:00+00:00,1.1370097398757935,1.1370097398757935,1.1366219520568848,1.1367511749267578,0
2025-04-17 01:20:00+00:00,1.1367511749267578,1.1371389627456665,1.1367511749267578,1.1371389627456665,0
2025-04-17 01:25:00+00:00,1.1364928483963013,1.1370097398757935,1.1363636255264282,1.1370097398757935,0
2025-04-17 01:30:00+00:00,1.1361054182052612,1.1364928483963013,1.1361054182052612,1.1364928483963013,0
2025-04-17 01:35:00+00:00,1.1363636255264282,1.1363636255264282,1.1361054182052612,1.1362345218658447,0
2025-04-17 01:40:00+00:00,1.1362345218658447,1.1367511749267578,1.1362345218658447,1.1363636255264282,0
2025-04-17 01:45:00+00:00,1.1367511749267578,1.1367511749267578,1.1363636255264282,1.1363636255264282,0
2025-04-17 01:50:00+00:00,1.1367511749267578,1.1368803977966309,1.1366219520568848,1.1368803977966309,0
2025-04-17 01:55:00+00:00,1.1368803977966309,1.1370097398757935,1.1367511749267578,1.1368803977966309,0
2025-04-17 02:00:00+00:00,1.1371389627456665,1.1371389627456665,1.1368803977966309,1.1370097398757935,0
2025-04-17 02:05:00+00:00,1.1375269889831543,1.1375269889831543,1.137268304824829,1.1375269889831543,0
2025-04-17 02:10:00+00:00,1.1376564502716064,1.1377859115600586,1.1376564502716064,1.1376564502716064,0
2025-04-17 02:15:00+00:00,1.1377859115600586,1.1377859115600586,1.1373976469039917,1.1376564502716064,0
2025-04-17 02:20:00+00:00,1.1377859115600586,1.1377859115600586,1.1376564502716064,1.1376564502716064,0
2025-04-17 02:25:00+00:00,1.1375269889831543,1.1375269889831543,1.1375269889831543,1.1375269889831543,0
2025-04-17 02:30:00+00:00,1.1377859115600586,1.1377859115600586,1.1375269889831543,1.1375269889831543,0
2025-04-17 02:35:00+00:00,1.1375269889831543,1.1377859115600586,1.1375269889831543,1.1377859115600586,0
2025-04-17 02:40:00+00:00,1.1381744146347046,1.1383039951324463,1.138044834136963,1.138044834136963,0
2025-04-17 02:45:00+00:00,1.1381744146347046,1.1383039951324463,1.138044834136963,1.1383039951324463,0
2025-04-17 02:50:00+00:00,1.138044834136963,1.1381744146347046,1.138044834136963,1.1381744146347046,0
2025-04-17 02:55:00+00:00,1.138044834136963,1.1381744146347046,1.138044834136963,1.1381744146347046,0
2025-04-17 03:00:00+00:00,1.1381744146347046,1.1383039951324463,1.1381744146347046,1.1383039951324463,0
2025-04-17 03:05:00+00:00,1.1375269889831543,1.138044834136963,1.1375269889831543,1.138044834136963,0
2025-04-17 03:10:00+00:00,1.1377859115600586,1.1377859115600586,1.1376564502716064,1.1376564502716064,0
2025-04-17 03:15:00+00:00,1.1383039951324463,1.1383039951324463,1.1379153728485107,1.1379153728485107,0
2025-04-17 03:20:00+00:00,1.1379153728485107,1.138044834136963,1.1379153728485107,1.1379153728485107,0
2025-04-17 03:25:00+00:00,1.1377859115600586,1.138044834136963,1.1377859115600586,1.1379153728485107,0
2025-04-17 03:30:00+00:00,1.1375269889831543,1.1379153728485107,1.1375269889831543,1.1379153728485107,0
2025-04-17 03:35:00+00:00,1.1375269889831543,1.1377859115600586,1.1375269889831543,1.1377859115600586,0
2025-04-17 03:40:00+00:00,1.1368803977966309,1.1371389627456665,1.1368803977966309,1.1371389627456665,0
2025-04-17 03:45:00+00:00,1.1370097398757935,1.1370097398757935,1.1368803977966309,1.1368803977966309,0
2025-04-17 03:50:00+00:00,1.1370097398757935,1.1370097398757935,1.1368803977966309,1.1368803977966309,0
2025-04-17 03:55:00+00:00,1.1367511749267578,1.1370097398757935,1.1367511749267578,1.1368803977966309,0
2025-04-17 04:00:00+00:00,1.1368803977966309,1.1368803977966309,1.1367511749267578,1.1367511749267578,0
2025-04-17 04:05:00+00:00,1.1368803977966309,1.1368803977966309,1.1368803977966309,1.1368803977966309,0
2025-04-17 04:10:00+00:00,1.1370097398757935,1.1370097398757935,1.1370097398757935,1.1370097398757935,0
2025-04-17 04:15:00+00:00,1.1370097398757935,1.1370097398757935,1.1368803977966309,1.1370097398757935,0
2025-04-17 04:20:00+00:00,1.1371389627456665,1.1371389627456665,1.1370097398757935,1.1370097398757935,0
2025-04-17 04:25:00+00:00,1.1371389627456665,1.1371389627456665,1.1370097398757935,1.1370097398757935,0
2025-04-17 04:30:00+00:00,1.1368803977966309,1.1371389627456665,1.1368803977966309,1.1371389627456665,0
2025-04-17 04:35:00+00:00,1.1370097398757935,1.1370097398757935,1.1368803977966309,1.1370097398757935,0
2025-04-17 04:40:00+00:00,1.1366219520568848,1.1368803977966309,1.1366219520568848,1.1367511749267578,0
2025-04-17 04:45:00+00:00,1.1371389627456665,1.1371389627456665,1.1367511749267578,1.1367511749267578,0
2025-04-17 04:50:00+00:00,1.1371389627456665,1.137268304824829,1.1370097398757935,1.1370097398757935,0
2025-04-17 04:55:00+00:00,1.1364928483963013,1.1371389627456665,1.1363636255264282,1.1370097398757935,0
2025-04-17 05:00:00+00:00,1.1367511749267578,1.1367511749267578,1.1364928483963013,1.1364928483963013,0
2025-04-17 05:05:00+00:00,1.1370097398757935,1.1370097398757935,1.1366219520568848,1.1366219520568848,0
2025-04-17 05:10:00+00:00,1.1371389627456665,1.137268304824829,1.1371389627456665,1.1371389627456665,0
2025-04-17 05:15:00+00:00,1.1371389627456665,1.137268304824829,1.1371389627456665,1.1371389627456665,0
2025-04-17 05:20:00+00:00,1.1368803977966309,1.1370097398757935,1.1368803977966309,1.1370097398757935,0
2025-04-17 05:25:00+00:00,1.1364928483963013,1.1366219520568848,1.1364928483963013,1.1366219520568848,0
2025-04-17 05:30:00+00:00,1.1362345218658447,1.1362345218658447,1.1361054182052612,1.1362345218658447,0
2025-04-17 05:35:00+00:00,1.135589361190796,1.1359764337539673,1.135589361190796,1.1359764337539673,0
2025-04-17 05:40:00+00:00,1.1349449157714844,1.1353315114974976,1.1349449157714844,1.1353315114974976,0
2025-04-17 05:45:00+00:00,1.1350737810134888,1.1350737810134888,1.1348161697387695,1.1348161697387695,0
2025-04-17 05:50:00+00:00,1.1354604959487915,1.135589361190796,1.1349449157714844,1.1350737810134888,0
2025-04-17 05:55:00+00:00,1.1354604959487915,1.135589361190796,1.1354604959487915,1.1354604959487915,0
2025-04-17 06:00:00+00:00,1.1353315114974976,1.1359764337539673,1.1353315114974976,1.135589361190796,0
2025-04-17 06:05:00+00:00,1.1348161697387695,1.1350737810134888,1.1348161697387695,1.1350737810134888,0
2025-04-17 06:10:00+00:00,1.1353315114974976,1.135589361190796,1.1352026462554932,1.135589361190796,0
2025-04-17 06:15:00+00:00,1.1352026462554932,1.1358473300933838,1.1352026462554932,1.1358473300933838,0
2025-04-17 06:20:00+00:00,1.135589361190796,1.135589361190796,1.1353315114974976,1.1353315114974976,0
2025-04-17 06:25:00+00:00,1.1361054182052612,1.1361054182052612,1.1357183456420898,1.1357183456420898,0
2025-04-17 06:30:00+00:00,1.1364928483963013,1.1364928483963013,1.1359764337539673,1.1359764337539673,0
2025-04-17 06:35:00+00:00,1.1366219520568848,1.1366219520568848,1.1363636255264282,1.1363636255264282,0
2025-04-17 06:40:00+00:00,1.1366219520568848,1.1367511749267578,1.1363636255264282,1.1367511749267578,0
2025-04-17 06:45:00+00:00,1.1373976469039917,1.1373976469039917,1.1363636255264282,1.1363636255264282,0
2025-04-17 06:50:00+00:00,1.1370097398757935,1.137268304824829,1.1368803977966309,1.137268304824829,0
2025-04-17 06:55:00+00:00,1.1364928483963013,1.1367511749267578,1.1363636255264282,1.1367511749267578,0
2025-04-17 07:00:00+00:00,1.137268304824829,1.137268304824829,1.1364928483963013,1.1366219520568848,0
2025-04-17 07:05:00+00:00,1.137268304824829,1.137268304824829,1.1368803977966309,1.137268304824829,0
2025-04-17 07:10:00+00:00,1.1368803977966309,1.1371389627456665,1.1368803977966309,1.1370097398757935,0
2025-04-17 07:15:00+00:00,1.1366219520568848,1.1367511749267578,1.1359764337539673,1.1367511749267578,0
2025-04-17 07:20:00+00:00,1.1359764337539673,1.1359764337539673,1.1357183456420898,1.1359764337539673,0
2025-04-17 07:25:00+00:00,1.1361054182052612,1.1364928483963013,1.1361054182052612,1.1362345218658447,0
2025-04-17 07:30:00+00:00,1.1368803977966309,1.1370097398757935,1.1361054182052612,1.1361054182052612,0
2025-04-17 07:35:00+00:00,1.1373976469039917,1.1373976469039917,1.1367511749267578,1.1370097398757935,0
2025-04-17 07:40:00+00:00,1.1375269889831543,1.1375269889831543,1.137268304824829,1.137268304824829,0
2025-04-17 07:45:00+00:00,1.1368803977966309,1.1376564502716064,1.1368803977966309,1.1373976469039917,0
2025-04-17 07:50:00+00:00,1.1379153728485107,1.1381744146347046,1.1371389627456665,1.1371389627456665,0
2025-04-17 07:55:00+00:00,1.138044834136963,1.1381744146347046,1.138044834136963,1.138044834136963,0
2025-04-17 08:00:00+00:00,1.138044834136963,1.1381744146347046,1.138044834136963,1.1381744146347046,0
2025-04-17 08:05:00+00:00,1.1376564502716064,1.1381744146347046,1.1376564502716064,1.1381744146347046,0
2025-04-17 08:10:00+00:00,1.1379153728485107,1.1379153728485107,1.1377859115600586,1.1377859115600586,0
2025-04-17 08:15:00+00:00,1.1376564502716064,1.1377859115600586,1.1373976469039917,1.1377859115600586,0
2025-04-17 08:20:00+00:00,1.1373976469039917,1.1377859115600586,1.137268304824829,1.1377859115600586,0
2025-04-17 08:25:00+00:00,1.1375269889831543,1.1376564502716064,1.1375269889831543,1.1375269889831543,0
2025-04-17 08:30:00+00:00,1.1383039951324463,1.1383039951324463,1.1379153728485107,1.138044834136963,0
2025-04-17 08:35:00+00:00,1.1389521360397339,1.1389521360397339,1.1381744146347046,1.1381744146347046,0
2025-04-17 08:40:00+00:00,1.1384334564208984,1.1389521360397339,1.1384334564208984,1.1389521360397339,0
2025-04-17 08:45:00+00:00,1.1386927366256714,1.1390818357467651,1.1386927366256714,1.1390818357467651,0
2025-04-17 08:50:00+00:00,1.138044834136963,1.1384334564208984,1.138044834136963,1.1384334564208984,0
2025-04-17 08:55:00+00:00,1.1383039951324463,1.1385631561279297,1.1381744146347046,1.1381744146347046,0
2025-04-17 09:00:00+00:00,1.1377859115600586,1.1383039951324463,1.1377859115600586,1.1383039951324463,0
2025-04-17 09:05:00+00:00,1.138044834136963,1.1381744146347046,1.1377859115600586,1.1381744146347046,0
2025-04-17 09:10:00+00:00,1.1379153728485107,1.138044834136963,1.1377859115600586,1.1377859115600586,0
2025-04-17 09:15:00+00:00,1.1381744146347046,1.1381744146347046,1.1376564502716064,1.1376564502716064,0
2025-04-17 09:20:00+00:00,1.1379153728485107,1.138044834136963,1.1379153728485107,1.138044834136963,0
2025-04-17 09:25:00+00:00,1.1375269889831543,1.1379153728485107,1.1375269889831543,1.1379153728485107,0
2025-04-17 09:30:00+00:00,1.1379153728485107,1.138044834136963,1.1375269889831543,1.1375269889831543,0
2025-04-17 09:35:00+00:00,1.1379153728485107,1.1379153728485107,1.1379153728485107,1.1379153728485107,0
2025-04-17 09:40:00+00:00,1.1381744146347046,1.1381744146347046,1.1379153728485107,1.138044834136963,0
2025-04-17 09:45:00+00:00,1.1377859115600586,1.1383039951324463,1.1377859115600586,1.1383039951324463,0
2025-04-17 09:50:00+00:00,1.1377859115600586,1.1381744146347046,1.1377859115600586,1.1377859115600586,0
2025-04-17 09:55:00+00:00,1.1375269889831543,1.138044834136963,1.1375269889831543,1.1379153728485107,0
2025-04-17 10:00:00+00:00,1.1376564502716064,1.1379153728485107,1.1373976469039917,1.1376564502716064,0
2025-04-17 10:05:00+00:00,1.1367511749267578,1.1379153728485107,1.1367511749267578,1.1377859115600586,0
2025-04-17 10:10:00+00:00,1.1375269889831543,1.1375269889831543,1.1363636255264282,1.1371389627456665,0
2025-04-17 10:15:00+00:00,1.137268304824829,1.137268304824829,1.1370097398757935,1.1370097398757935,0
2025-04-17 10:20:00+00:00,1.1368803977966309,1.1376564502716064,1.1368803977966309,1.1376564502716064,0
2025-04-17 10:25:00+00:00,1.1376564502716064,1.1376564502716064,1.1371389627456665,1.1373976469039917,0
2025-04-17 10:30:00+00:00,1.1370097398757935,1.1375269889831543,1.1370097398757935,1.1375269889831543,0
2025-04-17 10:35:00+00:00,1.1367511749267578,1.1368803977966309,1.1364928483963013,1.1368803977966309,0
2025-04-17 10:40:00+00:00,1.1367511749267578,1.1371389627456665,1.1367511749267578,1.1367511749267578,0
2025-04-17 10:45:00+00:00,1.1366219520568848,1.1367511749267578,1.1366219520568848,1.1367511749267578,0
2025-04-17 10:50:00+00:00,1.1364928483963013,1.1366219520568848,1.1364928483963013,1.1364928483963013,0
2025-04-17 10:55:00+00:00,1.1361054182052612,1.1366219520568848,1.1361054182052612,1.1366219520568848,0
2025-04-17 11:00:00+00:00,1.1364928483963013,1.1364928483963013,1.1361054182052612,1.1361054182052612,0
2025-04-17 11:05:00+00:00,1.1371389627456665,1.1371389627456665,1.1366219520568848,1.1366219520568848,0
2025-04-17 11:10:00+00:00,1.1367511749267578,1.1371389627456665,1.1367511749267578,1.1370097398757935,0
2025-04-17 11:15:00+00:00,1.1370097398757935,1.1370097398757935,1.1367511749267578,1.1367511749267578,0
2025-04-17 11:20:00+00:00,1.1367511749267578,1.1371389627456665,1.1367511749267578,1.1371389627456665,0
2025-04-17 11:25:00+00:00,1.1370097398757935,1.1371389627456665,1.1368803977966309,1.1368803977966309,0
2025-04-17 11:30:00+00:00,1.1371389627456665,1.1371389627456665,1.1368803977966309,1.1371389627456665,0
2025-04-17 11:35:00+00:00,1.1368803977966309,1.137268304824829,1.1368803977966309,1.1371389627456665,0
2025-04-17 11:40:00+00:00,1.1368803977966309,1.1370097398757935,1.1367511749267578,1.1367511749267578,0
2025-04-17 11:45:00+00:00,1.1367511749267578,1.1367511749267578,1.1363636255264282,1.1366219520568848,0
2025-04-17 11:50:00+00:00,1.1366219520568848,1.1370097398757935,1.1366219520568848,1.1368803977966309,0
2025-04-17 11:55:00+00:00,1.1361054182052612,1.1363636255264282,1.1359764337539673,1.1363636255264282,0
2025-04-17 12:00:00+00:00,1.1367511749267578,1.1367511749267578,1.1358473300933838,1.1358473300933838,0
2025-04-17 12:05:00+00:00,1.1363636255264282,1.1367511749267578,1.1363636255264282,1.1367511749267578,0
2025-04-17 12:10:00+00:00,1.1366219520568848,1.1366219520568848,1.1359764337539673,1.1359764337539673,0
2025-04-17 12:15:00+00:00,1.1353315114974976,1.1367511749267578,1.1353315114974976,1.1367511749267578,0
2025-04-17 12:20:00+00:00,1.1349449157714844,1.1349449157714844,1.134429931640625,1.134429931640625,0
2025-04-17 12:25:00+00:00,1.1345586776733398,1.1349449157714844,1.1345586776733398,1.1346874237060547,0
2025-04-17 12:30:00+00:00,1.134429931640625,1.135589361190796,1.134429931640625,1.1353315114974976,0
2025-04-17 12:35:00+00:00,1.1354604959487915,1.1354604959487915,1.1349449157714844,1.1353315114974976,0
2025-04-17 12:40:00+00:00,1.1357183456420898,1.1359764337539673,1.135589361190796,1.1359764337539673,0
2025-04-17 12:45:00+00:00,1.1357183456420898,1.1361054182052612,1.1354604959487915,1.1361054182052612,0
2025-04-17 12:50:00+00:00,1.1353315114974976,1.135589361190796,1.1348161697387695,1.1348161697387695,0
2025-04-17 12:55:00+00:00,1.1357183456420898,1.1357183456420898,1.1350737810134888,1.135589361190796,0
2025-04-17 13:00:00+00:00,1.1367511749267578,1.1368803977966309,1.1367511749267578,1.1368803977966309,0
2025-04-17 13:05:00+00:00,1.137268304824829,1.1377859115600586,1.137268304824829,1.137268304824829,0
2025-04-17 13:10:00+00:00,1.1361054182052612,1.1366219520568848,1.1354604959487915,1.1366219520568848,0
2025-04-17 13:15:00+00:00,1.1363636255264282,1.1367511749267578,1.135589361190796,1.135589361190796,0
2025-04-17 13:20:00+00:00,1.1361054182052612,1.1364928483963013,1.1357183456420898,1.1357183456420898,0
2025-04-17 13:25:00+00:00,1.1366219520568848,1.1371389627456665,1.1364928483963013,1.1364928483963013,0
2025-04-17 13:30:00+00:00,1.1370097398757935,1.1370097398757935,1.1359764337539673,1.1366219520568848,0
2025-04-17 13:35:00+00:00,1.1366219520568848,1.1371389627456665,1.1366219520568848,1.1371389627456665,0
2025-04-17 13:40:00+00:00,1.1362345218658447,1.1367511749267578,1.1362345218658447,1.1367511749267578,0
2025-04-17 13:45:00+00:00,1.1361054182052612,1.1364928483963013,1.1361054182052612,1.1362345218658447,0
2025-04-17 13:50:00+00:00,1.1362345218658447,1.1364928483963013,1.1361054182052612,1.1361054182052612,0
2025-04-17 13:55:00+00:00,1.1363636255264282,1.1367511749267578,1.1363636255264282,1.1367511749267578,0
2025-04-17 14:00:00+00:00,1.1363636255264282,1.1364928483963013,1.1363636255264282,1.1364928483963013,0
2025-04-17 14:05:00+00:00,1.1363636255264282,1.1363636255264282,1.1362345218658447,1.1362345218658447,0
2025-04-17 14:10:00+00:00,1.1364928483963013,1.1364928483963013,1.1363636255264282,1.1363636255264282,0
2025-04-17 14:15:00+00:00,1.1377859115600586,1.1377859115600586,1.1367511749267578,1.1367511749267578,0
2025-04-17 14:20:00+00:00,1.1384334564208984,1.1385631561279297,1.138044834136963,1.138044834136963,0
2025-04-17 14:25:00+00:00,1.1381744146347046,1.1388224363327026,1.1381744146347046,1.1386927366256714,0
2025-04-17 14:30:00+00:00,1.137268304824829,1.1381744146347046,1.137268304824829,1.1381744146347046,0
2025-04-17 14:35:00+00:00,1.1379153728485107,1.1381744146347046,1.1371389627456665,1.1371389627456665,0
2025-04-17 14:40:00+00:00,1.1376564502716064,1.1376564502716064,1.137268304824829,1.1376564502716064,0
2025-04-17 14:45:00+00:00,1.1368803977966309,1.138044834136963,1.1368803977966309,1.138044834136963,0
2025-04-17 14:50:00+00:00,1.1354604959487915,1.1367511749267578,1.1354604959487915,1.1367511749267578,0
2025-04-17 14:55:00+00:00,1.1352026462554932,1.1353315114974976,1.1348161697387695,1.1348161697387695,0
2025-04-17 15:00:00+00:00,1.1353315114974976,1.1358473300933838,1.1353315114974976,1.1353315114974976,0
2025-04-17 15:05:00+00:00,1.1358473300933838,1.1358473300933838,1.1357183456420898,1.1357183456420898,0
2025-04-17 15:10:00+00:00,1.1364928483963013,1.1364928483963013,1.1357183456420898,1.1357183456420898,0
2025-04-17 15:15:00+00:00,1.1368803977966309,1.1368803977966309,1.1363636255264282,1.1367511749267578,0
2025-04-17 15:20:00+00:00,1.1373976469039917,1.1373976469039917,1.1367511749267578,1.1367511749267578,0
2025-04-17 15:25:00+00:00,1.1377859115600586,1.1377859115600586,1.1375269889831543,1.1375269889831543,0
2025-04-17 15:30:00+00:00,1.1376564502716064,1.1379153728485107,1.1376564502716064,1.1377859115600586,0
2025-04-17 15:35:00+00:00,1.1371389627456665,1.1375269889831543,1.1371389627456665,1.1375269889831543,0
2025-04-17 15:40:00+00:00,1.1371389627456665,1.1373976469039917,1.1370097398757935,1.1370097398757935,0
2025-04-17 15:45:00+00:00,1.1371389627456665,1.137268304824829,1.1370097398757935,1.1371389627456665,0
2025-04-17 15:50:00+00:00,1.1363636255264282,1.1368803977966309,1.1363636255264282,1.1368803977966309,0
2025-04-17 15:55:00+00:00,1.1364928483963013,1.1367511749267578,1.1363636255264282,1.1363636255264282,0
2025-04-17 16:00:00+00:00,1.1371389627456665,1.1371389627456665,1.1364928483963013,1.1366219520568848,0
2025-04-17 16:05:00+00:00,1.1366219520568848,1.137268304824829,1.1366219520568848,1.137268304824829,0
2025-04-17 16:10:00+00:00,1.1362345218658447,1.1364928483963013,1.1359764337539673,1.1359764337539673,0
2025-04-17 16:15:00+00:00,1.1363636255264282,1.1367511749267578,1.1363636255264282,1.1364928483963013,0
2025-04-17 16:20:00+00:00,1.1363636255264282,1.1366219520568848,1.1362345218658447,1.1362345218658447,0
2025-04-17 16:25:00+00:00,1.1354604959487915,1.1362345218658447,1.1354604959487915,1.1362345218658447,0
2025-04-17 16:30:00+00:00,1.135589361190796,1.1359764337539673,1.1352026462554932,1.1354604959487915,0
2025-04-17 16:35:00+00:00,1.1349449157714844,1.1350737810134888,1.134429931640625,1.1346874237060547,0
2025-04-17 16:40:00+00:00,1.1361054182052612,1.1362345218658447,1.1350737810134888,1.1350737810134888,0
2025-04-17 16:45:00+00:00,1.1358473300933838,1.1362345218658447,1.135589361190796,1.1362345218658447,0
2025-04-17 16:50:00+00:00,1.1352026462554932,1.1358473300933838,1.1352026462554932,1.1358473300933838,0
2025-04-17 16:55:00+00:00,1.1353315114974976,1.1354604959487915,1.1349449157714844,1.1349449157714844,0
2025-04-17 17:00:00+00:00,1.1350737810134888,1.1354604959487915,1.1349449157714844,1.1354604959487915,0
2025-04-17 17:05:00+00:00,1.1350737810134888,1.1353315114974976,1.1350737810134888,1.1353315114974976,0
2025-04-17 17:10:00+00:00,1.1346874237060547,1.1350737810134888,1.1346874237060547,1.1350737810134888,0
2025-04-17 17:15:00+00:00,1.1348161697387695,1.1348161697387695,1.1348161697387695,1.1348161697387695,0
2025-04-17 17:20:00+00:00,1.1345586776733398,1.1350737810134888,1.1345586776733398,1.1348161697387695,0
2025-04-17 17:25:00+00:00,1.1350737810134888,1.1350737810134888,1.134429931640625,1.134429931640625,0
2025-04-17 17:30:00+00:00,1.1352026462554932,1.1352026462554932,1.1349449157714844,1.1349449157714844,0
2025-04-17 17:35:00+00:00,1.1350737810134888,1.1352026462554932,1.1349449157714844,1.1350737810134888,0
2025-04-17 17:40:00+00:00,1.1353315114974976,1.1354604959487915,1.1349449157714844,1.1349449157714844,0
2025-04-17 17:45:00+00:00,1.1353315114974976,1.1354604959487915,1.1353315114974976,1.1353315114974976,0
2025-04-17 17:50:00+00:00,1.1354604959487915,1.1357183456420898,1.1354604959487915,1.135589361190796,0
2025-04-17 17:55:00+00:00,1.1354604959487915,1.135589361190796,1.1353315114974976,1.135589361190796,0
2025-04-17 18:00:00+00:00,1.1357183456420898,1.1357183456420898,1.1354604959487915,1.135589361190796,0
2025-04-17 18:05:00+00:00,1.1353315114974976,1.1358473300933838,1.1353315114974976,1.1358473300933838,0
2025-04-17 18:10:00+00:00,1.1350737810134888,1.1352026462554932,1.1345586776733398,1.1352026462554932,0
2025-04-17 18:15:00+00:00,1.1358473300933838,1.1358473300933838,1.1353315114974976,1.1354604959487915,0
2025-04-17 18:20:00+00:00,1.1359764337539673,1.1359764337539673,1.1358473300933838,1.1358473300933838,0
2025-04-17 18:25:00+00:00,1.1362345218658447,1.1366219520568848,1.1361054182052612,1.1361054182052612,0
2025-04-17 18:30:00+00:00,1.1364928483963013,1.1364928483963013,1.1359764337539673,1.1359764337539673,0
2025-04-17 18:35:00+00:00,1.1363636255264282,1.1366219520568848,1.1363636255264282,1.1366219520568848,0
2025-04-17 18:40:00+00:00,1.1363636255264282,1.1366219520568848,1.1362345218658447,1.1363636255264282,0
2025-04-17 18:45:00+00:00,1.1371389627456665,1.1371389627456665,1.1363636255264282,1.1363636255264282,0
2025-04-17 18:50:00+00:00,1.1375269889831543,1.1377859115600586,1.137268304824829,1.137268304824829,0
2025-04-17 18:55:00+00:00,1.1377859115600586,1.1377859115600586,1.1373976469039917,1.1375269889831543,0
2025-04-17 19:00:00+00:00,1.1373976469039917,1.1376564502716064,1.1373976469039917,1.1375269889831543,0
2025-04-17 19:05:00+00:00,1.1375269889831543,1.1375269889831543,1.137268304824829,1.1373976469039917,0
2025-04-17 19:10:00+00:00,1.1373976469039917,1.1377859115600586,1.1373976469039917,1.1376564502716064,0
2025-04-17 19:15:00+00:00,1.1375269889831543,1.1375269889831543,1.137268304824829,1.1373976469039917,0
2025-04-17 19:20:00+00:00,1.1376564502716064,1.1377859115600586,1.1376564502716064,1.1376564502716064,0
2025-04-17 19:25:00+00:00,1.1376564502716064,1.1376564502716064,1.1373976469039917,1.1376564502716064,0
2025-04-17 19:30:00+00:00,1.1376564502716064,1.1379153728485107,1.1376564502716064,1.1377859115600586,0
2025-04-17 19:35:00+00:00,1.1377859115600586,1.1379153728485107,1.1377859115600586,1.1379153728485107,0
2025-04-17 19:40:00+00:00,1.1377859115600586,1.1379153728485107,1.1376564502716064,1.1376564502716064,0
2025-04-17 19:45:00+00:00,1.1375269889831543,1.1377859115600586,1.1373976469039917,1.1377859115600586,0
2025-04-17 19:50:00+00:00,1.1376564502716064,1.1377859115600586,1.1376564502716064,1.1376564502716064,0
2025-04-17 19:55:00+00:00,1.1375269889831543,1.1376564502716064,1.1375269889831543,1.1376564502716064,0
2025-04-17 20:00:00+00:00,1.1375269889831543,1.1375269889831543,1.137268304824829,1.1375269889831543,0
2025-04-17 20:05:00+00:00,1.1376564502716064,1.1376564502716064,1.1373976469039917,1.1375269889831543,0
2025-04-17 20:10:00+00:00,1.138044834136963,1.138044834136963,1.1375269889831543,1.1376564502716064,0
2025-04-17 20:15:00+00:00,1.1377859115600586,1.1379153728485107,1.1377859115600586,1.1377859115600586,0
2025-04-17 20:20:00+00:00,1.1377859115600586,1.1379153728485107,1.1377859115600586,1.1379153728485107,0
2025-04-17 20:25:00+00:00,1.137268304824829,1.1376564502716064,1.137268304824829,1.1376564502716064,0
2025-04-17 20:30:00+00:00,1.1371389627456665,1.1371389627456665,1.1371389627456665,1.1371389627456665,0
2025-04-17 20:35:00+00:00,1.137268304824829,1.137268304824829,1.1371389627456665,1.1371389627456665,0
2025-04-17 20:40:00+00:00,1.1368803977966309,1.1371389627456665,1.1368803977966309,1.1371389627456665,0
2025-04-17 20:45:00+00:00,1.1370097398757935,1.1371389627456665,1.1367511749267578,1.1368803977966309,0
2025-04-17 20:50:00+00:00,1.1368803977966309,1.1370097398757935,1.1368803977966309,1.1370097398757935,0
2025-04-17 20:55:00+00:00,1.1367511749267578,1.1370097398757935,1.1366219520568848,1.1370097398757935,0
2025-04-17 21:00:00+00:00,1.1370097398757935,1.1377859115600586,1.1370097398757935,1.137268304824829,0
2025-04-17 21:05:00+00:00,1.1371389627456665,1.1371389627456665,1.1363636255264282,1.1366219520568848,0
2025-04-17 21:10:00+00:00,1.137268304824829,1.1375269889831543,1.1367511749267578,1.1367511749267578,0
2025-04-17 21:15:00+00:00,1.1367511749267578,1.1379153728485107,1.1367511749267578,1.1377859115600586,0
2025-04-17 21:20:00+00:00,1.1370097398757935,1.1373976469039917,1.1367511749267578,1.1368803977966309,0
2025-04-17 21:25:00+00:00,1.1370097398757935,1.1373976469039917,1.1370097398757935,1.137268304824829,0
2025-04-17 21:30:00+00:00,1.1370097398757935,1.1370097398757935,1.1368803977966309,1.1368803977966309,0
2025-04-17 21:35:00+00:00,1.137268304824829,1.137268304824829,1.1370097398757935,1.1370097398757935,0
2025-04-17 21:40:00+00:00,1.1371389627456665,1.1375269889831543,1.1371389627456665,1.1375269889831543,0
2025-04-17 21:45:00+00:00,1.1376564502716064,1.1376564502716064,1.137268304824829,1.137268304824829,0
2025-04-17 21:50:00+00:00,1.1373976469039917,1.1375269889831543,1.1373976469039917,1.1375269889831543,0
2025-04-17 21:55:00+00:00,1.1373976469039917,1.1375269889831543,1.1371389627456665,1.1375269889831543,0
2025-04-17 22:00:00+00:00,1.1376564502716064,1.1379153728485107,1.137268304824829,1.137268304824829,0
2025-04-17 22:05:00+00:00,1.137268304824829,1.1373976469039917,1.1370097398757935,1.1371389627456665,0
2025-04-17 22:10:00+00:00,1.1379153728485107,1.1379153728485107,1.137268304824829,1.1373976469039917,0
2025-04-17 22:15:00+00:00,1.1375269889831543,1.1375269889831543,1.1371389627456665,1.137268304824829,0
2025-04-17 22:20:00+00:00,1.1373976469039917,1.1376564502716064,1.1373976469039917,1.1376564502716064,0
2025-04-17 22:25:00+00:00,1.1373976469039917,1.1376564502716064,1.137268304824829,1.1373976469039917,0
2025-04-17 22:30:00+00:00,1.137268304824829,1.137268304824829,1.1370097398757935,1.137268304824829,0
2025-04-17 22:35:00+00:00,1.1368803977966309,1.137268304824829,1.1368803977966309,1.137268304824829,0
2025-04-17 22:40:00+00:00,1.1370097398757935,1.1371389627456665,1.1368803977966309,1.1371389627456665,0
2025-04-17 22:45:00+00:00,1.1370097398757935,1.1370097398757935,1.1370097398757935,1.1370097398757935,0
2025-04-17 22:50:00+00:00,1.1370097398757935,1.1370097398757935,1.1370097398757935,1.1370097398757935,0
2025-04-17 22:55:00+00:00,1.1371389627456665,1.1373976469039917,1.1370097398757935,1.137268304824829,0
2025-04-17 23:00:00+00:00,1.1377859115600586,1.1377859115600586,1.137268304824829,1.137268304824829,0
2025-04-17 23:05:00+00:00,1.1373976469039917,1.1377859115600586,1.1373976469039917,1.1375269889831543,0
2025-04-17 23:10:00+00:00,1.1375269889831543,1.1376564502716064,1.1373976469039917,1.1375269889831543,0
2025-04-17 23:15:00+00:00,1.1373976469039917,1.1379153728485107,1.1373976469039917,1.1375269889831543,0
2025-04-17 23:20:00+00:00,1.137268304824829,1.1373976469039917,1.137268304824829,1.137268304824829,0
2025-04-17 23:25:00+00:00,1.1375269889831543,1.1375269889831543,1.137268304824829,1.1375269889831543,0
2025-04-17 23:30:00+00:00,1.137268304824829,1.1375269889831543,1.137268304824829,1.1375269889831543,0
2025-04-17 23:35:00+00:00,1.1373976469039917,1.1375269889831543,1.1373976469039917,1.1375269889831543,0
2025-04-17 23:40:00+00:00,1.1373976469039917,1.1375269889831543,1.137268304824829,1.1375269889831543,0
2025-04-17 23:45:00+00:00,1.1375269889831543,1.1375269889831543,1.1373976469039917,1.1373976469039917,0
2025-04-17 23:50:00+00:00,1.1375269889831543,1.1375269889831543,1.137268304824829,1.1373976469039917,0
2025-04-17 23:55:00+00:00,1.1376564502716064,1.1376564502716064,1.1375269889831543,1.1375269889831543,0
2025-04-18 00:00:00+00:00,1.1376564502716064,1.1376564502716064,1.1375269889831543,1.1376564502716064,0
2025-04-18 00:05:00+00:00,1.1376564502716064,1.1379153728485107,1.1376564502716064,1.1379153728485107,0
2025-04-18 00:10:00+00:00,1.1377859115600586,1.138044834136963,1.1377859115600586,1.1377859115600586,0
2025-04-18 00:15:00+00:00,1.138044834136963,1.138044834136963,1.1376564502716064,1.138044834136963,0
2025-04-18 00:20:00+00:00,1.1379153728485107,1.138044834136963,1.1379153728485107,1.1379153728485107,0
2025-04-18 00:25:00+00:00,1.1383039951324463,1.1385631561279297,1.1383039951324463,1.1384334564208984,0
2025-04-18 00:30:00+00:00,1.138044834136963,1.1384334564208984,1.138044834136963,1.1383039951324463,0
2025-04-18 00:35:00+00:00,1.138044834136963,1.138044834136963,1.1377859115600586,1.1377859115600586,0
2025-04-18 00:40:00+00:00,1.1381744146347046,1.1383039951324463,1.138044834136963,1.138044834136963,0
2025-04-18 00:45:00+00:00,1.1381744146347046,1.1381744146347046,1.138044834136963,1.1381744146347046,0
2025-04-18 00:50:00+00:00,1.1376564502716064,1.1383039951324463,1.1376564502716064,1.1383039951324463,0
2025-04-18 00:55:00+00:00,1.1377859115600586,1.1381744146347046,1.1376564502716064,1.1381744146347046,0
2025-04-18 01:00:00+00:00,1.1375269889831543,1.138044834136963,1.1375269889831543,1.1376564502716064,0
2025-04-18 01:05:00+00:00,1.1377859115600586,1.1377859115600586,1.1376564502716064,1.1376564502716064,0
2025-04-18 01:10:00+00:00,1.1376564502716064,1.1379153728485107,1.1376564502716064,1.1379153728485107,0
2025-04-18 01:15:00+00:00,1.137268304824829,1.1376564502716064,1.137268304824829,1.1376564502716064,0
2025-04-18 01:20:00+00:00,1.1373976469039917,1.1373976469039917,1.137268304824829,1.137268304824829,0
2025-04-18 01:25:00+00:00,1.1376564502716064,1.1376564502716064,1.1375269889831543,1.1375269889831543,0
2025-04-18 01:30:00+00:00,1.1373976469039917,1.1377859115600586,1.1373976469039917,1.1377859115600586,0
2025-04-18 01:35:00+00:00,1.1373976469039917,1.1375269889831543,1.1373976469039917,1.1375269889831543,0
2025-04-18 01:40:00+00:00,1.1376564502716064,1.1376564502716064,1.1373976469039917,1.1373976469039917,0
2025-04-18 01:45:00+00:00,1.1375269889831543,1.1376564502716064,1.1375269889831543,1.1376564502716064,0
2025-04-18 01:50:00+00:00,1.1373976469039917,1.1376564502716064,1.1373976469039917,1.1373976469039917,0
2025-04-18 01:55:00+00:00,1.1373976469039917,1.1376564502716064,1.1373976469039917,1.1373976469039917,0
2025-04-18 02:00:00+00:00,1.1377859115600586,1.1377859115600586,1.1375269889831543,1.1375269889831543,0
2025-04-18 02:05:00+00:00,1.1379153728485107,1.1379153728485107,1.1377859115600586,1.1377859115600586,0
2025-04-18 02:10:00+00:00,1.1377859115600586,1.138044834136963,1.1377859115600586,1.138044834136963,0
2025-04-18 02:15:00+00:00,1.1377859115600586,1.1379153728485107,1.1377859115600586,1.1377859115600586,0
2025-04-18 02:20:00+00:00,1.1377859115600586,1.1379153728485107,1.1376564502716064,1.1376564502716064,0
2025-04-18 02:25:00+00:00,1.1377859115600586,1.1377859115600586,1.1376564502716064,1.1376564502716064,0
2025-04-18 02:30:00+00:00,1.1377859115600586,1.1377859115600586,1.1376564502716064,1.1376564502716064,0
2025-04-18 02:35:00+00:00,1.1377859115600586,1.1377859115600586,1.1376564502716064,1.1376564502716064,0
2025-04-18 02:40:00+00:00,1.1375269889831543,1.1376564502716064,1.1375269889831543,1.1376564502716064,0
2025-04-18 02:45:00+00:00,1.1375269889831543,1.1376564502716064,1.1375269889831543,1.1376564502716064,0
2025-04-18 02:50:00+00:00,1.1373976469039917,1.1375269889831543,1.1373976469039917,1.1375269889831543,0
2025-04-18 02:55:00+00:00,1.1375269889831543,1.1377859115600586,1.1373976469039917,1.1373976469039917,0
2025-04-18 03:00:00+00:00,1.1377859115600586,1.1379153728485107,1.1377859115600586,1.1377859115600586,0
2025-04-18 03:05:00+00:00,1.1375269889831543,1.1379153728485107,1.1375269889831543,1.1379153728485107,0
2025-04-18 03:10:00+00:00,1.1376564502716064,1.1376564502716064,1.1375269889831543,1.1375269889831543,0
2025-04-18 03:15:00+00:00,1.1375269889831543,1.1376564502716064,1.1375269889831543,1.1376564502716064,0
2025-04-18 03:20:00+00:00,1.1376564502716064,1.1376564502716064,1.1373976469039917,1.1375269889831543,0
2025-04-18 03:25:00+00:00,1.1375269889831543,1.1376564502716064,1.1375269889831543,1.1375269889831543,0
2025-04-18 03:30:00+00:00,1.1375269889831543,1.1377859115600586,1.1375269889831543,1.1375269889831543,0
2025-04-18 03:35:00+00:00,1.1375269889831543,1.1376564502716064,1.1375269889831543,1.1375269889831543,0
2025-04-18 03:40:00+00:00,1.1373976469039917,1.1376564502716064,1.1373976469039917,1.1375269889831543,0
2025-04-18 03:45:00+00:00,1.1373976469039917,1.1373976469039917,1.1373976469039917,1.1373976469039917,0
2025-04-18 03:50:00+00:00,1.1375269889831543,1.1375269889831543,1.1373976469039917,1.1373976469039917,0
2025-04-18 03:55:00+00:00,1.1376564502716064,1.1376564502716064,1.1373976469039917,1.1373976469039917,0
2025-04-18 04:00:00+00:00,1.1375269889831543,1.1376564502716064,1.137268304824829,1.1375269889831543,0
2025-04-18 04:05:00+00:00,1.1373976469039917,1.1375269889831543,1.137268304824829,1.137268304824829,0
2025-04-18 04:10:00+00:00,1.1376564502716064,1.1376564502716064,1.1373976469039917,1.1373976469039917,0
2025-04-18 04:15:00+00:00,1.1375269889831543,1.1376564502716064,1.1375269889831543,1.1375269889831543,0
2025-04-18 04:20:00+00:00,1.1375269889831543,1.1376564502716064,1.1375269889831543,1.1375269889831543,0
2025-04-18 04:25:00+00:00,1.1375269889831543,1.1376564502716064,1.1373976469039917,1.1373976469039917,0
2025-04-18 04:30:00+00:00,1.1375269889831543,1.1375269889831543,1.1375269889831543,1.1375269889831543,0
2025-04-18 04:35:00+00:00,1.1379153728485107,1.1379153728485107,1.1375269889831543,1.1375269889831543,0
2025-04-18 04:40:00+00:00,1.1376564502716064,1.1379153728485107,1.1376564502716064,1.1377859115600586,0
2025-04-18 04:45:00+00:00,1.1379153728485107,1.1379153728485107,1.1376564502716064,1.1376564502716064,0
2025-04-18 04:50:00+00:00,1.1376564502716064,1.1377859115600586,1.1375269889831543,1.1377859115600586,0
2025-04-18 04:55:00+00:00,1.1373976469039917,1.1376564502716064,1.1373976469039917,1.1376564502716064,0
2025-04-18 05:00:00+00:00,1.1376564502716064,1.1376564502716064,1.137268304824829,1.137268304824829,0
2025-04-18 05:05:00+00:00,1.1375269889831543,1.1376564502716064,1.1375269889831543,1.1376564502716064,0
2025-04-18 05:10:00+00:00,1.1373976469039917,1.1375269889831543,1.1373976469039917,1.1375269889831543,0
2025-04-18 05:15:00+00:00,1.1373976469039917,1.1375269889831543,1.1373976469039917,1.1373976469039917,0
2025-04-18 05:20:00+00:00,1.1375269889831543,1.1375269889831543,1.1373976469039917,1.1373976469039917,0
2025-04-18 05:25:00+00:00,1.1375269889831543,1.1375269889831543,1.1373976469039917,1.1373976469039917,0
2025-04-18 05:30:00+00:00,1.1368803977966309,1.1373976469039917,1.1368803977966309,1.1373976469039917,0
2025-04-18 05:35:00+00:00,1.1371389627456665,1.1371389627456665,1.1370097398757935,1.1370097398757935,0
2025-04-18 05:40:00+00:00,1.1370097398757935,1.137268304824829,1.1370097398757935,1.1371389627456665,0
2025-04-18 05:45:00+00:00,1.137268304824829,1.137268304824829,1.1370097398757935,1.1370097398757935,0
2025-04-18 05:50:00+00:00,1.1375269889831543,1.1375269889831543,1.1371389627456665,1.1371389627456665,0
2025-04-18 05:55:00+00:00,1.1373976469039917,1.1375269889831543,1.137268304824829,1.137268304824829,0
2025-04-18 06:00:00+00:00,1.1375269889831543,1.1375269889831543,1.1371389627456665,1.1371389627456665,0
2025-04-18 06:05:00+00:00,1.1375269889831543,1.1375269889831543,1.137268304824829,1.1373976469039917,0
2025-04-18 06:10:00+00:00,1.1373976469039917,1.1376564502716064,1.1373976469039917,1.1375269889831543,0
2025-04-18 06:15:00+00:00,1.1377859115600586,1.1379153728485107,1.1373976469039917,1.1376564502716064,0
2025-04-18 06:20:00+00:00,1.1377859115600586,1.1377859115600586,1.1375269889831543,1.1376564502716064,0
2025-04-18 06:25:00+00:00,1.1376564502716064,1.1376564502716064,1.1375269889831543,1.1376564502716064,0
2025-04-18 06:30:00+00:00,1.1373976469039917,1.1375269889831543,1.1373976469039917,1.1373976469039917,0
2025-04-18 06:35:00+00:00,1.1373976469039917,1.1373976469039917,1.1373976469039917,1.1373976469039917,0
2025-04-18 06:40:00+00:00,1.137268304824829,1.137268304824829,1.1371389627456665,1.1371389627456665,0
2025-04-18 06:45:00+00:00,1.1373976469039917,1.1373976469039917,1.137268304824829,1.1373976469039917,0
2025-04-18 06:50:00+00:00,1.137268304824829,1.1373976469039917,1.1371389627456665,1.1371389627456665,0
2025-04-18 06:55:00+00:00,1.1367511749267578,1.1373976469039917,1.1367511749267578,1.1373976469039917,0
2025-04-18 07:00:00+00:00,1.1366219520568848,1.1367511749267578,1.1363636255264282,1.1363636255264282,0
2025-04-18 07:05:00+00:00,1.137268304824829,1.137268304824829,1.1367511749267578,1.1367511749267578,0
2025-04-18 07:10:00+00:00,1.1373976469039917,1.1373976469039917,1.1371389627456665,1.137268304824829,0
2025-04-18 07:15:00+00:00,1.1376564502716064,1.1377859115600586,1.1375269889831543,1.1376564502716064,0
2025-04-18 07:20:00+00:00,1.1377859115600586,1.1377859115600586,1.1376564502716064,1.1376564502716064,0
2025-04-18 07:25:00+00:00,1.1376564502716064,1.1377859115600586,1.1376564502716064,1.1377859115600586,0
2025-04-18 07:30:00+00:00,1.1377859115600586,1.1377859115600586,1.1373976469039917,1.1375269889831543,0
2025-04-18 07:35:00+00:00,1.1373976469039917,1.1376564502716064,1.1373976469039917,1.1376564502716064,0
2025-04-18 07:40:00+00:00,1.1375269889831543,1.1377859115600586,1.1375269889831543,1.1375269889831543,0
2025-04-18 07:45:00+00:00,1.1373976469039917,1.1375269889831543,1.1373976469039917,1.1375269889831543,0
2025-04-18 07:50:00+00:00,1.1373976469039917,1.1373976469039917,1.1373976469039917,1.1373976469039917,0
2025-04-18 07:55:00+00:00,1.137268304824829,1.1375269889831543,1.137268304824829,1.1375269889831543,0
2025-04-18 08:00:00+00:00,1.137268304824829,1.1373976469039917,1.1371389627456665,1.1371389627456665,0
2025-04-18 08:05:00+00:00,1.1371389627456665,1.137268304824829,1.1371389627456665,1.137268304824829,0
2025-04-18 08:10:00+00:00,1.1373976469039917,1.1373976469039917,1.1371389627456665,1.1371389627456665,0
2025-04-18 08:15:00+00:00,1.137268304824829,1.1373976469039917,1.137268304824829,1.1373976469039917,0
2025-04-18 08:20:00+00:00,1.1373976469039917,1.1373976469039917,1.137268304824829,1.137268304824829,0
2025-04-18 08:25:00+00:00,1.1370097398757935,1.137268304824829,1.1370097398757935,1.1371389627456665,0
2025-04-18 08:30:00+00:00,1.137268304824829,1.137268304824829,1.1371389627456665,1.137268304824829,0
2025-04-18 08:35:00+00:00,1.137268304824829,1.137268304824829,1.1371389627456665,1.137268304824829,0
2025-04-18 08:40:00+00:00,1.137268304824829,1.1373976469039917,1.1371389627456665,1.1371389627456665,0
2025-04-18 08:45:00+00:00,1.1373976469039917,1.1373976469039917,1.1371389627456665,1.1371389627456665,0
2025-04-18 08:50:00+00:00,1.1373976469039917,1.1375269889831543,1.1371389627456665,1.137268304824829,0
2025-04-18 08:55:00+00:00,1.1373976469039917,1.1375269889831543,1.137268304824829,1.1373976469039917,0
2025-04-18 09:00:00+00:00,1.1373976469039917,1.1376564502716064,1.1373976469039917,1.1373976469039917,0
2025-04-18 09:05:00+00:00,1.1373976469039917,1.1373976469039917,1.137268304824829,1.137268304824829,0
2025-04-18 09:10:00+00:00,1.1373976469039917,1.1375269889831543,1.1373976469039917,1.1373976469039917,0
2025-04-18 09:15:00+00:00,1.1373976469039917,1.1373976469039917,1.1371389627456665,1.137268304824829,0
2025-04-18 09:20:00+00:00,1.137268304824829,1.1373976469039917,1.137268304824829,1.137268304824829,0
2025-04-18 09:25:00+00:00,1.137268304824829,1.137268304824829,1.137268304824829,1.137268304824829,0
2025-04-18 09:30:00+00:00,1.1375269889831543,1.1375269889831543,1.137268304824829,1.1373976469039917,0
2025-04-18 09:35:00+00:00,1.137268304824829,1.1375269889831543,1.137268304824829,1.1375269889831543,0
2025-04-18 09:40:00+00:00,1.1373976469039917,1.1373976469039917,1.137268304824829,1.1373976469039917,0
2025-04-18 09:45:00+00:00,1.137268304824829,1.1375269889831543,1.137268304824829,1.1375269889831543,0
2025-04-18 09:50:00+00:00,1.1371389627456665,1.1373976469039917,1.1371389627456665,1.1371389627456665,0
2025-04-18 09:55:00+00:00,1.1373976469039917,1.1373976469039917,1.137268304824829,1.1373976469039917,0
2025-04-18 10:00:00+00:00,1.1375269889831543,1.1375269889831543,1.137268304824829,1.137268304824829,0
2025-04-18 10:05:00+00:00,1.1375269889831543,1.1375269889831543,1.1375269889831543,1.1375269889831543,0
2025-04-18 10:10:00+00:00,1.1376564502716064,1.1376564502716064,1.1373976469039917,1.1375269889831543,0
2025-04-18 10:15:00+00:00,1.1373976469039917,1.1376564502716064,1.1373976469039917,1.1376564502716064,0
2025-04-18 10:20:00+00:00,1.1377859115600586,1.1377859115600586,1.1375269889831543,1.1375269889831543,0
2025-04-18 10:25:00+00:00,1.1377859115600586,1.1377859115600586,1.1375269889831543,1.1375269889831543,0
2025-04-18 10:30:00+00:00,1.1375269889831543,1.1376564502716064,1.1373976469039917,1.1376564502716064,0
2025-04-18 10:35:00+00:00,1.1376564502716064,1.1377859115600586,1.1375269889831543,1.1377859115600586,0
2025-04-18 10:40:00+00:00,1.1377859115600586,1.1379153728485107,1.1377859115600586,1.1379153728485107,0
2025-04-18 10:45:00+00:00,1.1376564502716064,1.1377859115600586,1.1376564502716064,1.1377859115600586,0
2025-04-18 10:50:00+00:00,1.1377859115600586,1.1379153728485107,1.1376564502716064,1.1376564502716064,0
2025-04-18 10:55:00+00:00,1.1377859115600586,1.1377859115600586,1.1376564502716064,1.1377859115600586,0
2025-04-18 11:00:00+00:00,1.138044834136963,1.138044834136963,1.1377859115600586,1.1377859115600586,0
2025-04-18 11:05:00+00:00,1.1379153728485107,1.1379153728485107,1.1377859115600586,1.1379153728485107,0
2025-04-18 11:10:00+00:00,1.1377859115600586,1.1379153728485107,1.1377859115600586,1.1379153728485107,0
2025-04-18 11:15:00+00:00,1.1376564502716064,1.1379153728485107,1.1376564502716064,1.1377859115600586,0
2025-04-18 11:20:00+00:00,1.1377859115600586,1.1377859115600586,1.1377859115600586,1.1377859115600586,0
2025-04-18 11:25:00+00:00,1.1377859115600586,1.1379153728485107,1.1377859115600586,1.1377859115600586,0
2025-04-18 11:30:00+00:00,1.1377859115600586,1.1377859115600586,1.1376564502716064,1.1376564502716064,0
2025-04-18 11:35:00+00:00,1.1384334564208984,1.1384334564208984,1.1376564502716064,1.1376564502716064,0
2025-04-18 11:40:00+00:00,1.1384334564208984,1.1385631561279297,1.1383039951324463,1.1383039951324463,0
2025-04-18 11:45:00+00:00,1.1383039951324463,1.1384334564208984,1.1383039951324463,1.1384334564208984,0
2025-04-18 11:50:00+00:00,1.1383039951324463,1.1383039951324463,1.1381744146347046,1.1383039951324463,0
2025-04-18 11:55:00+00:00,1.1384334564208984,1.1385631561279297,1.1384334564208984,1.1385631561279297,0
2025-04-18 12:00:00+00:00,1.1385631561279297,1.1385631561279297,1.1384334564208984,1.1384334564208984,0
2025-04-18 12:05:00+00:00,1.1386927366256714,1.1388224363327026,1.1386927366256714,1.1388224363327026,0
2025-04-18 12:10:00+00:00,1.1385631561279297,1.1386927366256714,1.1385631561279297,1.1386927366256714,0
2025-04-18 12:15:00+00:00,1.1385631561279297,1.1386927366256714,1.1384334564208984,1.1385631561279297,0
2025-04-18 12:20:00+00:00,1.1385631561279297,1.1386927366256714,1.1384334564208984,1.1386927366256714,0
2025-04-18 12:25:00+00:00,1.1388224363327026,1.1388224363327026,1.1386927366256714,1.1386927366256714,0
2025-04-18 12:30:00+00:00,1.1389521360397339,1.1389521360397339,1.1388224363327026,1.1389521360397339,0
2025-04-18 12:35:00+00:00,1.1389521360397339,1.1389521360397339,1.1389521360397339,1.1389521360397339,0
2025-04-18 12:40:00+00:00,1.1385631561279297,1.1389521360397339,1.1385631561279297,1.1389521360397339,0
2025-04-18 12:45:00+00:00,1.1385631561279297,1.1386927366256714,1.1385631561279297,1.1385631561279297,0
2025-04-18 12:50:00+00:00,1.1385631561279297,1.1386927366256714,1.1385631561279297,1.1385631561279297,0
2025-04-18 12:55:00+00:00,1.1385631561279297,1.1386927366256714,1.1385631561279297,1.1385631561279297,0
2025-04-18 13:00:00+00:00,1.1383039951324463,1.1386927366256714,1.1383039951324463,1.1385631561279297,0
2025-04-18 13:05:00+00:00,1.138044834136963,1.1383039951324463,1.138044834136963,1.1383039951324463,0
2025-04-18 13:10:00+00:00,1.1383039951324463,1.1383039951324463,1.1381744146347046,1.1383039951324463,0
2025-04-18 13:15:00+00:00,1.1383039951324463,1.1383039951324463,1.1381744146347046,1.1383039951324463,0
2025-04-18 13:20:00+00:00,1.1381744146347046,1.1384334564208984,1.1381744146347046,1.1384334564208984,0
2025-04-18 13:25:00+00:00,1.1381744146347046,1.1385631561279297,1.138044834136963,1.1383039951324463,0
2025-04-18 13:30:00+00:00,1.1384334564208984,1.1385631561279297,1.1383039951324463,1.1384334564208984,0
2025-04-18 13:35:00+00:00,1.1384334564208984,1.1385631561279297,1.1384334564208984,1.1384334564208984,0
2025-04-18 13:40:00+00:00,1.1384334564208984,1.1384334564208984,1.1383039951324463,1.1383039951324463,0
2025-04-18 13:45:00+00:00,1.138044834136963,1.1383039951324463,1.138044834136963,1.1383039951324463,0
2025-04-18 13:50:00+00:00,1.1383039951324463,1.1383039951324463,1.1381744146347046,1.1383039951324463,0
2025-04-18 13:55:00+00:00,1.1383039951324463,1.1383039951324463,1.1381744146347046,1.1383039951324463,0
2025-04-18 14:00:00+00:00,1.1386927366256714,1.1386927366256714,1.1383039951324463,1.1383039951324463,0
2025-04-18 14:05:00+00:00,1.1389521360397339,1.1389521360397339,1.1386927366256714,1.1386927366256714,0
2025-04-18 14:10:00+00:00,1.1389521360397339,1.1390818357467651,1.1389521360397339,1.1389521360397339,0
2025-04-18 14:15:00+00:00,1.1389521360397339,1.1390818357467651,1.1389521360397339,1.1389521360397339,0
2025-04-18 14:20:00+00:00,1.1389521360397339,1.1389521360397339,1.1389521360397339,1.1389521360397339,0
2025-04-18 14:25:00+00:00,1.1389521360397339,1.1389521360397339,1.1388224363327026,1.1388224363327026,0
2025-04-18 14:30:00+00:00,1.1388224363327026,1.1389521360397339,1.1386927366256714,1.1389521360397339,0
2025-04-18 14:35:00+00:00,1.1389521360397339,1.1389521360397339,1.1388224363327026,1.1389521360397339,0
2025-04-18 14:40:00+00:00,1.1389521360397339,1.1389521360397339,1.1388224363327026,1.1388224363327026,0
2025-04-18 14:45:00+00:00,1.1389521360397339,1.1390818357467651,1.1389521360397339,1.1389521360397339,0
2025-04-18 14:50:00+00:00,1.1396011114120483,1.1396011114120483,1.1393414735794067,1.1393414735794067,0
2025-04-18 14:55:00+00:00,1.1399909257888794,1.1399909257888794,1.1397310495376587,1.1397310495376587,0
2025-04-18 15:00:00+00:00,1.1396011114120483,1.1397310495376587,1.1396011114120483,1.1397310495376587,0
2025-04-18 15:05:00+00:00,1.139211654663086,1.1396011114120483,1.139211654663086,1.1396011114120483,0
2025-04-18 15:10:00+00:00,1.1393414735794067,1.1393414735794067,1.139211654663086,1.1393414735794067,0
2025-04-18 15:15:00+00:00,1.139211654663086,1.1394712924957275,1.139211654663086,1.1393414735794067,0
2025-04-18 15:20:00+00:00,1.1394712924957275,1.1394712924957275,1.139211654663086,1.139211654663086,0
2025-04-18 15:25:00+00:00,1.1393414735794067,1.1394712924957275,1.139211654663086,1.1393414735794067,0
2025-04-18 15:30:00+00:00,1.139211654663086,1.1393414735794067,1.139211654663086,1.139211654663086,0
2025-04-18 15:35:00+00:00,1.1394712924957275,1.1394712924957275,1.139211654663086,1.139211654663086,0
2025-04-18 15:40:00+00:00,1.1397310495376587,1.1397310495376587,1.1394712924957275,1.1394712924957275,0
2025-04-18 15:45:00+00:00,1.1396011114120483,1.1397310495376587,1.1396011114120483,1.1397310495376587,0
2025-04-18 15:50:00+00:00,1.1394712924957275,1.1397310495376587,1.1394712924957275,1.1397310495376587,0
2025-04-18 15:55:00+00:00,1.1394712924957275,1.1396011114120483,1.1394712924957275,1.1394712924957275,0
2025-04-18 16:00:00+00:00,1.1390818357467651,1.1396011114120483,1.1390818357467651,1.1396011114120483,0
2025-04-18 16:05:00+00:00,1.139211654663086,1.1394712924957275,1.139211654663086,1.139211654663086,0
2025-04-18 16:10:00+00:00,1.139211654663086,1.139211654663086,1.1390818357467651,1.139211654663086,0
2025-04-18 16:15:00+00:00,1.1394712924957275,1.1394712924957275,1.139211654663086,1.139211654663086,0
2025-04-18 16:20:00+00:00,1.1394712924957275,1.1394712924957275,1.1394712924957275,1.1394712924957275,0
2025-04-18 16:25:00+00:00,1.1397310495376587,1.1397310495376587,1.1394712924957275,1.1394712924957275,0
2025-04-18 16:30:00+00:00,1.1393414735794067,1.1396011114120483,1.1393414735794067,1.1396011114120483,0
2025-04-18 16:35:00+00:00,1.1396011114120483,1.1397310495376587,1.1396011114120483,1.1396011114120483,0
2025-04-18 16:40:00+00:00,1.1394712924957275,1.1396011114120483,1.1394712924957275,1.1396011114120483,0
2025-04-18 16:45:00+00:00,1.1394712924957275,1.1394712924957275,1.1393414735794067,1.1394712924957275,0
2025-04-18 16:50:00+00:00,1.1397310495376587,1.1397310495376587,1.1394712924957275,1.1394712924957275,0
2025-04-18 16:55:00+00:00,1.1397310495376587,1.1397310495376587,1.1397310495376587,1.1397310495376587,0
2025-04-18 17:00:00+00:00,1.1397310495376587,1.1397310495376587,1.1396011114120483,1.1397310495376587,0
2025-04-18 17:05:00+00:00,1.1396011114120483,1.1397310495376587,1.1396011114120483,1.1396011114120483,0
2025-04-18 17:10:00+00:00,1.1394712924957275,1.1394712924957275,1.1394712924957275,1.1394712924957275,0
2025-04-18 17:15:00+00:00,1.1394712924957275,1.1396011114120483,1.1394712924957275,1.1396011114120483,0
2025-04-18 17:20:00+00:00,1.1393414735794067,1.1394712924957275,1.1393414735794067,1.1393414735794067,0
2025-04-18 17:25:00+00:00,1.1396011114120483,1.1397310495376587,1.1394712924957275,1.1394712924957275,0
2025-04-18 17:30:00+00:00,1.1394712924957275,1.1394712924957275,1.1393414735794067,1.1394712924957275,0
2025-04-18 17:35:00+00:00,1.1394712924957275,1.1394712924957275,1.1393414735794067,1.1394712924957275,0
2025-04-18 17:40:00+00:00,1.1396011114120483,1.1396011114120483,1.1393414735794067,1.1394712924957275,0
2025-04-18 17:45:00+00:00,1.1396011114120483,1.1396011114120483,1.1394712924957275,1.1394712924957275,0
2025-04-18 17:50:00+00:00,1.1396011114120483,1.1396011114120483,1.1394712924957275,1.1396011114120483,0
2025-04-18 17:55:00+00:00,1.1396011114120483,1.1396011114120483,1.1394712924957275,1.1396011114120483,0
2025-04-18 18:00:00+00:00,1.1397310495376587,1.1397310495376587,1.1396011114120483,1.1396011114120483,0
2025-04-18 18:05:00+00:00,1.1397310495376587,1.1397310495376587,1.1396011114120483,1.1396011114120483,0
2025-04-18 18:10:00+00:00,1.1397310495376587,1.1397310495376587,1.1397310495376587,1.1397310495376587,0
2025-04-18 18:15:00+00:00,1.1397310495376587,1.1397310495376587,1.1397310495376587,1.1397310495376587,0
2025-04-18 18:20:00+00:00,1.1396011114120483,1.1398608684539795,1.1396011114120483,1.1397310495376587,0
2025-04-18 18:25:00+00:00,1.1397310495376587,1.1397310495376587,1.1396011114120483,1.1396011114120483,0
2025-04-18 18:30:00+00:00,1.1396011114120483,1.1396011114120483,1.1396011114120483,1.1396011114120483,0
2025-04-18 18:35:00+00:00,1.1397310495376587,1.1398608684539795,1.1396011114120483,1.1397310495376587,0
2025-04-18 18:40:00+00:00,1.1396011114120483,1.1398608684539795,1.1396011114120483,1.1398608684539795,0
2025-04-18 18:45:00+00:00,1.1397310495376587,1.1398608684539795,1.1396011114120483,1.1397310495376587,0
2025-04-18 18:50:00+00:00,1.1394712924957275,1.1397310495376587,1.1394712924957275,1.1397310495376587,0
2025-04-18 18:55:00+00:00,1.1397310495376587,1.1397310495376587,1.1394712924957275,1.1394712924957275,0
2025-04-18 19:00:00+00:00,1.1396011114120483,1.1398608684539795,1.1396011114120483,1.1398608684539795,0
2025-04-18 19:05:00+00:00,1.1397310495376587,1.1398608684539795,1.1397310495376587,1.1397310495376587,0
2025-04-18 19:10:00+00:00,1.1396011114120483,1.1397310495376587,1.1396011114120483,1.1397310495376587,0
2025-04-18 19:15:00+00:00,1.1397310495376587,1.1397310495376587,1.1397310495376587,1.1397310495376587,0
2025-04-18 19:20:00+00:00,1.1398608684539795,1.1398608684539795,1.1397310495376587,1.1397310495376587,0
2025-04-18 19:25:00+00:00,1.1398608684539795,1.1398608684539795,1.1396011114120483,1.1396011114120483,0
2025-04-18 19:30:00+00:00,1.1398608684539795,1.1399909257888794,1.1398608684539795,1.1398608684539795,0
2025-04-18 19:35:00+00:00,1.1396011114120483,1.1398608684539795,1.1396011114120483,1.1398608684539795,0
2025-04-18 19:40:00+00:00,1.1396011114120483,1.1397310495376587,1.1396011114120483,1.1396011114120483,0
2025-04-18 19:45:00+00:00,1.1396011114120483,1.1397310495376587,1.1396011114120483,1.1396011114120483,0
2025-04-18 19:50:00+00:00,1.1396011114120483,1.1397310495376587,1.1396011114120483,1.1396011114120483,0
2025-04-18 19:55:00+00:00,1.1397310495376587,1.1397310495376587,1.1396011114120483,1.1396011114120483,0
2025-04-18 20:00:00+00:00,1.1397310495376587,1.1398608684539795,1.1396011114120483,1.1398608684539795,0
2025-04-18 20:05:00+00:00,1.1394712924957275,1.1396011114120483,1.1394712924957275,1.1394712924957275,0
2025-04-18 20:10:00+00:00,1.1396011114120483,1.1397310495376587,1.1394712924957275,1.1394712924957275,0
2025-04-18 20:15:00+00:00,1.1397310495376587,1.1397310495376587,1.1394712924957275,1.1397310495376587,0
2025-04-18 20:20:00+00:00,1.1398608684539795,1.1398608684539795,1.1396011114120483,1.1396011114120483,0
2025-04-18 20:25:00+00:00,1.1398608684539795,1.1399909257888794,1.1398608684539795,1.1399909257888794,0
2025-04-18 20:30:00+00:00,1.1398608684539795,1.1399909257888794,1.1398608684539795,1.1399909257888794,0
2025-04-18 20:35:00+00:00,1.1398608684539795,1.1399909257888794,1.1398608684539795,1.1398608684539795,0
2025-04-18 20:40:00+00:00,1.1398608684539795,1.1398608684539795,1.1397310495376587,1.1397310495376587,0
2025-04-18 20:45:00+00:00,1.1398608684539795,1.1398608684539795,1.1397310495376587,1.1398608684539795,0
2025-04-18 20:50:00+00:00,1.1398608684539795,1.1401208639144897,1.1397310495376587,1.1397310495376587,0
2025-04-18 20:55:00+00:00,1.1398608684539795,1.1398608684539795,1.1396011114120483,1.1397310495376587,0
2025-04-18 21:00:00+00:00,1.1396011114120483,1.1396011114120483,1.1396011114120483,1.1396011114120483,0
2025-04-18 21:05:00+00:00,1.1396011114120483,1.1396011114120483,1.1396011114120483,1.1396011114120483,0
2025-04-18 21:10:00+00:00,1.1396011114120483,1.1396011114120483,1.1396011114120483,1.1396011114120483,0
2025-04-18 21:15:00+00:00,1.1396011114120483,1.1396011114120483,1.1396011114120483,1.1396011114120483,0
2025-04-18 21:20:00+00:00,1.1396011114120483,1.1396011114120483,1.1396011114120483,1.1396011114120483,0
2025-04-18 21:25:00+00:00,1.1396011114120483,1.1396011114120483,1.1396011114120483,1.1396011114120483,0
2025-04-20 23:00:00+00:00,1.144164800643921,1.144164800643921,1.1437721252441406,1.1437721252441406,0
2025-04-20 23:05:00+00:00,1.144164800643921,1.144164800643921,1.1439030170440674,1.1439030170440674,0
2025-04-20 23:10:00+00:00,1.144164800643921,1.144164800643921,1.1440337896347046,1.144164800643921,0
2025-04-20 23:15:00+00:00,1.144426703453064,1.144426703453064,1.144164800643921,1.144164800643921,0
2025-04-20 23:20:00+00:00,1.144426703453064,1.1445575952529907,1.1442956924438477,1.144426703453064,0
2025-04-20 23:25:00+00:00,1.1442956924438477,1.144426703453064,1.1440337896347046,1.1442956924438477,0
2025-04-20 23:30:00+00:00,1.1449507474899292,1.1449507474899292,1.144426703453064,1.1445575952529907,0
2025-04-20 23:35:00+00:00,1.145213007926941,1.145213007926941,1.145081877708435,1.145081877708435,0
2025-04-20 23:40:00+00:00,1.145081877708435,1.1453442573547363,1.145081877708435,1.1453442573547363,0
2025-04-20 23:45:00+00:00,1.145737886428833,1.145737886428833,1.1449507474899292,1.145213007926941,0
2025-04-20 23:50:00+00:00,1.1456066370010376,1.1461317539215088,1.1456066370010376,1.1461317539215088,0
2025-04-20 23:55:00+00:00,1.145213007926941,1.1454753875732422,1.145081877708435,1.145081877708435,0
2025-04-21 00:00:00+00:00,1.1460003852844238,1.1461317539215088,1.145737886428833,1.145737886428833,0
2025-04-21 00:05:00+00:00,1.1471836566925049,1.1471836566925049,1.1461317539215088,1.1461317539215088,0
2025-04-21 00:10:00+00:00,1.147315263748169,1.1478420495986938,1.147315263748169,1.1475785970687866,0
2025-04-21 00:15:00+00:00,1.1478420495986938,1.1478420495986938,1.147315263748169,1.147446870803833,0
2025-04-21 00:20:00+00:00,1.1469204425811768,1.147446870803833,1.1469204425811768,1.147446870803833,0
2025-04-21 00:25:00+00:00,1.1477103233337402,1.1477103233337402,1.1471836566925049,1.1471836566925049,0
2025-04-21 00:30:00+00:00,1.148369312286377,1.148369312286377,1.1477103233337402,1.1477103233337402,0
2025-04-21 00:35:00+00:00,1.147446870803833,1.1486331224441528,1.147446870803833,1.1485011577606201,0
2025-04-21 00:40:00+00:00,1.1469204425811768,1.1477103233337402,1.1469204425811768,1.1475785970687866,0
2025-04-21 00:45:00+00:00,1.1466574668884277,1.1467890739440918,1.1463946104049683,1.1467890739440918,0
2025-04-21 00:50:00+00:00,1.1470520496368408,1.1470520496368408,1.1469204425811768,1.1469204425811768,0
2025-04-21 00:55:00+00:00,1.1467890739440918,1.1469204425811768,1.1466574668884277,1.1469204425811768,0
2025-04-21 01:00:00+00:00,1.1477103233337402,1.1477103233337402,1.1471836566925049,1.147446870803833,0
2025-04-21 01:05:00+00:00,1.147446870803833,1.1481056213378906,1.147446870803833,1.147446870803833,0
2025-04-21 01:10:00+00:00,1.1475785970687866,1.1478420495986938,1.1475785970687866,1.1478420495986938,0
2025-04-21 01:15:00+00:00,1.1478420495986938,1.1478420495986938,1.147446870803833,1.1477103233337402,0
2025-04-21 01:20:00+00:00,1.1481056213378906,1.1481056213378906,1.1478420495986938,1.1478420495986938,0
2025-04-21 01:25:00+00:00,1.1481056213378906,1.1481056213378906,1.1481056213378906,1.1481056213378906,0
2025-04-21 01:30:00+00:00,1.1477103233337402,1.1481056213378906,1.1475785970687866,1.1481056213378906,0
2025-04-21 01:35:00+00:00,1.147315263748169,1.147315263748169,1.1471836566925049,1.147315263748169,0
2025-04-21 01:40:00+00:00,1.1471836566925049,1.1471836566925049,1.1470520496368408,1.1470520496368408,0
2025-04-21 01:45:00+00:00,1.147315263748169,1.147315263748169,1.1471836566925049,1.1471836566925049,0
2025-04-21 01:50:00+00:00,1.1479737758636475,1.1479737758636475,1.1477103233337402,1.1477103233337402,0
2025-04-21 01:55:00+00:00,1.1479737758636475,1.1481056213378906,1.1479737758636475,1.1481056213378906,0
2025-04-21 02:00:00+00:00,1.1477103233337402,1.1481056213378906,1.1477103233337402,1.1481056213378906,0
2025-04-21 02:05:00+00:00,1.1478420495986938,1.1478420495986938,1.1475785970687866,1.1475785970687866,0
2025-04-21 02:10:00+00:00,1.1481056213378906,1.1481056213378906,1.1478420495986938,1.1478420495986938,0
2025-04-21 02:15:00+00:00,1.1490291357040405,1.1490291357040405,1.1481056213378906,1.1481056213378906,0
2025-04-21 02:20:00+00:00,1.1487650871276855,1.1491611003875732,1.1487650871276855,1.1488970518112183,0
2025-04-21 02:25:00+00:00,1.1512778997421265,1.1518083810806274,1.1490291357040405,1.1490291357040405,0
2025-04-21 02:30:00+00:00,1.151543140411377,1.151543140411377,1.151012897491455,1.151012897491455,0
2025-04-21 02:35:00+00:00,1.1518083810806274,1.1520737409591675,1.1516757011413574,1.1516757011413574,0
2025-04-21 02:40:00+00:00,1.1512778997421265,1.1520737409591675,1.1512778997421265,1.1516757011413574,0
2025-04-21 02:45:00+00:00,1.1508804559707642,1.1512778997421265,1.1508804559707642,1.151012897491455,0
2025-04-21 02:50:00+00:00,1.1506155729293823,1.1507480144500732,1.1506155729293823,1.1507480144500732,0
2025-04-21 02:55:00+00:00,1.1507480144500732,1.1512778997421265,1.1507480144500732,1.151012897491455,0
2025-04-21 03:00:00+00:00,1.1512778997421265,1.1512778997421265,1.1508804559707642,1.151012897491455,0
2025-04-21 03:05:00+00:00,1.1512778997421265,1.151543140411377,1.1512778997421265,1.1512778997421265,0
2025-04-21 03:10:00+00:00,1.151012897491455,1.1516757011413574,1.151012897491455,1.151543140411377,0
2025-04-21 03:15:00+00:00,1.151410460472107,1.151543140411377,1.151012897491455,1.151012897491455,0
2025-04-21 03:20:00+00:00,1.151410460472107,1.151410460472107,1.151145339012146,1.1512778997421265,0
2025-04-21 03:25:00+00:00,1.151410460472107,1.1516757011413574,1.151410460472107,1.151543140411377,0
2025-04-21 03:30:00+00:00,1.1518083810806274,1.1518083810806274,1.151410460472107,1.151410460472107,0
2025-04-21 03:35:00+00:00,1.1518083810806274,1.1520737409591675,1.1516757011413574,1.1520737409591675,0
2025-04-21 03:40:00+00:00,1.1522064208984375,1.1527377367019653,1.1516757011413574,1.1516757011413574,0
2025-04-21 03:45:00+00:00,1.1519410610198975,1.152339220046997,1.1519410610198975,1.152339220046997,0
2025-04-21 03:50:00+00:00,1.1516757011413574,1.1518083810806274,1.151543140411377,1.1518083810806274,0
2025-04-21 03:55:00+00:00,1.1519410610198975,1.1520737409591675,1.1518083810806274,1.1518083810806274,0
2025-04-21 04:00:00+00:00,1.151012897491455,1.151543140411377,1.151012897491455,1.151543140411377,0
2025-04-21 04:05:00+00:00,1.1508804559707642,1.151145339012146,1.1506155729293823,1.151145339012146,0
2025-04-21 04:10:00+00:00,1.1506155729293823,1.1508804559707642,1.1506155729293823,1.1508804559707642,0
2025-04-21 04:15:00+00:00,1.151145339012146,1.1512778997421265,1.1508804559707642,1.1508804559707642,0
2025-04-21 04:20:00+00:00,1.151145339012146,1.1512778997421265,1.151145339012146,1.151145339012146,0
2025-04-21 04:25:00+00:00,1.151410460472107,1.151410460472107,1.1512778997421265,1.151410460472107,0
2025-04-21 04:30:00+00:00,1.151543140411377,1.1516757011413574,1.151410460472107,1.1516757011413574,0
2025-04-21 04:35:00+00:00,1.1516757011413574,1.1516757011413574,1.151410460472107,1.151543140411377,0
2025-04-21 04:40:00+00:00,1.1512778997421265,1.151410460472107,1.1512778997421265,1.151410460472107,0
2025-04-21 04:45:00+00:00,1.151410460472107,1.151410460472107,1.1512778997421265,1.1512778997421265,0
2025-04-21 04:50:00+00:00,1.1516757011413574,1.1518083810806274,1.151410460472107,1.151410460472107,0
2025-04-21 04:55:00+00:00,1.1520737409591675,1.1520737409591675,1.1516757011413574,1.1516757011413574,0
2025-04-21 05:00:00+00:00,1.1519410610198975,1.1522064208984375,1.1519410610198975,1.1522064208984375,0
2025-04-21 05:05:00+00:00,1.1524720191955566,1.1524720191955566,1.1519410610198975,1.1519410610198975,0
2025-04-21 05:10:00+00:00,1.1527377367019653,1.1528706550598145,1.1526048183441162,1.1527377367019653,0
2025-04-21 05:15:00+00:00,1.1526048183441162,1.1528706550598145,1.1526048183441162,1.1527377367019653,0
2025-04-21 05:20:00+00:00,1.1527377367019653,1.1528706550598145,1.1527377367019653,1.1527377367019653,0
2025-04-21 05:25:00+00:00,1.1528706550598145,1.1528706550598145,1.1527377367019653,1.1527377367019653,0
2025-04-21 05:30:00+00:00,1.1538017988204956,1.1538017988204956,1.1530035734176636,1.1530035734176636,0
2025-04-21 05:35:00+00:00,1.1535356044769287,1.1535356044769287,1.1535356044769287,1.1535356044769287,0
2025-04-21 05:40:00+00:00,1.1538017988204956,1.1538017988204956,1.1535356044769287,1.1535356044769287,0
2025-04-21 05:45:00+00:00,1.1536686420440674,1.1538017988204956,1.1535356044769287,1.1538017988204956,0
2025-04-21 05:50:00+00:00,1.1528706550598145,1.1536686420440674,1.1528706550598145,1.1536686420440674,0
2025-04-21 05:55:00+00:00,1.1536686420440674,1.1536686420440674,1.1528706550598145,1.1532695293426514,0
2025-04-21 06:00:00+00:00,1.1535356044769287,1.1535356044769287,1.1530035734176636,1.1530035734176636,0
2025-04-21 06:05:00+00:00,1.1531364917755127,1.15340256690979,1.1531364917755127,1.15340256690979,0
2025-04-21 06:10:00+00:00,1.1519410610198975,1.1532695293426514,1.1519410610198975,1.1532695293426514,0
2025-04-21 06:15:00+00:00,1.1518083810806274,1.1522064208984375,1.1518083810806274,1.1520737409591675,0
2025-04-21 06:20:00+00:00,1.151410460472107,1.1520737409591675,1.151410460472107,1.1520737409591675,0
2025-04-21 06:25:00+00:00,1.151012897491455,1.151543140411377,1.151012897491455,1.1512778997421265,0
2025-04-21 06:30:00+00:00,1.1512778997421265,1.1512778997421265,1.151012897491455,1.1512778997421265,0
2025-04-21 06:35:00+00:00,1.1518083810806274,1.1518083810806274,1.1512778997421265,1.151410460472107,0
2025-04-21 06:40:00+00:00,1.151543140411377,1.1518083810806274,1.151543140411377,1.1516757011413574,0
2025-04-21 06:45:00+00:00,1.1508804559707642,1.1516757011413574,1.1508804559707642,1.151543140411377,0
2025-04-21 06:50:00+00:00,1.151145339012146,1.151410460472107,1.151145339012146,1.151410460472107,0
2025-04-21 06:55:00+00:00,1.1519410610198975,1.1519410610198975,1.151012897491455,1.151012897491455,0
2025-04-21 07:00:00+00:00,1.1520737409591675,1.1522064208984375,1.151543140411377,1.151543140411377,0
2025-04-21 07:05:00+00:00,1.1519410610198975,1.1519410610198975,1.151543140411377,1.1516757011413574,0
2025-04-21 07:10:00+00:00,1.1520737409591675,1.1520737409591675,1.1516757011413574,1.1516757011413574,0
2025-04-21 07:15:00+00:00,1.1520737409591675,1.1520737409591675,1.1518083810806274,1.1519410610198975,0
2025-04-21 07:20:00+00:00,1.1530035734176636,1.1530035734176636,1.1520737409591675,1.1520737409591675,0
2025-04-21 07:25:00+00:00,1.1531364917755127,1.1531364917755127,1.1526048183441162,1.1526048183441162,0
2025-04-21 07:30:00+00:00,1.15340256690979,1.1535356044769287,1.1531364917755127,1.1531364917755127,0
2025-04-21 07:35:00+00:00,1.1536686420440674,1.1536686420440674,1.1535356044769287,1.1535356044769287,0
2025-04-21 07:40:00+00:00,1.1542012691497803,1.1542012691497803,1.1536686420440674,1.1536686420440674,0
2025-04-21 07:45:00+00:00,1.1542012691497803,1.1542012691497803,1.1539349555969238,1.1542012691497803,0
2025-04-21 07:50:00+00:00,1.1542012691497803,1.154334545135498,1.154068112373352,1.154068112373352,0
2025-04-21 07:55:00+00:00,1.1560693979263306,1.156203031539917,1.1536686420440674,1.1536686420440674,0
2025-04-21 08:00:00+00:00,1.1558021306991577,1.156203031539917,1.1555349826812744,1.1558021306991577,0
2025-04-21 08:05:00+00:00,1.1552680730819702,1.1555349826812744,1.1552680730819702,1.155401587486267,0
2025-04-21 08:10:00+00:00,1.1548677682876587,1.1548677682876587,1.1547343730926514,1.1548677682876587,0
2025-04-21 08:15:00+00:00,1.1546010971069336,1.1547343730926514,1.1542012691497803,1.1544678211212158,0
2025-04-21 08:20:00+00:00,1.1544678211212158,1.1547343730926514,1.1542012691497803,1.1544678211212158,0
2025-04-21 08:25:00+00:00,1.1548677682876587,1.155001163482666,1.1546010971069336,1.1546010971069336,0
2025-04-21 08:30:00+00:00,1.155001163482666,1.155001163482666,1.1544678211212158,1.1544678211212158,0
2025-04-21 08:35:00+00:00,1.1555349826812744,1.1556684970855713,1.1551345586776733,1.1552680730819702,0
2025-04-21 08:40:00+00:00,1.1559356451034546,1.1559356451034546,1.1555349826812744,1.1558021306991577,0
2025-04-21 08:45:00+00:00,1.1564704179763794,1.1566041707992554,1.1559356451034546,1.1559356451034546,0
2025-04-21 08:50:00+00:00,1.156336784362793,1.1566041707992554,1.156336784362793,1.1566041707992554,0
2025-04-21 08:55:00+00:00,1.156203031539917,1.1564704179763794,1.1560693979263306,1.156203031539917,0
2025-04-21 09:00:00+00:00,1.1559356451034546,1.156203031539917,1.1559356451034546,1.1560693979263306,0
2025-04-21 09:05:00+00:00,1.1560693979263306,1.1560693979263306,1.1559356451034546,1.1559356451034546,0
2025-04-21 09:10:00+00:00,1.157139539718628,1.1575413942337036,1.156203031539917,1.156203031539917,0
2025-04-21 09:15:00+00:00,1.1568717956542969,1.157273530960083,1.1568717956542969,1.157273530960083,0
2025-04-21 09:20:00+00:00,1.157139539718628,1.1574074029922485,1.1570056676864624,1.1570056676864624,0
2025-04-21 09:25:00+00:00,1.156203031539917,1.1568717956542969,1.156203031539917,1.1568717956542969,0
2025-04-21 09:30:00+00:00,1.157139539718628,1.157139539718628,1.1564704179763794,1.1564704179763794,0
2025-04-21 09:35:00+00:00,1.1570056676864624,1.157139539718628,1.156738042831421,1.1568717956542969,0
2025-04-21 09:40:00+00:00,1.1560693979263306,1.1566041707992554,1.1560693979263306,1.1566041707992554,0
2025-04-21 09:45:00+00:00,1.1556684970855713,1.156336784362793,1.1556684970855713,1.156336784362793,0
2025-04-21 09:50:00+00:00,1.1552680730819702,1.1555349826812744,1.1552680730819702,1.1555349826812744,0
2025-04-21 09:55:00+00:00,1.1551345586776733,1.1551345586776733,1.155001163482666,1.155001163482666,0
2025-04-21 10:00:00+00:00,1.1548677682876587,1.1548677682876587,1.1547343730926514,1.1547343730926514,0
2025-04-21 10:05:00+00:00,1.1548677682876587,1.1551345586776733,1.1548677682876587,1.1551345586776733,0
2025-04-21 10:10:00+00:00,1.1544678211212158,1.1547343730926514,1.154334545135498,1.1546010971069336,0
2025-04-21 10:15:00+00:00,1.1547343730926514,1.1547343730926514,1.1546010971069336,1.1546010971069336,0
2025-04-21 10:20:00+00:00,1.154334545135498,1.1547343730926514,1.1542012691497803,1.1547343730926514,0
2025-04-21 10:25:00+00:00,1.1538017988204956,1.154068112373352,1.1538017988204956,1.154068112373352,0
2025-04-21 10:30:00+00:00,1.1535356044769287,1.1536686420440674,1.15340256690979,1.15340256690979,0
2025-04-21 10:35:00+00:00,1.1528706550598145,1.15340256690979,1.1528706550598145,1.15340256690979,0
2025-04-21 10:40:00+00:00,1.1526048183441162,1.1528706550598145,1.1526048183441162,1.1528706550598145,0
2025-04-21 10:45:00+00:00,1.1530035734176636,1.1530035734176636,1.1527377367019653,1.1527377367019653,0
2025-04-21 10:50:00+00:00,1.1530035734176636,1.15340256690979,1.1530035734176636,1.1532695293426514,0
2025-04-21 10:55:00+00:00,1.1526048183441162,1.1528706550598145,1.1526048183441162,1.1526048183441162,0
2025-04-21 11:00:00+00:00,1.1527377367019653,1.1528706550598145,1.1526048183441162,1.1528706550598145,0
2025-04-21 11:05:00+00:00,1.1520737409591675,1.152339220046997,1.1520737409591675,1.152339220046997,0
2025-04-21 11:10:00+00:00,1.1520737409591675,1.152339220046997,1.1520737409591675,1.1520737409591675,0
2025-04-21 11:15:00+00:00,1.152339220046997,1.152339220046997,1.1518083810806274,1.1519410610198975,0
2025-04-21 11:20:00+00:00,1.15340256690979,1.15340256690979,1.1527377367019653,1.1527377367019653,0
2025-04-21 11:25:00+00:00,1.1531364917755127,1.15340256690979,1.1531364917755127,1.15340256690979,0
2025-04-21 11:30:00+00:00,1.1536686420440674,1.1536686420440674,1.15340256690979,1.15340256690979,0
2025-04-21 11:35:00+00:00,1.1539349555969238,1.1539349555969238,1.1535356044769287,1.1538017988204956,0
2025-04-21 11:40:00+00:00,1.1546010971069336,1.1546010971069336,1.1538017988204956,1.1538017988204956,0
2025-04-21 11:45:00+00:00,1.1546010971069336,1.1547343730926514,1.1546010971069336,1.1546010971069336,0
2025-04-21 11:50:00+00:00,1.1548677682876587,1.1548677682876587,1.1544678211212158,1.1544678211212158,0
2025-04-21 11:55:00+00:00,1.1547343730926514,1.1548677682876587,1.1546010971069336,1.1547343730926514,0
2025-04-21 12:00:00+00:00,1.1552680730819702,1.1552680730819702,1.1547343730926514,1.1547343730926514,0
2025-04-21 12:05:00+00:00,1.1548677682876587,1.1551345586776733,1.1548677682876587,1.1551345586776733,0
2025-04-21 12:10:00+00:00,1.154068112373352,1.1547343730926514,1.154068112373352,1.1547343730926514,0
2025-04-21 12:15:00+00:00,1.1551345586776733,1.1551345586776733,1.154334545135498,1.154334545135498,0
2025-04-21 12:20:00+00:00,1.1542012691497803,1.1552680730819702,1.154068112373352,1.1552680730819702,0
2025-04-21 12:25:00+00:00,1.1535356044769287,1.154068112373352,1.1535356044769287,1.154068112373352,0
2025-04-21 12:30:00+00:00,1.1531364917755127,1.15340256690979,1.1531364917755127,1.15340256690979,0
2025-04-21 12:35:00+00:00,1.1531364917755127,1.1531364917755127,1.1530035734176636,1.1530035734176636,0
2025-04-21 12:40:00+00:00,1.15340256690979,1.15340256690979,1.1527377367019653,1.1528706550598145,0
2025-04-21 12:45:00+00:00,1.154068112373352,1.154068112373352,1.1535356044769287,1.1535356044769287,0
2025-04-21 12:50:00+00:00,1.1538017988204956,1.154334545135498,1.1538017988204956,1.154068112373352,0
2025-04-21 12:55:00+00:00,1.1544678211212158,1.1544678211212158,1.1542012691497803,1.1542012691497803,0
2025-04-21 13:00:00+00:00,1.1542012691497803,1.1544678211212158,1.1542012691497803,1.154334545135498,0
2025-04-21 13:05:00+00:00,1.15340256690979,1.154068112373352,1.1532695293426514,1.154068112373352,0
2025-04-21 13:10:00+00:00,1.1535356044769287,1.154068112373352,1.15340256690979,1.15340256690979,0
2025-04-21 13:15:00+00:00,1.1527377367019653,1.15340256690979,1.1527377367019653,1.15340256690979,0
2025-04-21 13:20:00+00:00,1.1516757011413574,1.1524720191955566,1.1516757011413574,1.1524720191955566,0
2025-04-21 13:25:00+00:00,1.151012897491455,1.151410460472107,1.151012897491455,1.151410460472107,0
2025-04-21 13:30:00+00:00,1.1508804559707642,1.151145339012146,1.1507480144500732,1.151145339012146,0
2025-04-21 13:35:00+00:00,1.151145339012146,1.151145339012146,1.150483250617981,1.150483250617981,0
2025-04-21 13:40:00+00:00,1.1519410610198975,1.1519410610198975,1.1508804559707642,1.1508804559707642,0
2025-04-21 13:45:00+00:00,1.1524720191955566,1.1524720191955566,1.1518083810806274,1.1520737409591675,0
2025-04-21 13:50:00+00:00,1.1527377367019653,1.1527377367019653,1.1522064208984375,1.1522064208984375,0
2025-04-21 13:55:00+00:00,1.1524720191955566,1.1527377367019653,1.1519410610198975,1.1519410610198975,0
2025-04-21 14:00:00+00:00,1.1519410610198975,1.1526048183441162,1.1519410610198975,1.152339220046997,0
2025-04-21 14:05:00+00:00,1.1516757011413574,1.1516757011413574,1.151410460472107,1.1516757011413574,0
2025-04-21 14:10:00+00:00,1.151145339012146,1.1516757011413574,1.151145339012146,1.1516757011413574,0
2025-04-21 14:15:00+00:00,1.151543140411377,1.151543140411377,1.151012897491455,1.151012897491455,0
2025-04-21 14:20:00+00:00,1.151410460472107,1.151410460472107,1.151012897491455,1.151410460472107,0
2025-04-21 14:25:00+00:00,1.151410460472107,1.151410460472107,1.1512778997421265,1.151410460472107,0
2025-04-21 14:30:00+00:00,1.1506155729293823,1.151410460472107,1.1506155729293823,1.151410460472107,0
2025-04-21 14:35:00+00:00,1.150483250617981,1.1507480144500732,1.1500862836837769,1.150483250617981,0
2025-04-21 14:40:00+00:00,1.1500862836837769,1.15035080909729,1.1500862836837769,1.15035080909729,0
2025-04-21 14:45:00+00:00,1.1499539613723755,1.1500862836837769,1.1494252681732178,1.1500862836837769,0
2025-04-21 14:50:00+00:00,1.1502184867858887,1.1502184867858887,1.1495574712753296,1.1500862836837769,0
2025-04-21 14:55:00+00:00,1.1500862836837769,1.1502184867858887,1.1496896743774414,1.1496896743774414,0
2025-04-21 15:00:00+00:00,1.1496896743774414,1.1502184867858887,1.1496896743774414,1.1498217582702637,0
2025-04-21 15:05:00+00:00,1.1490291357040405,1.1494252681732178,1.1490291357040405,1.1494252681732178,0
2025-04-21 15:10:00+00:00,1.1486331224441528,1.1488970518112183,1.1486331224441528,1.1487650871276855,0
2025-04-21 15:15:00+00:00,1.1490291357040405,1.1491611003875732,1.1486331224441528,1.1486331224441528,0
2025-04-21 15:20:00+00:00,1.1492931842803955,1.1492931842803955,1.1488970518112183,1.1490291357040405,0
2025-04-21 15:25:00+00:00,1.1502184867858887,1.1502184867858887,1.1495574712753296,1.1495574712753296,0
2025-04-21 15:30:00+00:00,1.1500862836837769,1.15035080909729,1.1500862836837769,1.1500862836837769,0
2025-04-21 15:35:00+00:00,1.1506155729293823,1.1506155729293823,1.1500862836837769,1.1500862836837769,0
2025-04-21 15:40:00+00:00,1.150483250617981,1.150483250617981,1.1500862836837769,1.15035080909729,0
2025-04-21 15:45:00+00:00,1.151012897491455,1.151012897491455,1.150483250617981,1.150483250617981,0
2025-04-21 15:50:00+00:00,1.1508804559707642,1.1508804559707642,1.1506155729293823,1.1507480144500732,0
2025-04-21 15:55:00+00:00,1.151145339012146,1.151145339012146,1.1506155729293823,1.1506155729293823,0
2025-04-21 16:00:00+00:00,1.1506155729293823,1.1508804559707642,1.150483250617981,1.1508804559707642,0
2025-04-21 16:05:00+00:00,1.151012897491455,1.151012897491455,1.1506155729293823,1.1506155729293823,0
2025-04-21 16:10:00+00:00,1.151543140411377,1.151543140411377,1.150483250617981,1.150483250617981,0
2025-04-21 16:15:00+00:00,1.1516757011413574,1.1516757011413574,1.1512778997421265,1.151410460472107,0
2025-04-21 16:20:00+00:00,1.1512778997421265,1.151543140411377,1.1512778997421265,1.151543140411377,0
2025-04-21 16:25:00+00:00,1.151145339012146,1.151145339012146,1.151145339012146,1.151145339012146,0
2025-04-21 16:30:00+00:00,1.151145339012146,1.151410460472107,1.151145339012146,1.151410460472107,0
2025-04-21 16:35:00+00:00,1.1508804559707642,1.151145339012146,1.1508804559707642,1.1508804559707642,0
2025-04-21 16:40:00+00:00,1.1506155729293823,1.1508804559707642,1.1506155729293823,1.1507480144500732,0
2025-04-21 16:45:00+00:00,1.1508804559707642,1.1508804559707642,1.1507480144500732,1.1508804559707642,0
2025-04-21 16:50:00+00:00,1.151145339012146,1.151410460472107,1.1507480144500732,1.1508804559707642,0
2025-04-21 16:55:00+00:00,1.1512778997421265,1.151543140411377,1.1512778997421265,1.151410460472107,0
2025-04-21 17:00:00+00:00,1.150483250617981,1.151012897491455,1.150483250617981,1.151012897491455,0
2025-04-21 17:05:00+00:00,1.1506155729293823,1.151145339012146,1.150483250617981,1.150483250617981,0
2025-04-21 17:10:00+00:00,1.1499539613723755,1.150483250617981,1.1499539613723755,1.150483250617981,0
2025-04-21 17:15:00+00:00,1.1498217582702637,1.1499539613723755,1.1498217582702637,1.1498217582702637,0
2025-04-21 17:20:00+00:00,1.1502184867858887,1.1502184867858887,1.1499539613723755,1.1502184867858887,0
2025-04-21 17:25:00+00:00,1.1500862836837769,1.1500862836837769,1.1499539613723755,1.1500862836837769,0
2025-04-21 17:30:00+00:00,1.1500862836837769,1.150483250617981,1.1500862836837769,1.1502184867858887,0
2025-04-21 17:35:00+00:00,1.1507480144500732,1.1507480144500732,1.15035080909729,1.150483250617981,0
2025-04-21 17:40:00+00:00,1.1506155729293823,1.1506155729293823,1.150483250617981,1.1506155729293823,0
2025-04-21 17:45:00+00:00,1.1506155729293823,1.1506155729293823,1.15035080909729,1.15035080909729,0
2025-04-21 17:50:00+00:00,1.151145339012146,1.1512778997421265,1.151012897491455,1.151012897491455,0
2025-04-21 17:55:00+00:00,1.1518083810806274,1.1518083810806274,1.1512778997421265,1.1512778997421265,0
2025-04-21 18:00:00+00:00,1.1516757011413574,1.1518083810806274,1.151543140411377,1.1516757011413574,0
2025-04-21 18:05:00+00:00,1.1519410610198975,1.1519410610198975,1.1516757011413574,1.1518083810806274,0
2025-04-21 18:10:00+00:00,1.1520737409591675,1.1520737409591675,1.1516757011413574,1.1516757011413574,0
2025-04-21 18:15:00+00:00,1.1520737409591675,1.1520737409591675,1.1519410610198975,1.1520737409591675,0
2025-04-21 18:20:00+00:00,1.1522064208984375,1.1522064208984375,1.1520737409591675,1.1522064208984375,0
2025-04-21 18:25:00+00:00,1.1520737409591675,1.1520737409591675,1.1519410610198975,1.1520737409591675,0
2025-04-21 18:30:00+00:00,1.1522064208984375,1.1522064208984375,1.1519410610198975,1.1519410610198975,0
2025-04-21 18:35:00+00:00,1.1526048183441162,1.1526048183441162,1.152339220046997,1.1524720191955566,0
2025-04-21 18:40:00+00:00,1.152339220046997,1.1528706550598145,1.152339220046997,1.1528706550598145,0
2025-04-21 18:45:00+00:00,1.1526048183441162,1.1527377367019653,1.1522064208984375,1.1522064208984375,0
2025-04-21 18:50:00+00:00,1.1522064208984375,1.1524720191955566,1.1522064208984375,1.1524720191955566,0
2025-04-21 18:55:00+00:00,1.1526048183441162,1.1526048183441162,1.152339220046997,1.152339220046997,0
2025-04-21 19:00:00+00:00,1.1526048183441162,1.1528706550598145,1.1524720191955566,1.1524720191955566,0
2025-04-21 19:05:00+00:00,1.1530035734176636,1.1530035734176636,1.1524720191955566,1.1527377367019653,0
2025-04-21 19:10:00+00:00,1.1524720191955566,1.1526048183441162,1.152339220046997,1.1526048183441162,0
2025-04-21 19:15:00+00:00,1.152339220046997,1.1524720191955566,1.152339220046997,1.152339220046997,0
2025-04-21 19:20:00+00:00,1.1520737409591675,1.1522064208984375,1.1519410610198975,1.1522064208984375,0
2025-04-21 19:25:00+00:00,1.1518083810806274,1.1520737409591675,1.1518083810806274,1.1520737409591675,0
2025-04-21 19:30:00+00:00,1.1519410610198975,1.1519410610198975,1.1516757011413574,1.1516757011413574,0
2025-04-21 19:35:00+00:00,1.1518083810806274,1.1519410610198975,1.1518083810806274,1.1518083810806274,0
2025-04-21 19:40:00+00:00,1.1522064208984375,1.1522064208984375,1.1516757011413574,1.1516757011413574,0
2025-04-21 19:45:00+00:00,1.1519410610198975,1.1522064208984375,1.1519410610198975,1.1522064208984375,0
2025-04-21 19:50:00+00:00,1.1520737409591675,1.1520737409591675,1.1519410610198975,1.1519410610198975,0
2025-04-21 19:55:00+00:00,1.1516757011413574,1.1520737409591675,1.1516757011413574,1.1518083810806274,0
2025-04-21 20:00:00+00:00,1.1516757011413574,1.1518083810806274,1.151543140411377,1.1518083810806274,0
2025-04-21 20:05:00+00:00,1.151410460472107,1.151543140411377,1.151410460472107,1.151543140411377,0
2025-04-21 20:10:00+00:00,1.1512778997421265,1.1516757011413574,1.1512778997421265,1.1516757011413574,0
2025-04-21 20:15:00+00:00,1.151410460472107,1.151410460472107,1.1512778997421265,1.1512778997421265,0
2025-04-21 20:20:00+00:00,1.151410460472107,1.151410460472107,1.1512778997421265,1.1512778997421265,0
2025-04-21 20:25:00+00:00,1.151012897491455,1.1512778997421265,1.151012897491455,1.1512778997421265,0
2025-04-21 20:30:00+00:00,1.1508804559707642,1.1508804559707642,1.1508804559707642,1.1508804559707642,0
2025-04-21 20:35:00+00:00,1.1508804559707642,1.151012897491455,1.1508804559707642,1.1508804559707642,0
2025-04-21 20:40:00+00:00,1.1508804559707642,1.151012897491455,1.1508804559707642,1.151012897491455,0
2025-04-21 20:45:00+00:00,1.151410460472107,1.151410460472107,1.1508804559707642,1.1508804559707642,0
2025-04-21 20:50:00+00:00,1.1516757011413574,1.1516757011413574,1.151543140411377,1.151543140411377,0
2025-04-21 20:55:00+00:00,1.151543140411377,1.1516757011413574,1.151543140411377,1.1516757011413574,0
2025-04-21 21:00:00+00:00,1.1512778997421265,1.1524720191955566,1.1512778997421265,1.1524720191955566,0
2025-04-21 21:05:00+00:00,1.1518083810806274,1.1518083810806274,1.151543140411377,1.1518083810806274,0
2025-04-21 21:10:00+00:00,1.151543140411377,1.1518083810806274,1.151543140411377,1.1516757011413574,0
2025-04-21 21:15:00+00:00,1.151543140411377,1.151543140411377,1.1512778997421265,1.1512778997421265,0
2025-04-21 21:20:00+00:00,1.151410460472107,1.151543140411377,1.151410460472107,1.151543140411377,0
2025-04-21 21:25:00+00:00,1.1512778997421265,1.151543140411377,1.151145339012146,1.151543140411377,0
2025-04-21 21:30:00+00:00,1.151543140411377,1.151543140411377,1.1512778997421265,1.1512778997421265,0
2025-04-21 21:35:00+00:00,1.151410460472107,1.1516757011413574,1.1512778997421265,1.1516757011413574,0
2025-04-21 21:40:00+00:00,1.1512778997421265,1.1516757011413574,1.1512778997421265,1.1516757011413574,0
2025-04-21 21:45:00+00:00,1.151543140411377,1.151543140411377,1.151410460472107,1.151543140411377,0
2025-04-21 21:50:00+00:00,1.151410460472107,1.1516757011413574,1.151410460472107,1.1516757011413574,0
2025-04-21 21:55:00+00:00,1.151543140411377,1.1516757011413574,1.1512778997421265,1.151410460472107,0
2025-04-21 22:00:00+00:00,1.1520737409591675,1.1520737409591675,1.151012897491455,1.1516757011413574,0
2025-04-21 22:05:00+00:00,1.1522064208984375,1.1524720191955566,1.1522064208984375,1.152339220046997,0
2025-04-21 22:10:00+00:00,1.152339220046997,1.152339220046997,1.1520737409591675,1.1520737409591675,0
2025-04-21 22:15:00+00:00,1.152339220046997,1.152339220046997,1.152339220046997,1.152339220046997,0
2025-04-21 22:20:00+00:00,1.1520737409591675,1.152339220046997,1.1520737409591675,1.152339220046997,0
2025-04-21 22:25:00+00:00,1.1527377367019653,1.1527377367019653,1.152339220046997,1.152339220046997,0
2025-04-21 22:30:00+00:00,1.1522064208984375,1.1526048183441162,1.1522064208984375,1.1526048183441162,0
2025-04-21 22:35:00+00:00,1.1520737409591675,1.1520737409591675,1.1519410610198975,1.1519410610198975,0
2025-04-21 22:40:00+00:00,1.152339220046997,1.152339220046997,1.1522064208984375,1.152339220046997,0
2025-04-21 22:45:00+00:00,1.1524720191955566,1.1524720191955566,1.152339220046997,1.1524720191955566,0
2025-04-21 22:50:00+00:00,1.1526048183441162,1.1527377367019653,1.1524720191955566,1.1524720191955566,0
2025-04-21 22:55:00+00:00,1.1526048183441162,1.1526048183441162,1.1524720191955566,1.1524720191955566,0
2025-04-21 23:00:00+00:00,1.1524720191955566,1.1526048183441162,1.152339220046997,1.1526048183441162,0
2025-04-21 23:05:00+00:00,1.1524720191955566,1.1526048183441162,1.152339220046997,1.1526048183441162,0
2025-04-21 23:10:00+00:00,1.1524720191955566,1.1526048183441162,1.152339220046997,1.152339220046997,0
2025-04-21 23:15:00+00:00,1.1522064208984375,1.152339220046997,1.1522064208984375,1.152339220046997,0
2025-04-21 23:20:00+00:00,1.1520737409591675,1.1522064208984375,1.1520737409591675,1.1522064208984375,0
2025-04-21 23:25:00+00:00,1.1524720191955566,1.1524720191955566,1.1522064208984375,1.1522064208984375,0
2025-04-21 23:30:00+00:00,1.1524720191955566,1.1524720191955566,1.152339220046997,1.152339220046997,0
2025-04-21 23:35:00+00:00,1.1522064208984375,1.1524720191955566,1.1522064208984375,1.1524720191955566,0
2025-04-21 23:40:00+00:00,1.1519410610198975,1.1520737409591675,1.1518083810806274,1.1520737409591675,0
2025-04-21 23:45:00+00:00,1.151543140411377,1.1516757011413574,1.151145339012146,1.1516757011413574,0
2025-04-21 23:50:00+00:00,1.151543140411377,1.1516757011413574,1.151410460472107,1.1516757011413574,0
2025-04-21 23:55:00+00:00,1.151543140411377,1.1516757011413574,1.1512778997421265,1.1516757011413574,0
2025-04-22 00:00:00+00:00,1.1507480144500732,1.1512778997421265,1.1507480144500732,1.1512778997421265,0
2025-04-22 00:05:00+00:00,1.1506155729293823,1.1508804559707642,1.1506155729293823,1.1508804559707642,0
2025-04-22 00:10:00+00:00,1.1502184867858887,1.1508804559707642,1.1502184867858887,1.1508804559707642,0
2025-04-22 00:15:00+00:00,1.1502184867858887,1.15035080909729,1.1500862836837769,1.15035080909729,0
2025-04-22 00:20:00+00:00,1.15035080909729,1.1506155729293823,1.15035080909729,1.150483250617981,0
2025-04-22 00:25:00+00:00,1.1499539613723755,1.1502184867858887,1.1499539613723755,1.1500862836837769,0
2025-04-22 00:30:00+00:00,1.1494252681732178,1.1498217582702637,1.1494252681732178,1.1498217582702637,0
2025-04-22 00:35:00+00:00,1.1491611003875732,1.1491611003875732,1.1488970518112183,1.1491611003875732,0
2025-04-22 00:40:00+00:00,1.1488970518112183,1.1492931842803955,1.1487650871276855,1.1487650871276855,0
2025-04-22 00:45:00+00:00,1.1491611003875732,1.1491611003875732,1.1490291357040405,1.1491611003875732,0
2025-04-22 00:50:00+00:00,1.1486331224441528,1.1487650871276855,1.1486331224441528,1.1487650871276855,0
2025-04-22 00:55:00+00:00,1.1494252681732178,1.1494252681732178,1.1490291357040405,1.1491611003875732,0
2025-04-22 01:00:00+00:00,1.1499539613723755,1.1499539613723755,1.1494252681732178,1.1494252681732178,0
2025-04-22 01:05:00+00:00,1.1498217582702637,1.1500862836837769,1.1498217582702637,1.1498217582702637,0
2025-04-22 01:10:00+00:00,1.1495574712753296,1.1498217582702637,1.1494252681732178,1.1495574712753296,0
2025-04-22 01:15:00+00:00,1.1491611003875732,1.1496896743774414,1.1491611003875732,1.1495574712753296,0
2025-04-22 01:20:00+00:00,1.1492931842803955,1.1494252681732178,1.1490291357040405,1.1490291357040405,0
2025-04-22 01:25:00+00:00,1.1492931842803955,1.1492931842803955,1.1490291357040405,1.1490291357040405,0
2025-04-22 01:30:00+00:00,1.1495574712753296,1.1495574712753296,1.1492931842803955,1.1492931842803955,0
2025-04-22 01:35:00+00:00,1.1500862836837769,1.1500862836837769,1.1495574712753296,1.1495574712753296,0
2025-04-22 01:40:00+00:00,1.1495574712753296,1.1499539613723755,1.1495574712753296,1.1498217582702637,0
2025-04-22 01:45:00+00:00,1.1496896743774414,1.1498217582702637,1.1494252681732178,1.1494252681732178,0
2025-04-22 01:50:00+00:00,1.1499539613723755,1.1499539613723755,1.1496896743774414,1.1496896743774414,0
2025-04-22 01:55:00+00:00,1.1498217582702637,1.1500862836837769,1.1496896743774414,1.1499539613723755,0
2025-04-22 02:00:00+00:00,1.1498217582702637,1.1498217582702637,1.1498217582702637,1.1498217582702637,0
2025-04-22 02:05:00+00:00,1.1500862836837769,1.1500862836837769,1.1498217582702637,1.1498217582702637,0
2025-04-22 02:10:00+00:00,1.1507480144500732,1.1508804559707642,1.1500862836837769,1.1500862836837769,0
2025-04-22 02:15:00+00:00,1.151145339012146,1.151145339012146,1.150483250617981,1.150483250617981,0
2025-04-22 02:20:00+00:00,1.1512778997421265,1.151410460472107,1.151012897491455,1.151145339012146,0
2025-04-22 02:25:00+00:00,1.1512778997421265,1.1512778997421265,1.151012897491455,1.151012897491455,0
2025-04-22 02:30:00+00:00,1.1516757011413574,1.1518083810806274,1.151410460472107,1.151410460472107,0
2025-04-22 02:35:00+00:00,1.151543140411377,1.1518083810806274,1.151543140411377,1.1516757011413574,0
2025-04-22 02:40:00+00:00,1.151410460472107,1.151543140411377,1.151410460472107,1.151410460472107,0
2025-04-22 02:45:00+00:00,1.151410460472107,1.151410460472107,1.151012897491455,1.1512778997421265,0
2025-04-22 02:50:00+00:00,1.1518083810806274,1.1518083810806274,1.1516757011413574,1.1516757011413574,0
2025-04-22 02:55:00+00:00,1.152339220046997,1.152339220046997,1.1518083810806274,1.1518083810806274,0
2025-04-22 03:00:00+00:00,1.1538017988204956,1.1539349555969238,1.152339220046997,1.152339220046997,0
2025-04-22 03:05:00+00:00,1.1538017988204956,1.1539349555969238,1.1535356044769287,1.1539349555969238,0
2025-04-22 03:10:00+00:00,1.1538017988204956,1.154334545135498,1.1538017988204956,1.154334545135498,0
2025-04-22 03:15:00+00:00,1.1542012691497803,1.1542012691497803,1.1538017988204956,1.154068112373352,0
2025-04-22 03:20:00+00:00,1.1542012691497803,1.154334545135498,1.154068112373352,1.154068112373352,0
2025-04-22 03:25:00+00:00,1.1539349555969238,1.1542012691497803,1.1539349555969238,1.1542012691497803,0
2025-04-22 03:30:00+00:00,1.15340256690979,1.1539349555969238,1.15340256690979,1.1538017988204956,0
2025-04-22 03:35:00+00:00,1.1539349555969238,1.1542012691497803,1.1538017988204956,1.1538017988204956,0
2025-04-22 03:40:00+00:00,1.1542012691497803,1.154334545135498,1.1542012691497803,1.1542012691497803,0
2025-04-22 03:45:00+00:00,1.1542012691497803,1.154334545135498,1.1542012691497803,1.1542012691497803,0
2025-04-22 03:50:00+00:00,1.1538017988204956,1.1539349555969238,1.1538017988204956,1.1539349555969238,0
2025-04-22 03:55:00+00:00,1.1539349555969238,1.1539349555969238,1.1536686420440674,1.1536686420440674,0
2025-04-22 04:00:00+00:00,1.1538017988204956,1.154068112373352,1.1538017988204956,1.1538017988204956,0
2025-04-22 04:05:00+00:00,1.1539349555969238,1.1542012691497803,1.1539349555969238,1.1539349555969238,0
2025-04-22 04:10:00+00:00,1.1539349555969238,1.1539349555969238,1.1539349555969238,1.1539349555969238,0
2025-04-22 04:15:00+00:00,1.154334545135498,1.154334545135498,1.1539349555969238,1.1539349555969238,0
2025-04-22 04:20:00+00:00,1.154068112373352,1.154334545135498,1.154068112373352,1.154334545135498,0
2025-04-22 04:25:00+00:00,1.1542012691497803,1.1542012691497803,1.154068112373352,1.154068112373352,0
2025-04-22 04:30:00+00:00,1.1539349555969238,1.154068112373352,1.1539349555969238,1.1539349555969238,0
2025-04-22 04:35:00+00:00,1.1542012691497803,1.1542012691497803,1.1539349555969238,1.1539349555969238,0
2025-04-22 04:40:00+00:00,1.1532695293426514,1.1539349555969238,1.1531364917755127,1.1539349555969238,0
2025-04-22 04:45:00+00:00,1.1535356044769287,1.1535356044769287,1.1531364917755127,1.1531364917755127,0
2025-04-22 04:50:00+00:00,1.1535356044769287,1.1535356044769287,1.15340256690979,1.1535356044769287,0
2025-04-22 04:55:00+00:00,1.15340256690979,1.1538017988204956,1.15340256690979,1.1536686420440674,0
2025-04-22 05:00:00+00:00,1.1532695293426514,1.1535356044769287,1.1532695293426514,1.1532695293426514,0
2025-04-22 05:05:00+00:00,1.1527377367019653,1.1531364917755127,1.1527377367019653,1.1531364917755127,0
2025-04-22 05:10:00+00:00,1.1530035734176636,1.1530035734176636,1.1524720191955566,1.1524720191955566,0
2025-04-22 05:15:00+00:00,1.15340256690979,1.15340256690979,1.1532695293426514,1.1532695293426514,0
2025-04-22 05:20:00+00:00,1.1536686420440674,1.1539349555969238,1.1536686420440674,1.1538017988204956,0
2025-04-22 05:25:00+00:00,1.155001163482666,1.155001163482666,1.1539349555969238,1.1539349555969238,0
2025-04-22 05:30:00+00:00,1.1539349555969238,1.1544678211212158,1.1536686420440674,1.1544678211212158,0
2025-04-22 05:35:00+00:00,1.1532695293426514,1.1538017988204956,1.1531364917755127,1.1538017988204956,0
2025-04-22 05:40:00+00:00,1.154068112373352,1.154068112373352,1.1532695293426514,1.15340256690979,0
2025-04-22 05:45:00+00:00,1.1544678211212158,1.1548677682876587,1.1542012691497803,1.1542012691497803,0
2025-04-22 05:50:00+00:00,1.154334545135498,1.1548677682876587,1.154334545135498,1.154334545135498,0
2025-04-22 05:55:00+00:00,1.1546010971069336,1.1547343730926514,1.154334545135498,1.1544678211212158,0
2025-04-22 06:00:00+00:00,1.154068112373352,1.1547343730926514,1.1538017988204956,1.1547343730926514,0
2025-04-22 06:05:00+00:00,1.154334545135498,1.154334545135498,1.1539349555969238,1.154068112373352,0
2025-04-22 06:10:00+00:00,1.1536686420440674,1.1542012691497803,1.1536686420440674,1.1542012691497803,0
2025-04-22 06:15:00+00:00,1.15340256690979,1.1538017988204956,1.1531364917755127,1.1538017988204956,0
2025-04-22 06:20:00+00:00,1.1532695293426514,1.1535356044769287,1.1531364917755127,1.1532695293426514,0
2025-04-22 06:25:00+00:00,1.1532695293426514,1.1532695293426514,1.1528706550598145,1.1531364917755127,0
2025-04-22 06:30:00+00:00,1.1528706550598145,1.1532695293426514,1.1528706550598145,1.1531364917755127,0
2025-04-22 06:35:00+00:00,1.1516757011413574,1.1520737409591675,1.1516757011413574,1.1520737409591675,0
2025-04-22 06:40:00+00:00,1.1512778997421265,1.1512778997421265,1.151145339012146,1.1512778997421265,0
2025-04-22 06:45:00+00:00,1.1516757011413574,1.1516757011413574,1.151145339012146,1.151145339012146,0
2025-04-22 06:50:00+00:00,1.151410460472107,1.151410460472107,1.151012897491455,1.151410460472107,0
2025-04-22 06:55:00+00:00,1.1502184867858887,1.151012897491455,1.1500862836837769,1.151012897491455,0
2025-04-22 07:00:00+00:00,1.1499539613723755,1.150483250617981,1.1499539613723755,1.150483250617981,0
2025-04-22 07:05:00+00:00,1.1499539613723755,1.150483250617981,1.1498217582702637,1.1498217582702637,0
2025-04-22 07:10:00+00:00,1.1500862836837769,1.1506155729293823,1.1498217582702637,1.1498217582702637,0
2025-04-22 07:15:00+00:00,1.1506155729293823,1.1506155729293823,1.1502184867858887,1.1502184867858887,0
2025-04-22 07:20:00+00:00,1.151012897491455,1.151145339012146,1.1507480144500732,1.1507480144500732,0
2025-04-22 07:25:00+00:00,1.1506155729293823,1.151145339012146,1.1506155729293823,1.151145339012146,0
2025-04-22 07:30:00+00:00,1.151012897491455,1.151145339012146,1.1508804559707642,1.1508804559707642,0
2025-04-22 07:35:00+00:00,1.1507480144500732,1.151145339012146,1.1506155729293823,1.1506155729293823,0
2025-04-22 07:40:00+00:00,1.1488970518112183,1.15035080909729,1.1488970518112183,1.15035080909729,0
2025-04-22 07:45:00+00:00,1.1492931842803955,1.1492931842803955,1.1488970518112183,1.1488970518112183,0
2025-04-22 07:50:00+00:00,1.150483250617981,1.150483250617981,1.1498217582702637,1.1498217582702637,0
2025-04-22 07:55:00+00:00,1.1507480144500732,1.1507480144500732,1.1500862836837769,1.150483250617981,0
2025-04-22 08:00:00+00:00,1.1502184867858887,1.151145339012146,1.1502184867858887,1.151012897491455,0
2025-04-22 08:05:00+00:00,1.1499539613723755,1.1506155729293823,1.1499539613723755,1.1502184867858887,0
2025-04-22 08:10:00+00:00,1.1506155729293823,1.1506155729293823,1.1500862836837769,1.1500862836837769,0
2025-04-22 08:15:00+00:00,1.15035080909729,1.1506155729293823,1.1502184867858887,1.1506155729293823,0
2025-04-22 08:20:00+00:00,1.150483250617981,1.150483250617981,1.1502184867858887,1.1502184867858887,0
2025-04-22 08:25:00+00:00,1.151145339012146,1.151543140411377,1.151145339012146,1.1512778997421265,0
2025-04-22 08:30:00+00:00,1.151012897491455,1.151543140411377,1.151012897491455,1.151410460472107,0
2025-04-22 08:35:00+00:00,1.150483250617981,1.151012897491455,1.150483250617981,1.1507480144500732,0
2025-04-22 08:40:00+00:00,1.1499539613723755,1.1508804559707642,1.1499539613723755,1.15035080909729,0
2025-04-22 08:45:00+00:00,1.1507480144500732,1.1507480144500732,1.1498217582702637,1.1500862836837769,0
2025-04-22 08:50:00+00:00,1.1499539613723755,1.1508804559707642,1.1499539613723755,1.1508804559707642,0
2025-04-22 08:55:00+00:00,1.15035080909729,1.1506155729293823,1.1499539613723755,1.1499539613723755,0
2025-04-22 09:00:00+00:00,1.1502184867858887,1.150483250617981,1.1500862836837769,1.1500862836837769,0
2025-04-22 09:05:00+00:00,1.150483250617981,1.1506155729293823,1.15035080909729,1.15035080909729,0
2025-04-22 09:10:00+00:00,1.1506155729293823,1.151012897491455,1.1506155729293823,1.1506155729293823,0
2025-04-22 09:15:00+00:00,1.15035080909729,1.1508804559707642,1.15035080909729,1.1508804559707642,0
2025-04-22 09:20:00+00:00,1.1500862836837769,1.1506155729293823,1.1500862836837769,1.1506155729293823,0
2025-04-22 09:25:00+00:00,1.1500862836837769,1.1502184867858887,1.1500862836837769,1.1500862836837769,0
2025-04-22 09:30:00+00:00,1.150483250617981,1.150483250617981,1.1502184867858887,1.1502184867858887,0
2025-04-22 09:35:00+00:00,1.15035080909729,1.150483250617981,1.1502184867858887,1.150483250617981,0
2025-04-22 09:40:00+00:00,1.1507480144500732,1.1507480144500732,1.1500862836837769,1.15035080909729,0
2025-04-22 09:45:00+00:00,1.1506155729293823,1.1508804559707642,1.150483250617981,1.1508804559707642,0
2025-04-22 09:50:00+00:00,1.1498217582702637,1.1502184867858887,1.1498217582702637,1.1502184867858887,0
2025-04-22 09:55:00+00:00,1.1495574712753296,1.1495574712753296,1.1492931842803955,1.1492931842803955,0
2025-04-22 10:00:00+00:00,1.1495574712753296,1.1496896743774414,1.1492931842803955,1.1495574712753296,0
2025-04-22 10:05:00+00:00,1.1498217582702637,1.1498217582702637,1.1498217582702637,1.1498217582702637,0
2025-04-22 10:10:00+00:00,1.15035080909729,1.15035080909729,1.1498217582702637,1.1498217582702637,0
2025-04-22 10:15:00+00:00,1.1498217582702637,1.15035080909729,1.1498217582702637,1.15035080909729,0
2025-04-22 10:20:00+00:00,1.1499539613723755,1.1500862836837769,1.1496896743774414,1.1500862836837769,0
2025-04-22 10:25:00+00:00,1.1500862836837769,1.1500862836837769,1.1498217582702637,1.1500862836837769,0
2025-04-22 10:30:00+00:00,1.15035080909729,1.15035080909729,1.1495574712753296,1.1499539613723755,0
2025-04-22 10:35:00+00:00,1.1498217582702637,1.15035080909729,1.1498217582702637,1.15035080909729,0
2025-04-22 10:40:00+00:00,1.1499539613723755,1.1499539613723755,1.1496896743774414,1.1498217582702637,0
2025-04-22 10:45:00+00:00,1.1495574712753296,1.1500862836837769,1.1495574712753296,1.1500862836837769,0
2025-04-22 10:50:00+00:00,1.1492931842803955,1.1496896743774414,1.1492931842803955,1.1494252681732178,0
2025-04-22 10:55:00+00:00,1.1492931842803955,1.1496896743774414,1.1491611003875732,1.1496896743774414,0
2025-04-22 11:00:00+00:00,1.1491611003875732,1.1491611003875732,1.1488970518112183,1.1490291357040405,0
2025-04-22 11:05:00+00:00,1.1495574712753296,1.1495574712753296,1.1494252681732178,1.1495574712753296,0
2025-04-22 11:10:00+00:00,1.1495574712753296,1.1495574712753296,1.1494252681732178,1.1495574712753296,0
2025-04-22 11:15:00+00:00,1.1492931842803955,1.1495574712753296,1.1492931842803955,1.1495574712753296,0
2025-04-22 11:20:00+00:00,1.1488970518112183,1.1490291357040405,1.1488970518112183,1.1490291357040405,0
2025-04-22 11:25:00+00:00,1.1490291357040405,1.1491611003875732,1.1487650871276855,1.1487650871276855,0
2025-04-22 11:30:00+00:00,1.1492931842803955,1.1494252681732178,1.1490291357040405,1.1491611003875732,0
2025-04-22 11:35:00+00:00,1.1494252681732178,1.1494252681732178,1.1491611003875732,1.1492931842803955,0
2025-04-22 11:40:00+00:00,1.1496896743774414,1.1496896743774414,1.1494252681732178,1.1495574712753296,0
2025-04-22 11:45:00+00:00,1.1500862836837769,1.1500862836837769,1.1496896743774414,1.1496896743774414,0
2025-04-22 11:50:00+00:00,1.1502184867858887,1.1502184867858887,1.1500862836837769,1.1502184867858887,0
2025-04-22 11:55:00+00:00,1.1488970518112183,1.1500862836837769,1.1488970518112183,1.1500862836837769,0
2025-04-22 12:00:00+00:00,1.1492931842803955,1.1492931842803955,1.1485011577606201,1.1488970518112183,0
2025-04-22 12:05:00+00:00,1.1481056213378906,1.1490291357040405,1.1481056213378906,1.1490291357040405,0
2025-04-22 12:10:00+00:00,1.1486331224441528,1.1490291357040405,1.1485011577606201,1.1487650871276855,0
2025-04-22 12:15:00+00:00,1.1479737758636475,1.1482374668121338,1.1475785970687866,1.1481056213378906,0
2025-04-22 12:20:00+00:00,1.1467890739440918,1.1481056213378906,1.1467890739440918,1.1478420495986938,0
2025-04-22 12:25:00+00:00,1.1471836566925049,1.1471836566925049,1.1467890739440918,1.1467890739440918,0
2025-04-22 12:30:00+00:00,1.1477103233337402,1.1477103233337402,1.1475785970687866,1.1477103233337402,0
2025-04-22 12:35:00+00:00,1.1478420495986938,1.1478420495986938,1.147446870803833,1.1475785970687866,0
2025-04-22 12:40:00+00:00,1.1475785970687866,1.1478420495986938,1.147446870803833,1.1477103233337402,0
2025-04-22 12:45:00+00:00,1.1469204425811768,1.147446870803833,1.1469204425811768,1.147446870803833,0
2025-04-22 12:50:00+00:00,1.1477103233337402,1.1477103233337402,1.1470520496368408,1.1470520496368408,0
2025-04-22 12:55:00+00:00,1.1475785970687866,1.1479737758636475,1.1475785970687866,1.1475785970687866,0
2025-04-22 13:00:00+00:00,1.1471836566925049,1.147315263748169,1.1469204425811768,1.147315263748169,0
2025-04-22 13:05:00+00:00,1.1462632417678833,1.1469204425811768,1.1462632417678833,1.1469204425811768,0
2025-04-22 13:10:00+00:00,1.1467890739440918,1.1469204425811768,1.1461317539215088,1.1465259790420532,0
2025-04-22 13:15:00+00:00,1.1469204425811768,1.1469204425811768,1.1467890739440918,1.1469204425811768,0
2025-04-22 13:20:00+00:00,1.1467890739440918,1.1469204425811768,1.1467890739440918,1.1467890739440918,0
2025-04-22 13:25:00+00:00,1.1469204425811768,1.1469204425811768,1.1466574668884277,1.1467890739440918,0
2025-04-22 13:30:00+00:00,1.1463946104049683,1.1469204425811768,1.1463946104049683,1.1469204425811768,0
2025-04-22 13:35:00+00:00,1.1465259790420532,1.1465259790420532,1.1462632417678833,1.1462632417678833,0
2025-04-22 13:40:00+00:00,1.1469204425811768,1.1469204425811768,1.1462632417678833,1.1465259790420532,0
2025-04-22 13:45:00+00:00,1.1479737758636475,1.1479737758636475,1.147315263748169,1.147315263748169,0
2025-04-22 13:50:00+00:00,1.148369312286377,1.1486331224441528,1.1481056213378906,1.1481056213378906,0
2025-04-22 13:55:00+00:00,1.1479737758636475,1.1487650871276855,1.1479737758636475,1.1487650871276855,0
2025-04-22 14:00:00+00:00,1.1471836566925049,1.1477103233337402,1.1471836566925049,1.1475785970687866,0
2025-04-22 14:05:00+00:00,1.1471836566925049,1.1471836566925049,1.1470520496368408,1.1470520496368408,0
2025-04-22 14:10:00+00:00,1.1466574668884277,1.1467890739440918,1.1465259790420532,1.1467890739440918,0
2025-04-22 14:15:00+00:00,1.1469204425811768,1.1469204425811768,1.1466574668884277,1.1469204425811768,0
2025-04-22 14:20:00+00:00,1.1467890739440918,1.1471836566925049,1.1467890739440918,1.1469204425811768,0
2025-04-22 14:25:00+00:00,1.1469204425811768,1.147315263748169,1.1469204425811768,1.1470520496368408,0
2025-04-22 14:30:00+00:00,1.1478420495986938,1.1478420495986938,1.1469204425811768,1.1469204425811768,0
2025-04-22 14:35:00+00:00,1.1486331224441528,1.1487650871276855,1.1479737758636475,1.1479737758636475,0
2025-04-22 14:40:00+00:00,1.1492931842803955,1.1492931842803955,1.1487650871276855,1.1487650871276855,0
2025-04-22 14:45:00+00:00,1.1492931842803955,1.1492931842803955,1.1488970518112183,1.1490291357040405,0
2025-04-22 14:50:00+00:00,1.1481056213378906,1.148369312286377,1.1479737758636475,1.148369312286377,0
2025-04-22 14:55:00+00:00,1.1481056213378906,1.1481056213378906,1.1478420495986938,1.1478420495986938,0
2025-04-22 15:00:00+00:00,1.1481056213378906,1.148369312286377,1.1481056213378906,1.1481056213378906,0
2025-04-22 15:05:00+00:00,1.1487650871276855,1.1487650871276855,1.1482374668121338,1.1482374668121338,0
2025-04-22 15:10:00+00:00,1.148369312286377,1.1486331224441528,1.148369312286377,1.1486331224441528,0
2025-04-22 15:15:00+00:00,1.1485011577606201,1.1485011577606201,1.1481056213378906,1.148369312286377,0
2025-04-22 15:20:00+00:00,1.1482374668121338,1.1485011577606201,1.1481056213378906,1.148369312286377,0
2025-04-22 15:25:00+00:00,1.1482374668121338,1.148369312286377,1.1482374668121338,1.1482374668121338,0
2025-04-22 15:30:00+00:00,1.148369312286377,1.148369312286377,1.1481056213378906,1.1482374668121338,0
2025-04-22 15:35:00+00:00,1.1482374668121338,1.1482374668121338,1.1481056213378906,1.1482374668121338,0
2025-04-22 15:40:00+00:00,1.148369312286377,1.148369312286377,1.1481056213378906,1.1482374668121338,0
2025-04-22 15:45:00+00:00,1.1481056213378906,1.148369312286377,1.1479737758636475,1.148369312286377,0
2025-04-22 15:50:00+00:00,1.1479737758636475,1.1479737758636475,1.1477103233337402,1.1479737758636475,0
2025-04-22 15:55:00+00:00,1.1467890739440918,1.1481056213378906,1.1467890739440918,1.1481056213378906,0
2025-04-22 16:00:00+00:00,1.1460003852844238,1.1465259790420532,1.1454753875732422,1.1465259790420532,0
2025-04-22 16:05:00+00:00,1.1471836566925049,1.1471836566925049,1.1466574668884277,1.1466574668884277,0
2025-04-22 16:10:00+00:00,1.1462632417678833,1.1469204425811768,1.1462632417678833,1.1469204425811768,0
2025-04-22 16:15:00+00:00,1.1454753875732422,1.1462632417678833,1.1454753875732422,1.1462632417678833,0
2025-04-22 16:20:00+00:00,1.144819736480713,1.145081877708435,1.1445575952529907,1.145081877708435,0
2025-04-22 16:25:00+00:00,1.1454753875732422,1.1454753875732422,1.1445575952529907,1.1445575952529907,0
2025-04-22 16:30:00+00:00,1.1453442573547363,1.1454753875732422,1.145081877708435,1.1454753875732422,0
2025-04-22 16:35:00+00:00,1.1449507474899292,1.1453442573547363,1.144819736480713,1.1453442573547363,0
2025-04-22 16:40:00+00:00,1.1449507474899292,1.145213007926941,1.1449507474899292,1.145213007926941,0
2025-04-22 16:45:00+00:00,1.1445575952529907,1.1449507474899292,1.144426703453064,1.1449507474899292,0
2025-04-22 16:50:00+00:00,1.144426703453064,1.1445575952529907,1.144426703453064,1.1445575952529907,0
2025-04-22 16:55:00+00:00,1.1437721252441406,1.1440337896347046,1.1437721252441406,1.1440337896347046,0
2025-04-22 17:00:00+00:00,1.1437721252441406,1.1437721252441406,1.1435105800628662,1.1435105800628662,0
2025-04-22 17:05:00+00:00,1.1435105800628662,1.1439030170440674,1.1435105800628662,1.1437721252441406,0
2025-04-22 17:10:00+00:00,1.1437721252441406,1.1440337896347046,1.1435105800628662,1.1435105800628662,0
2025-04-22 17:15:00+00:00,1.1445575952529907,1.144688606262207,1.1439030170440674,1.1439030170440674,0
2025-04-22 17:20:00+00:00,1.144819736480713,1.145081877708435,1.1445575952529907,1.1445575952529907,0
2025-04-22 17:25:00+00:00,1.144819736480713,1.145081877708435,1.144819736480713,1.1449507474899292,0
2025-04-22 17:30:00+00:00,1.1449507474899292,1.1453442573547363,1.144819736480713,1.144819736480713,0
2025-04-22 17:35:00+00:00,1.1437721252441406,1.1449507474899292,1.1437721252441406,1.1449507474899292,0
2025-04-22 17:40:00+00:00,1.1436413526535034,1.1439030170440674,1.1436413526535034,1.1436413526535034,0
2025-04-22 17:45:00+00:00,1.144426703453064,1.1445575952529907,1.1437721252441406,1.1437721252441406,0
2025-04-22 17:50:00+00:00,1.1453442573547363,1.1453442573547363,1.144688606262207,1.144688606262207,0
2025-04-22 17:55:00+00:00,1.1454753875732422,1.1456066370010376,1.1454753875732422,1.1456066370010376,0
2025-04-22 18:00:00+00:00,1.144426703453064,1.145213007926941,1.144426703453064,1.145213007926941,0
2025-04-22 18:05:00+00:00,1.1440337896347046,1.144426703453064,1.1440337896347046,1.1442956924438477,0
2025-04-22 18:10:00+00:00,1.1445575952529907,1.1445575952529907,1.1440337896347046,1.1440337896347046,0
2025-04-22 18:15:00+00:00,1.1440337896347046,1.144426703453064,1.1440337896347046,1.1442956924438477,0
2025-04-22 18:20:00+00:00,1.1439030170440674,1.1440337896347046,1.1439030170440674,1.1440337896347046,0
2025-04-22 18:25:00+00:00,1.1439030170440674,1.1440337896347046,1.1437721252441406,1.1437721252441406,0
2025-04-22 18:30:00+00:00,1.1437721252441406,1.1439030170440674,1.1437721252441406,1.1439030170440674,0
2025-04-22 18:35:00+00:00,1.1440337896347046,1.144164800643921,1.1440337896347046,1.144164800643921,0
2025-04-22 18:40:00+00:00,1.1432491540908813,1.1436413526535034,1.142987847328186,1.1436413526535034,0
2025-04-22 18:45:00+00:00,1.1431183815002441,1.1432491540908813,1.1431183815002441,1.1432491540908813,0
2025-04-22 18:50:00+00:00,1.1427265405654907,1.1432491540908813,1.1427265405654907,1.1432491540908813,0
2025-04-22 18:55:00+00:00,1.142987847328186,1.142987847328186,1.1427265405654907,1.1428571939468384,0
2025-04-22 19:00:00+00:00,1.1431183815002441,1.1432491540908813,1.1428571939468384,1.1428571939468384,0
2025-04-22 19:05:00+00:00,1.142987847328186,1.1432491540908813,1.142987847328186,1.1432491540908813,0
2025-04-22 19:10:00+00:00,1.1427265405654907,1.142987847328186,1.1425960063934326,1.142987847328186,0
2025-04-22 19:15:00+00:00,1.1427265405654907,1.1427265405654907,1.1425960063934326,1.1425960063934326,0
2025-04-22 19:20:00+00:00,1.1428571939468384,1.1428571939468384,1.1425960063934326,1.1427265405654907,0
2025-04-22 19:25:00+00:00,1.1428571939468384,1.142987847328186,1.1425960063934326,1.1425960063934326,0
2025-04-22 19:30:00+00:00,1.142987847328186,1.142987847328186,1.142987847328186,1.142987847328186,0
2025-04-22 19:35:00+00:00,1.1435105800628662,1.1436413526535034,1.143379807472229,1.1436413526535034,0
2025-04-22 19:40:00+00:00,1.1431183815002441,1.1435105800628662,1.1431183815002441,1.1435105800628662,0
2025-04-22 19:45:00+00:00,1.1428571939468384,1.1431183815002441,1.1428571939468384,1.1431183815002441,0
2025-04-22 19:50:00+00:00,1.1428571939468384,1.1428571939468384,1.1428571939468384,1.1428571939468384,0
2025-04-22 19:55:00+00:00,1.1423349380493164,1.1425960063934326,1.1423349380493164,1.1425960063934326,0
2025-04-22 20:00:00+00:00,1.1427265405654907,1.1427265405654907,1.1423349380493164,1.1424654722213745,0
2025-04-22 20:05:00+00:00,1.142987847328186,1.1431183815002441,1.1428571939468384,1.1428571939468384,0
2025-04-22 20:10:00+00:00,1.1431183815002441,1.1432491540908813,1.1431183815002441,1.1431183815002441,0
2025-04-22 20:15:00+00:00,1.1432491540908813,1.1432491540908813,1.1431183815002441,1.1431183815002441,0
2025-04-22 20:20:00+00:00,1.1425960063934326,1.1428571939468384,1.1425960063934326,1.1428571939468384,0
2025-04-22 20:25:00+00:00,1.1423349380493164,1.1425960063934326,1.1423349380493164,1.1425960063934326,0
2025-04-22 20:30:00+00:00,1.1424654722213745,1.1424654722213745,1.1423349380493164,1.1423349380493164,0
2025-04-22 20:35:00+00:00,1.1423349380493164,1.1423349380493164,1.1423349380493164,1.1423349380493164,0
2025-04-22 20:40:00+00:00,1.1422044038772583,1.1423349380493164,1.1422044038772583,1.1423349380493164,0
2025-04-22 20:45:00+00:00,1.1422044038772583,1.1422044038772583,1.1422044038772583,1.1422044038772583,0
2025-04-22 20:50:00+00:00,1.1423349380493164,1.1423349380493164,1.1420739889144897,1.1420739889144897,0
2025-04-22 20:55:00+00:00,1.1424654722213745,1.1424654722213745,1.1423349380493164,1.1423349380493164,0
2025-04-22 21:00:00+00:00,1.1427265405654907,1.1427265405654907,1.1427265405654907,1.1427265405654907,0
2025-04-22 21:05:00+00:00,1.142987847328186,1.142987847328186,1.1427265405654907,1.1427265405654907,0
2025-04-22 21:10:00+00:00,1.1432491540908813,1.1432491540908813,1.1431183815002441,1.1431183815002441,0
2025-04-22 21:15:00+00:00,1.142987847328186,1.1431183815002441,1.142987847328186,1.142987847328186,0
2025-04-22 21:20:00+00:00,1.1431183815002441,1.1432491540908813,1.142987847328186,1.1432491540908813,0
2025-04-22 21:25:00+00:00,1.1411616802215576,1.142987847328186,1.1411616802215576,1.142987847328186,0
2025-04-22 21:30:00+00:00,1.1394712924957275,1.141291856765747,1.1394712924957275,1.141291856765747,0
2025-04-22 21:35:00+00:00,1.1385631561279297,1.1386927366256714,1.1379153728485107,1.1386927366256714,0
2025-04-22 21:40:00+00:00,1.1385631561279297,1.1386927366256714,1.1385631561279297,1.1385631561279297,0
2025-04-22 21:45:00+00:00,1.138044834136963,1.1383039951324463,1.1379153728485107,1.1383039951324463,0
2025-04-22 21:50:00+00:00,1.1379153728485107,1.1379153728485107,1.1377859115600586,1.1379153728485107,0
2025-04-22 21:55:00+00:00,1.1371389627456665,1.1377859115600586,1.1371389627456665,1.1377859115600586,0
2025-04-22 22:00:00+00:00,1.1349449157714844,1.1363636255264282,1.1349449157714844,1.1363636255264282,0
2025-04-22 22:05:00+00:00,1.1343011856079102,1.1345586776733398,1.1340440511703491,1.134429931640625,0
2025-04-22 22:10:00+00:00,1.1362345218658447,1.137268304824829,1.1362345218658447,1.1367511749267578,0
2025-04-22 22:15:00+00:00,1.134429931640625,1.1361054182052612,1.134429931640625,1.1361054182052612,0
2025-04-22 22:20:00+00:00,1.1336582899093628,1.1345586776733398,1.1336582899093628,1.1343011856079102,0
2025-04-22 22:25:00+00:00,1.1319899559020996,1.1343011856079102,1.1319899559020996,1.1343011856079102,0
2025-04-22 22:30:00+00:00,1.131861925125122,1.1334012746810913,1.131861925125122,1.13237464427948,0
2025-04-22 22:35:00+00:00,1.1314777135849,1.13237464427948,1.1310937404632568,1.1319899559020996,0
2025-04-22 22:40:00+00:00,1.1336582899093628,1.1336582899093628,1.1319899559020996,1.1319899559020996,0
2025-04-22 22:45:00+00:00,1.1341726779937744,1.134429931640625,1.1337867975234985,1.1340440511703491,0
2025-04-22 22:50:00+00:00,1.1345586776733398,1.1345586776733398,1.1337867975234985,1.1337867975234985,0
2025-04-22 22:55:00+00:00,1.1340440511703491,1.1343011856079102,1.1340440511703491,1.1343011856079102,0
2025-04-22 23:00:00+00:00,1.1345586776733398,1.1349449157714844,1.1343011856079102,1.1343011856079102,0
2025-04-22 23:05:00+00:00,1.1352026462554932,1.1352026462554932,1.1346874237060547,1.1348161697387695,0
2025-04-22 23:10:00+00:00,1.1358473300933838,1.1358473300933838,1.1354604959487915,1.1358473300933838,0
2025-04-22 23:15:00+00:00,1.1358473300933838,1.1359764337539673,1.1357183456420898,1.1357183456420898,0
2025-04-22 23:20:00+00:00,1.1357183456420898,1.1361054182052612,1.1357183456420898,1.1361054182052612,0
2025-04-22 23:25:00+00:00,1.1352026462554932,1.135589361190796,1.1352026462554932,1.135589361190796,0
2025-04-22 23:30:00+00:00,1.1350737810134888,1.1352026462554932,1.1349449157714844,1.1352026462554932,0
2025-04-22 23:35:00+00:00,1.1358473300933838,1.1358473300933838,1.1352026462554932,1.1353315114974976,0
2025-04-22 23:40:00+00:00,1.1364928483963013,1.1364928483963013,1.1357183456420898,1.1357183456420898,0
2025-04-22 23:45:00+00:00,1.1363636255264282,1.1363636255264282,1.1361054182052612,1.1363636255264282,0
2025-04-22 23:50:00+00:00,1.1348161697387695,1.1357183456420898,1.1348161697387695,1.1357183456420898,0
2025-04-22 23:55:00+00:00,1.1353315114974976,1.1354604959487915,1.1352026462554932,1.1352026462554932,0
2025-04-23 00:00:00+00:00,1.1366219520568848,1.1366219520568848,1.1354604959487915,1.1354604959487915,0
2025-04-23 00:05:00+00:00,1.1370097398757935,1.1371389627456665,1.1364928483963013,1.1371389627456665,0
2025-04-23 00:10:00+00:00,1.1371389627456665,1.1371389627456665,1.1368803977966309,1.1368803977966309,0
2025-04-23 00:15:00+00:00,1.1377859115600586,1.1377859115600586,1.1375269889831543,1.1377859115600586,0
2025-04-23 00:20:00+00:00,1.1375269889831543,1.1376564502716064,1.137268304824829,1.1376564502716064,0
2025-04-23 00:25:00+00:00,1.1375269889831543,1.1377859115600586,1.137268304824829,1.1373976469039917,0
2025-04-23 00:30:00+00:00,1.1381744146347046,1.1381744146347046,1.1376564502716064,1.1377859115600586,0
2025-04-23 00:35:00+00:00,1.1385631561279297,1.1385631561279297,1.138044834136963,1.1381744146347046,0
2025-04-23 00:40:00+00:00,1.1384334564208984,1.1385631561279297,1.1384334564208984,1.1385631561279297,0
2025-04-23 00:45:00+00:00,1.1388224363327026,1.1388224363327026,1.1383039951324463,1.1384334564208984,0
2025-04-23 00:50:00+00:00,1.1390818357467651,1.1390818357467651,1.1388224363327026,1.1389521360397339,0
2025-04-23 00:55:00+00:00,1.1398608684539795,1.1398608684539795,1.139211654663086,1.139211654663086,0
2025-04-23 01:00:00+00:00,1.1396011114120483,1.1406410932540894,1.139211654663086,1.1402509212493896,0
2025-04-23 01:05:00+00:00,1.1390818357467651,1.1397310495376587,1.1390818357467651,1.1396011114120483,0
2025-04-23 01:10:00+00:00,1.1390818357467651,1.139211654663086,1.1388224363327026,1.139211654663086,0
2025-04-23 01:15:00+00:00,1.1393414735794067,1.1396011114120483,1.1393414735794067,1.1393414735794067,0
2025-04-23 01:20:00+00:00,1.1397310495376587,1.1397310495376587,1.1389521360397339,1.1389521360397339,0
2025-04-23 01:25:00+00:00,1.1396011114120483,1.1398608684539795,1.1396011114120483,1.1398608684539795,0
2025-04-23 01:30:00+00:00,1.1394712924957275,1.1396011114120483,1.1394712924957275,1.1396011114120483,0
2025-04-23 01:35:00+00:00,1.1401208639144897,1.1401208639144897,1.1396011114120483,1.1396011114120483,0
2025-04-23 01:40:00+00:00,1.1411616802215576,1.1411616802215576,1.140380859375,1.140380859375,0
2025-04-23 01:45:00+00:00,1.1415525674819946,1.1415525674819946,1.141291856765747,1.141291856765747,0
2025-04-23 01:50:00+00:00,1.141422152519226,1.1416828632354736,1.141291856765747,1.1415525674819946,0
2025-04-23 01:55:00+00:00,1.1409013271331787,1.1415525674819946,1.1409013271331787,1.1415525674819946,0
2025-04-23 02:00:00+00:00,1.140380859375,1.141291856765747,1.140380859375,1.141291856765747,0
2025-04-23 02:05:00+00:00,1.1407711505889893,1.1409013271331787,1.1401208639144897,1.1402509212493896,0
2025-04-23 02:10:00+00:00,1.1402509212493896,1.140380859375,1.1399909257888794,1.140380859375,0
2025-04-23 02:15:00+00:00,1.1401208639144897,1.140380859375,1.1401208639144897,1.140380859375,0
2025-04-23 02:20:00+00:00,1.1402509212493896,1.140380859375,1.1398608684539795,1.1399909257888794,0
2025-04-23 02:25:00+00:00,1.1399909257888794,1.1401208639144897,1.1398608684539795,1.1401208639144897,0
2025-04-23 02:30:00+00:00,1.1396011114120483,1.1398608684539795,1.1394712924957275,1.1397310495376587,0
2025-04-23 02:35:00+00:00,1.1399909257888794,1.1401208639144897,1.1394712924957275,1.1394712924957275,0
2025-04-23 02:40:00+00:00,1.1401208639144897,1.1402509212493896,1.1399909257888794,1.1401208639144897,0
2025-04-23 02:45:00+00:00,1.1405109167099,1.1406410932540894,1.140380859375,1.140380859375,0
2025-04-23 02:50:00+00:00,1.1405109167099,1.1406410932540894,1.1405109167099,1.1405109167099,0
2025-04-23 02:55:00+00:00,1.1406410932540894,1.1407711505889893,1.1406410932540894,1.1406410932540894,0
2025-04-23 03:00:00+00:00,1.1402509212493896,1.1407711505889893,1.1402509212493896,1.1407711505889893,0
2025-04-23 03:05:00+00:00,1.1405109167099,1.1406410932540894,1.1405109167099,1.1405109167099,0
2025-04-23 03:10:00+00:00,1.1398608684539795,1.1401208639144897,1.1398608684539795,1.1401208639144897,0
2025-04-23 03:15:00+00:00,1.1393414735794067,1.1398608684539795,1.1393414735794067,1.1398608684539795,0
2025-04-23 03:20:00+00:00,1.1383039951324463,1.139211654663086,1.1383039951324463,1.139211654663086,0
2025-04-23 03:25:00+00:00,1.1386927366256714,1.1386927366256714,1.1383039951324463,1.1384334564208984,0
2025-04-23 03:30:00+00:00,1.1388224363327026,1.1389521360397339,1.1385631561279297,1.1386927366256714,0
2025-04-23 03:35:00+00:00,1.1379153728485107,1.1386927366256714,1.1379153728485107,1.1386927366256714,0
2025-04-23 03:40:00+00:00,1.1384334564208984,1.1384334564208984,1.138044834136963,1.138044834136963,0
2025-04-23 03:45:00+00:00,1.1385631561279297,1.1385631561279297,1.1384334564208984,1.1384334564208984,0
2025-04-23 03:50:00+00:00,1.1388224363327026,1.1389521360397339,1.1385631561279297,1.1385631561279297,0
2025-04-23 03:55:00+00:00,1.1384334564208984,1.1386927366256714,1.1384334564208984,1.1386927366256714,0
2025-04-23 04:00:00+00:00,1.1379153728485107,1.1383039951324463,1.1379153728485107,1.1383039951324463,0
2025-04-23 04:05:00+00:00,1.1377859115600586,1.1381744146347046,1.1377859115600586,1.1379153728485107,0
2025-04-23 04:10:00+00:00,1.1375269889831543,1.1376564502716064,1.1375269889831543,1.1376564502716064,0
2025-04-23 04:15:00+00:00,1.1383039951324463,1.1383039951324463,1.1376564502716064,1.1376564502716064,0
2025-04-23 04:20:00+00:00,1.1383039951324463,1.1388224363327026,1.1383039951324463,1.1384334564208984,0
2025-04-23 04:25:00+00:00,1.1386927366256714,1.1386927366256714,1.1383039951324463,1.1383039951324463,0
2025-04-23 04:30:00+00:00,1.1389521360397339,1.1389521360397339,1.1385631561279297,1.1386927366256714,0
2025-04-23 04:35:00+00:00,1.1389521360397339,1.1389521360397339,1.1389521360397339,1.1389521360397339,0
2025-04-23 04:40:00+00:00,1.1389521360397339,1.1389521360397339,1.1388224363327026,1.1389521360397339,0
2025-04-23 04:45:00+00:00,1.139211654663086,1.139211654663086,1.1390818357467651,1.139211654663086,0
2025-04-23 04:50:00+00:00,1.1390818357467651,1.1390818357467651,1.1389521360397339,1.1390818357467651,0
2025-04-23 04:55:00+00:00,1.1393414735794067,1.1394712924957275,1.139211654663086,1.139211654663086,0
2025-04-23 05:00:00+00:00,1.1389521360397339,1.1393414735794067,1.1389521360397339,1.1389521360397339,0
2025-04-23 05:05:00+00:00,1.1396011114120483,1.1396011114120483,1.1393414735794067,1.1393414735794067,0
2025-04-23 05:10:00+00:00,1.1397310495376587,1.1398608684539795,1.1396011114120483,1.1398608684539795,0
2025-04-23 05:15:00+00:00,1.1397310495376587,1.1398608684539795,1.1396011114120483,1.1397310495376587,0
2025-04-23 05:20:00+00:00,1.1396011114120483,1.1402509212493896,1.1396011114120483,1.1398608684539795,0
2025-04-23 05:25:00+00:00,1.139211654663086,1.1396011114120483,1.139211654663086,1.1396011114120483,0
2025-04-23 05:30:00+00:00,1.1398608684539795,1.1398608684539795,1.1393414735794067,1.1393414735794067,0
2025-04-23 05:35:00+00:00,1.1386927366256714,1.1397310495376587,1.1386927366256714,1.1397310495376587,0
2025-04-23 05:40:00+00:00,1.1384334564208984,1.1388224363327026,1.1384334564208984,1.1388224363327026,0
2025-04-23 05:45:00+00:00,1.1379153728485107,1.1383039951324463,1.1379153728485107,1.1383039951324463,0
2025-04-23 05:50:00+00:00,1.1383039951324463,1.1383039951324463,1.1377859115600586,1.1377859115600586,0
2025-04-23 05:55:00+00:00,1.138044834136963,1.1383039951324463,1.138044834136963,1.1383039951324463,0
2025-04-23 06:00:00+00:00,1.1390818357467651,1.1390818357467651,1.138044834136963,1.138044834136963,0
2025-04-23 06:05:00+00:00,1.1396011114120483,1.1396011114120483,1.1389521360397339,1.1390818357467651,0
2025-04-23 06:10:00+00:00,1.1396011114120483,1.1396011114120483,1.1389521360397339,1.1393414735794067,0
2025-04-23 06:15:00+00:00,1.1398608684539795,1.1398608684539795,1.1393414735794067,1.1396011114120483,0
2025-04-23 06:20:00+00:00,1.1388224363327026,1.1396011114120483,1.1388224363327026,1.1394712924957275,0
2025-04-23 06:25:00+00:00,1.1388224363327026,1.139211654663086,1.1386927366256714,1.139211654663086,0
2025-04-23 06:30:00+00:00,1.1384334564208984,1.1386927366256714,1.1384334564208984,1.1386927366256714,0
2025-04-23 06:35:00+00:00,1.1383039951324463,1.1385631561279297,1.138044834136963,1.1385631561279297,0
2025-04-23 06:40:00+00:00,1.1388224363327026,1.1388224363327026,1.138044834136963,1.1381744146347046,0
2025-04-23 06:45:00+00:00,1.1390818357467651,1.1390818357467651,1.1388224363327026,1.1389521360397339,0
2025-04-23 06:50:00+00:00,1.1390818357467651,1.139211654663086,1.1390818357467651,1.1390818357467651,0
2025-04-23 06:55:00+00:00,1.1390818357467651,1.1390818357467651,1.1383039951324463,1.1386927366256714,0
2025-04-23 07:00:00+00:00,1.1393414735794067,1.1393414735794067,1.1385631561279297,1.139211654663086,0
2025-04-23 07:05:00+00:00,1.1385631561279297,1.1390818357467651,1.1385631561279297,1.1390818357467651,0
2025-04-23 07:10:00+00:00,1.1393414735794067,1.1397310495376587,1.1390818357467651,1.1390818357467651,0
2025-04-23 07:15:00+00:00,1.1394712924957275,1.1394712924957275,1.1393414735794067,1.1393414735794067,0
2025-04-23 07:20:00+00:00,1.1402509212493896,1.1402509212493896,1.1396011114120483,1.1396011114120483,0
2025-04-23 07:25:00+00:00,1.1406410932540894,1.1406410932540894,1.1402509212493896,1.1402509212493896,0
2025-04-23 07:30:00+00:00,1.1409013271331787,1.1411616802215576,1.1406410932540894,1.1411616802215576,0
2025-04-23 07:35:00+00:00,1.1401208639144897,1.1409013271331787,1.1401208639144897,1.1407711505889893,0
2025-04-23 07:40:00+00:00,1.1393414735794067,1.1398608684539795,1.1393414735794067,1.1394712924957275,0
2025-04-23 07:45:00+00:00,1.1385631561279297,1.1398608684539795,1.1385631561279297,1.1398608684539795,0
2025-04-23 07:50:00+00:00,1.1393414735794067,1.1393414735794067,1.1389521360397339,1.1390818357467651,0
2025-04-23 07:55:00+00:00,1.1386927366256714,1.1394712924957275,1.1386927366256714,1.1394712924957275,0
2025-04-23 08:00:00+00:00,1.1388224363327026,1.1393414735794067,1.1385631561279297,1.1393414735794067,0
2025-04-23 08:05:00+00:00,1.1388224363327026,1.1389521360397339,1.1388224363327026,1.1389521360397339,0
2025-04-23 08:10:00+00:00,1.1384334564208984,1.1388224363327026,1.1384334564208984,1.1386927366256714,0
2025-04-23 08:15:00+00:00,1.1389521360397339,1.1389521360397339,1.1388224363327026,1.1388224363327026,0
2025-04-23 08:20:00+00:00,1.139211654663086,1.1393414735794067,1.1389521360397339,1.1389521360397339,0
2025-04-23 08:25:00+00:00,1.1397310495376587,1.1397310495376587,1.1393414735794067,1.1393414735794067,0
2025-04-23 08:30:00+00:00,1.1401208639144897,1.1401208639144897,1.1397310495376587,1.1397310495376587,0
2025-04-23 08:35:00+00:00,1.140380859375,1.140380859375,1.1401208639144897,1.1401208639144897,0
2025-04-23 08:40:00+00:00,1.1409013271331787,1.1409013271331787,1.140380859375,1.140380859375,0
2025-04-23 08:45:00+00:00,1.1409013271331787,1.141291856765747,1.1409013271331787,1.141291856765747,0
2025-04-23 08:50:00+00:00,1.1415525674819946,1.1415525674819946,1.1410315036773682,1.1410315036773682,0
2025-04-23 08:55:00+00:00,1.1418131589889526,1.1418131589889526,1.141291856765747,1.141291856765747,0
2025-04-23 09:00:00+00:00,1.1427265405654907,1.1431183815002441,1.1416828632354736,1.1416828632354736,0
2025-04-23 09:05:00+00:00,1.1428571939468384,1.1428571939468384,1.1425960063934326,1.1427265405654907,0
2025-04-23 09:10:00+00:00,1.1427265405654907,1.1431183815002441,1.1427265405654907,1.142987847328186,0
2025-04-23 09:15:00+00:00,1.1440337896347046,1.1440337896347046,1.142987847328186,1.142987847328186,0
2025-04-23 09:20:00+00:00,1.1435105800628662,1.144164800643921,1.1435105800628662,1.1440337896347046,0
2025-04-23 09:25:00+00:00,1.1432491540908813,1.143379807472229,1.1431183815002441,1.1432491540908813,0
2025-04-23 09:30:00+00:00,1.1442956924438477,1.1442956924438477,1.1435105800628662,1.1435105800628662,0
2025-04-23 09:35:00+00:00,1.1436413526535034,1.1440337896347046,1.1436413526535034,1.1440337896347046,0
2025-04-23 09:40:00+00:00,1.1435105800628662,1.1436413526535034,1.1435105800628662,1.1436413526535034,0
2025-04-23 09:45:00+00:00,1.142987847328186,1.1431183815002441,1.1428571939468384,1.1431183815002441,0
2025-04-23 09:50:00+00:00,1.1427265405654907,1.142987847328186,1.1427265405654907,1.142987847328186,0
2025-04-23 09:55:00+00:00,1.1423349380493164,1.1425960063934326,1.1423349380493164,1.1424654722213745,0
2025-04-23 10:00:00+00:00,1.1419435739517212,1.1420739889144897,1.1419435739517212,1.1419435739517212,0
2025-04-23 10:05:00+00:00,1.141422152519226,1.1418131589889526,1.141422152519226,1.1418131589889526,0
2025-04-23 10:10:00+00:00,1.1410315036773682,1.141422152519226,1.1409013271331787,1.141422152519226,0
2025-04-23 10:15:00+00:00,1.1411616802215576,1.1411616802215576,1.1409013271331787,1.1409013271331787,0
2025-04-23 10:20:00+00:00,1.1405109167099,1.1410315036773682,1.1405109167099,1.1410315036773682,0
2025-04-23 10:25:00+00:00,1.1401208639144897,1.1402509212493896,1.1398608684539795,1.1402509212493896,0
2025-04-23 10:30:00+00:00,1.1401208639144897,1.140380859375,1.1394712924957275,1.140380859375,0
2025-04-23 10:35:00+00:00,1.1406410932540894,1.1406410932540894,1.1402509212493896,1.1402509212493896,0
2025-04-23 10:40:00+00:00,1.1409013271331787,1.1409013271331787,1.1407711505889893,1.1407711505889893,0
2025-04-23 10:45:00+00:00,1.1407711505889893,1.1407711505889893,1.1405109167099,1.1407711505889893,0
2025-04-23 10:50:00+00:00,1.1405109167099,1.1407711505889893,1.1405109167099,1.1407711505889893,0
2025-04-23 10:55:00+00:00,1.140380859375,1.1406410932540894,1.1402509212493896,1.1406410932540894,0
2025-04-23 11:00:00+00:00,1.140380859375,1.1407711505889893,1.140380859375,1.1407711505889893,0
2025-04-23 11:05:00+00:00,1.139211654663086,1.1402509212493896,1.139211654663086,1.1401208639144897,0
2025-04-23 11:10:00+00:00,1.140380859375,1.140380859375,1.1390818357467651,1.1390818357467651,0
2025-04-23 11:15:00+00:00,1.1405109167099,1.1405109167099,1.1401208639144897,1.1401208639144897,0
2025-04-23 11:20:00+00:00,1.1401208639144897,1.1406410932540894,1.1401208639144897,1.1406410932540894,0
2025-04-23 11:25:00+00:00,1.1397310495376587,1.1398608684539795,1.139211654663086,1.1398608684539795,0
2025-04-23 11:30:00+00:00,1.1406410932540894,1.1407711505889893,1.1402509212493896,1.1402509212493896,0
2025-04-23 11:35:00+00:00,1.1411616802215576,1.141291856765747,1.1411616802215576,1.1411616802215576,0
2025-04-23 11:40:00+00:00,1.1418131589889526,1.1418131589889526,1.1411616802215576,1.141291856765747,0
2025-04-23 11:45:00+00:00,1.1419435739517212,1.1419435739517212,1.141291856765747,1.141422152519226,0
2025-04-23 11:50:00+00:00,1.1411616802215576,1.1416828632354736,1.1411616802215576,1.1416828632354736,0
2025-04-23 11:55:00+00:00,1.141291856765747,1.141291856765747,1.1411616802215576,1.1411616802215576,0
2025-04-23 12:00:00+00:00,1.1418131589889526,1.1422044038772583,1.1418131589889526,1.1418131589889526,0
2025-04-23 12:05:00+00:00,1.1418131589889526,1.1419435739517212,1.1416828632354736,1.1419435739517212,0
2025-04-23 12:10:00+00:00,1.1411616802215576,1.1418131589889526,1.1411616802215576,1.1418131589889526,0
2025-04-23 12:15:00+00:00,1.1407711505889893,1.1415525674819946,1.1407711505889893,1.1415525674819946,0
2025-04-23 12:20:00+00:00,1.1409013271331787,1.1409013271331787,1.1407711505889893,1.1409013271331787,0
2025-04-23 12:25:00+00:00,1.1409013271331787,1.1410315036773682,1.1407711505889893,1.1407711505889893,0
2025-04-23 12:30:00+00:00,1.1409013271331787,1.141291856765747,1.1406410932540894,1.1411616802215576,0
2025-04-23 12:35:00+00:00,1.141291856765747,1.141291856765747,1.1406410932540894,1.1406410932540894,0
2025-04-23 12:40:00+00:00,1.1410315036773682,1.141422152519226,1.1410315036773682,1.141291856765747,0
2025-04-23 12:45:00+00:00,1.1415525674819946,1.1416828632354736,1.141291856765747,1.141291856765747,0
2025-04-23 12:50:00+00:00,1.1411616802215576,1.141422152519226,1.1407711505889893,1.141422152519226,0
2025-04-23 12:55:00+00:00,1.1409013271331787,1.1410315036773682,1.1407711505889893,1.1409013271331787,0
2025-04-23 13:00:00+00:00,1.1409013271331787,1.1410315036773682,1.1407711505889893,1.1410315036773682,0
2025-04-23 13:05:00+00:00,1.141291856765747,1.141422152519226,1.1410315036773682,1.1411616802215576,0
2025-04-23 13:10:00+00:00,1.1410315036773682,1.141291856765747,1.1410315036773682,1.1411616802215576,0
2025-04-23 13:15:00+00:00,1.1410315036773682,1.1410315036773682,1.1407711505889893,1.1407711505889893,0
2025-04-23 13:20:00+00:00,1.1409013271331787,1.141291856765747,1.1409013271331787,1.141291856765747,0
2025-04-23 13:25:00+00:00,1.1402509212493896,1.1409013271331787,1.1402509212493896,1.1409013271331787,0
2025-04-23 13:30:00+00:00,1.140380859375,1.1409013271331787,1.1402509212493896,1.1402509212493896,0
2025-04-23 13:35:00+00:00,1.1384334564208984,1.140380859375,1.1384334564208984,1.140380859375,0
2025-04-23 13:40:00+00:00,1.1399909257888794,1.1399909257888794,1.1386927366256714,1.1386927366256714,0
2025-04-23 13:45:00+00:00,1.1386927366256714,1.1393414735794067,1.1386927366256714,1.1393414735794067,0
2025-04-23 13:50:00+00:00,1.1367511749267578,1.1367511749267578,1.135589361190796,1.1359764337539673,0
2025-04-23 13:55:00+00:00,1.134429931640625,1.1370097398757935,1.134429931640625,1.1370097398757935,0
2025-04-23 14:00:00+00:00,1.1348161697387695,1.1352026462554932,1.133529782295227,1.133529782295227,0
2025-04-23 14:05:00+00:00,1.1353315114974976,1.1357183456420898,1.1353315114974976,1.1353315114974976,0
2025-04-23 14:10:00+00:00,1.1371389627456665,1.1371389627456665,1.135589361190796,1.135589361190796,0
2025-04-23 14:15:00+00:00,1.1373976469039917,1.1376564502716064,1.1366219520568848,1.1376564502716064,0
2025-04-23 14:20:00+00:00,1.1363636255264282,1.1367511749267578,1.1362345218658447,1.1367511749267578,0
2025-04-23 14:25:00+00:00,1.1359764337539673,1.1366219520568848,1.1353315114974976,1.1366219520568848,0
2025-04-23 14:30:00+00:00,1.1362345218658447,1.1363636255264282,1.1358473300933838,1.1363636255264282,0
2025-04-23 14:35:00+00:00,1.1366219520568848,1.1366219520568848,1.1358473300933838,1.1362345218658447,0
2025-04-23 14:40:00+00:00,1.1359764337539673,1.1363636255264282,1.1358473300933838,1.1358473300933838,0
2025-04-23 14:45:00+00:00,1.1376564502716064,1.1376564502716064,1.1364928483963013,1.1364928483963013,0
2025-04-23 14:50:00+00:00,1.1358473300933838,1.1377859115600586,1.1358473300933838,1.1377859115600586,0
2025-04-23 14:55:00+00:00,1.1353315114974976,1.1358473300933838,1.1352026462554932,1.1358473300933838,0
2025-04-23 15:00:00+00:00,1.1354604959487915,1.1361054182052612,1.1352026462554932,1.1361054182052612,0
2025-04-23 15:05:00+00:00,1.1361054182052612,1.1361054182052612,1.1359764337539673,1.1359764337539673,0
2025-04-23 15:10:00+00:00,1.1357183456420898,1.1362345218658447,1.1357183456420898,1.1362345218658447,0
2025-04-23 15:15:00+00:00,1.1357183456420898,1.1357183456420898,1.1353315114974976,1.135589361190796,0
2025-04-23 15:20:00+00:00,1.1370097398757935,1.137268304824829,1.1350737810134888,1.1353315114974976,0
2025-04-23 15:25:00+00:00,1.1381744146347046,1.1384334564208984,1.1370097398757935,1.1370097398757935,0
2025-04-23 15:30:00+00:00,1.1370097398757935,1.138044834136963,1.1370097398757935,1.138044834136963,0
2025-04-23 15:35:00+00:00,1.1375269889831543,1.1376564502716064,1.1371389627456665,1.1371389627456665,0
2025-04-23 15:40:00+00:00,1.1373976469039917,1.1373976469039917,1.1371389627456665,1.137268304824829,0
2025-04-23 15:45:00+00:00,1.1368803977966309,1.137268304824829,1.1368803977966309,1.137268304824829,0
2025-04-23 15:50:00+00:00,1.1367511749267578,1.1367511749267578,1.1364928483963013,1.1367511749267578,0
2025-04-23 15:55:00+00:00,1.1353315114974976,1.1361054182052612,1.1350737810134888,1.1361054182052612,0
2025-04-23 16:00:00+00:00,1.1353315114974976,1.1357183456420898,1.1350737810134888,1.1353315114974976,0
2025-04-23 16:05:00+00:00,1.1359764337539673,1.1359764337539673,1.135589361190796,1.1357183456420898,0
2025-04-23 16:10:00+00:00,1.1359764337539673,1.1361054182052612,1.1352026462554932,1.1353315114974976,0
2025-04-23 16:15:00+00:00,1.135589361190796,1.1367511749267578,1.135589361190796,1.1364928483963013,0
2025-04-23 16:20:00+00:00,1.1354604959487915,1.1358473300933838,1.1353315114974976,1.135589361190796,0
2025-04-23 16:25:00+00:00,1.1353315114974976,1.135589361190796,1.1353315114974976,1.135589361190796,0
2025-04-23 16:30:00+00:00,1.135589361190796,1.135589361190796,1.1353315114974976,1.1353315114974976,0
2025-04-23 16:35:00+00:00,1.1350737810134888,1.135589361190796,1.1350737810134888,1.1353315114974976,0
2025-04-23 16:40:00+00:00,1.1354604959487915,1.135589361190796,1.1350737810134888,1.1350737810134888,0
2025-04-23 16:45:00+00:00,1.1353315114974976,1.1353315114974976,1.1352026462554932,1.1352026462554932,0
2025-04-23 16:50:00+00:00,1.1346874237060547,1.1352026462554932,1.1346874237060547,1.1352026462554932,0
2025-04-23 16:55:00+00:00,1.1340440511703491,1.1345586776733398,1.1340440511703491,1.1345586776733398,0
2025-04-23 17:00:00+00:00,1.1345586776733398,1.1345586776733398,1.1341726779937744,1.1345586776733398,0
2025-04-23 17:05:00+00:00,1.1339154243469238,1.1340440511703491,1.1339154243469238,1.1340440511703491,0
2025-04-23 17:10:00+00:00,1.133529782295227,1.1340440511703491,1.133529782295227,1.1339154243469238,0
2025-04-23 17:15:00+00:00,1.133529782295227,1.133529782295227,1.133144497871399,1.1334012746810913,0
2025-04-23 17:20:00+00:00,1.1334012746810913,1.1336582899093628,1.1330161094665527,1.1336582899093628,0
2025-04-23 17:25:00+00:00,1.1334012746810913,1.1334012746810913,1.133144497871399,1.133144497871399,0
2025-04-23 17:30:00+00:00,1.133529782295227,1.133529782295227,1.133529782295227,1.133529782295227,0
2025-04-23 17:35:00+00:00,1.1341726779937744,1.1343011856079102,1.1341726779937744,1.1341726779937744,0
2025-04-23 17:40:00+00:00,1.133529782295227,1.1341726779937744,1.133529782295227,1.1341726779937744,0
2025-04-23 17:45:00+00:00,1.1334012746810913,1.1336582899093628,1.1334012746810913,1.1334012746810913,0
2025-04-23 17:50:00+00:00,1.1334012746810913,1.1337867975234985,1.1334012746810913,1.1337867975234985,0
2025-04-23 17:55:00+00:00,1.1332728862762451,1.1336582899093628,1.1328877210617065,1.1336582899093628,0
2025-04-23 18:00:00+00:00,1.1330161094665527,1.133144497871399,1.1328877210617065,1.133144497871399,0
2025-04-23 18:05:00+00:00,1.1326310634613037,1.13275945186615,1.1326310634613037,1.13275945186615,0
2025-04-23 18:10:00+00:00,1.133144497871399,1.133144497871399,1.1326310634613037,1.13275945186615,0
2025-04-23 18:15:00+00:00,1.1328877210617065,1.1332728862762451,1.1328877210617065,1.133144497871399,0
2025-04-23 18:20:00+00:00,1.1326310634613037,1.1330161094665527,1.1326310634613037,1.1328877210617065,0
2025-04-23 18:25:00+00:00,1.1322463750839233,1.13237464427948,1.1322463750839233,1.13237464427948,0
2025-04-23 18:30:00+00:00,1.1321182250976562,1.13237464427948,1.131861925125122,1.1321182250976562,0
2025-04-23 18:35:00+00:00,1.13237464427948,1.132502794265747,1.1321182250976562,1.1321182250976562,0
2025-04-23 18:40:00+00:00,1.1321182250976562,1.132502794265747,1.1319899559020996,1.132502794265747,0
2025-04-23 18:45:00+00:00,1.1326310634613037,1.1326310634613037,1.1321182250976562,1.1321182250976562,0
2025-04-23 18:50:00+00:00,1.1326310634613037,1.1328877210617065,1.1326310634613037,1.1326310634613037,0
2025-04-23 18:55:00+00:00,1.1326310634613037,1.1326310634613037,1.13237464427948,1.13237464427948,0
2025-04-23 19:00:00+00:00,1.13237464427948,1.1326310634613037,1.13237464427948,1.132502794265747,0
2025-04-23 19:05:00+00:00,1.13275945186615,1.13275945186615,1.1322463750839233,1.1322463750839233,0
2025-04-23 19:10:00+00:00,1.13275945186615,1.1332728862762451,1.13275945186615,1.133144497871399,0
2025-04-23 19:15:00+00:00,1.1330161094665527,1.1330161094665527,1.13275945186615,1.1330161094665527,0
2025-04-23 19:20:00+00:00,1.133144497871399,1.1332728862762451,1.1330161094665527,1.1330161094665527,0
2025-04-23 19:25:00+00:00,1.1334012746810913,1.1334012746810913,1.133144497871399,1.1332728862762451,0
2025-04-23 19:30:00+00:00,1.13275945186615,1.1334012746810913,1.13275945186615,1.1334012746810913,0
2025-04-23 19:35:00+00:00,1.13237464427948,1.13275945186615,1.13237464427948,1.13275945186615,0
2025-04-23 19:40:00+00:00,1.13275945186615,1.13275945186615,1.132502794265747,1.132502794265747,0
2025-04-23 19:45:00+00:00,1.1326310634613037,1.1330161094665527,1.1326310634613037,1.1330161094665527,0
2025-04-23 19:50:00+00:00,1.13275945186615,1.13275945186615,1.1326310634613037,1.1326310634613037,0
2025-04-23 19:55:00+00:00,1.1330161094665527,1.1330161094665527,1.13275945186615,1.13275945186615,0
2025-04-23 20:00:00+00:00,1.13275945186615,1.1328877210617065,1.1326310634613037,1.13275945186615,0
2025-04-23 20:05:00+00:00,1.1326310634613037,1.1326310634613037,1.132502794265747,1.1326310634613037,0
2025-04-23 20:10:00+00:00,1.1326310634613037,1.1326310634613037,1.1326310634613037,1.1326310634613037,0
2025-04-23 20:15:00+00:00,1.13237464427948,1.1326310634613037,1.13237464427948,1.1326310634613037,0
2025-04-23 20:20:00+00:00,1.1314777135849,1.1322463750839233,1.1314777135849,1.1322463750839233,0
2025-04-23 20:25:00+00:00,1.1316057443618774,1.131733775138855,1.1316057443618774,1.1316057443618774,0
2025-04-23 20:30:00+00:00,1.1314777135849,1.131861925125122,1.1314777135849,1.1316057443618774,0
2025-04-23 20:35:00+00:00,1.131861925125122,1.131861925125122,1.1314777135849,1.1314777135849,0
2025-04-23 20:40:00+00:00,1.131733775138855,1.131861925125122,1.131733775138855,1.131861925125122,0
2025-04-23 20:45:00+00:00,1.1314777135849,1.1316057443618774,1.1314777135849,1.1316057443618774,0
2025-04-23 20:50:00+00:00,1.1316057443618774,1.1316057443618774,1.1316057443618774,1.1316057443618774,0
2025-04-23 20:55:00+00:00,1.131861925125122,1.131861925125122,1.131733775138855,1.131733775138855,0
2025-04-23 21:00:00+00:00,1.132502794265747,1.132502794265747,1.1310937404632568,1.1310937404632568,0
2025-04-23 21:05:00+00:00,1.1326310634613037,1.1326310634613037,1.13237464427948,1.13237464427948,0
2025-04-23 21:10:00+00:00,1.13237464427948,1.1326310634613037,1.13237464427948,1.1326310634613037,0
2025-04-23 21:15:00+00:00,1.1321182250976562,1.132502794265747,1.131861925125122,1.132502794265747,0
2025-04-23 21:20:00+00:00,1.1321182250976562,1.1321182250976562,1.131861925125122,1.131861925125122,0
2025-04-23 21:25:00+00:00,1.1319899559020996,1.1321182250976562,1.131861925125122,1.1321182250976562,0
2025-04-23 21:30:00+00:00,1.1319899559020996,1.13237464427948,1.1319899559020996,1.1322463750839233,0
2025-04-23 21:35:00+00:00,1.1322463750839233,1.13237464427948,1.131861925125122,1.1322463750839233,0
2025-04-23 21:40:00+00:00,1.1319899559020996,1.1322463750839233,1.1319899559020996,1.1322463750839233,0
2025-04-23 21:45:00+00:00,1.13237464427948,1.13237464427948,1.1321182250976562,1.1321182250976562,0
2025-04-23 21:50:00+00:00,1.1322463750839233,1.132502794265747,1.1322463750839233,1.132502794265747,0
2025-04-23 21:55:00+00:00,1.1326310634613037,1.1326310634613037,1.13237464427948,1.13237464427948,0
2025-04-23 22:00:00+00:00,1.1330161094665527,1.133144497871399,1.1328877210617065,1.1328877210617065,0
2025-04-23 22:05:00+00:00,1.1346874237060547,1.1346874237060547,1.133144497871399,1.133144497871399,0
2025-04-23 22:10:00+00:00,1.1341726779937744,1.134429931640625,1.1341726779937744,1.134429931640625,0
2025-04-23 22:15:00+00:00,1.1346874237060547,1.1346874237060547,1.1339154243469238,1.1339154243469238,0
2025-04-23 22:20:00+00:00,1.1348161697387695,1.1348161697387695,1.1345586776733398,1.1346874237060547,0
2025-04-23 22:25:00+00:00,1.1343011856079102,1.1346874237060547,1.1343011856079102,1.1346874237060547,0
2025-04-23 22:30:00+00:00,1.1341726779937744,1.1343011856079102,1.1340440511703491,1.1340440511703491,0
2025-04-23 22:35:00+00:00,1.1345586776733398,1.1345586776733398,1.1337867975234985,1.1340440511703491,0
2025-04-23 22:40:00+00:00,1.1343011856079102,1.134429931640625,1.1340440511703491,1.1340440511703491,0
2025-04-23 22:45:00+00:00,1.1337867975234985,1.1341726779937744,1.1337867975234985,1.1341726779937744,0
2025-04-23 22:50:00+00:00,1.1337867975234985,1.1341726779937744,1.1337867975234985,1.1339154243469238,0
2025-04-23 22:55:00+00:00,1.1336582899093628,1.1337867975234985,1.1336582899093628,1.1337867975234985,0
2025-04-23 23:00:00+00:00,1.1339154243469238,1.1339154243469238,1.1336582899093628,1.1336582899093628,0
2025-04-23 23:05:00+00:00,1.1337867975234985,1.1339154243469238,1.133529782295227,1.1339154243469238,0
2025-04-23 23:10:00+00:00,1.1336582899093628,1.1341726779937744,1.1336582899093628,1.1337867975234985,0
2025-04-23 23:15:00+00:00,1.1336582899093628,1.1336582899093628,1.1334012746810913,1.1336582899093628,0
2025-04-23 23:20:00+00:00,1.1336582899093628,1.1337867975234985,1.133529782295227,1.1336582899093628,0
2025-04-23 23:25:00+00:00,1.1332728862762451,1.1334012746810913,1.1332728862762451,1.1334012746810913,0
2025-04-23 23:30:00+00:00,1.1332728862762451,1.133529782295227,1.1332728862762451,1.133529782295227,0
2025-04-23 23:35:00+00:00,1.1334012746810913,1.133529782295227,1.1332728862762451,1.1334012746810913,0
2025-04-23 23:40:00+00:00,1.1336582899093628,1.1336582899093628,1.1332728862762451,1.133529782295227,0
2025-04-23 23:45:00+00:00,1.1337867975234985,1.1337867975234985,1.1336582899093628,1.1337867975234985,0
2025-04-23 23:50:00+00:00,1.133529782295227,1.1336582899093628,1.133529782295227,1.1336582899093628,0
2025-04-23 23:55:00+00:00,1.1332728862762451,1.1334012746810913,1.133144497871399,1.1334012746810913,0
2025-04-24 00:00:00+00:00,1.13275945186615,1.1328877210617065,1.13275945186615,1.1328877210617065,0
2025-04-24 00:05:00+00:00,1.1328877210617065,1.1328877210617065,1.132502794265747,1.13275945186615,0
2025-04-24 00:10:00+00:00,1.133144497871399,1.133144497871399,1.1326310634613037,1.1328877210617065,0
2025-04-24 00:15:00+00:00,1.1332728862762451,1.1332728862762451,1.13275945186615,1.13275945186615,0
2025-04-24 00:20:00+00:00,1.1339154243469238,1.1339154243469238,1.133529782295227,1.133529782295227,0
2025-04-24 00:25:00+00:00,1.1343011856079102,1.1343011856079102,1.1339154243469238,1.1339154243469238,0
2025-04-24 00:30:00+00:00,1.1339154243469238,1.1343011856079102,1.1339154243469238,1.1343011856079102,0
2025-04-24 00:35:00+00:00,1.1337867975234985,1.1337867975234985,1.1336582899093628,1.1337867975234985,0
2025-04-24 00:40:00+00:00,1.133529782295227,1.1336582899093628,1.1334012746810913,1.1336582899093628,0
2025-04-24 00:45:00+00:00,1.1337867975234985,1.1337867975234985,1.1334012746810913,1.1334012746810913,0
2025-04-24 00:50:00+00:00,1.1341726779937744,1.1341726779937744,1.1337867975234985,1.1339154243469238,0
2025-04-24 00:55:00+00:00,1.1348161697387695,1.1348161697387695,1.1345586776733398,1.1345586776733398,0
2025-04-24 01:00:00+00:00,1.1348161697387695,1.1352026462554932,1.1346874237060547,1.1352026462554932,0
2025-04-24 01:05:00+00:00,1.134429931640625,1.1348161697387695,1.134429931640625,1.1348161697387695,0
2025-04-24 01:10:00+00:00,1.1348161697387695,1.1348161697387695,1.134429931640625,1.1345586776733398,0
2025-04-24 01:15:00+00:00,1.1350737810134888,1.1353315114974976,1.1346874237060547,1.1348161697387695,0
2025-04-24 01:20:00+00:00,1.135589361190796,1.1358473300933838,1.1353315114974976,1.1353315114974976,0
2025-04-24 01:25:00+00:00,1.1358473300933838,1.1358473300933838,1.135589361190796,1.135589361190796,0
2025-04-24 01:30:00+00:00,1.1352026462554932,1.1359764337539673,1.1352026462554932,1.1358473300933838,0
2025-04-24 01:35:00+00:00,1.1353315114974976,1.1353315114974976,1.1350737810134888,1.1350737810134888,0
2025-04-24 01:40:00+00:00,1.1357183456420898,1.1357183456420898,1.1353315114974976,1.135589361190796,0
2025-04-24 01:45:00+00:00,1.1358473300933838,1.1359764337539673,1.1357183456420898,1.1357183456420898,0
2025-04-24 01:50:00+00:00,1.1354604959487915,1.1358473300933838,1.1354604959487915,1.1357183456420898,0
2025-04-24 01:55:00+00:00,1.1354604959487915,1.135589361190796,1.1354604959487915,1.135589361190796,0
2025-04-24 02:00:00+00:00,1.1353315114974976,1.1353315114974976,1.1350737810134888,1.1352026462554932,0
2025-04-24 02:05:00+00:00,1.135589361190796,1.135589361190796,1.1353315114974976,1.135589361190796,0
2025-04-24 02:10:00+00:00,1.1357183456420898,1.1357183456420898,1.1353315114974976,1.135589361190796,0
2025-04-24 02:15:00+00:00,1.1353315114974976,1.1357183456420898,1.1353315114974976,1.1357183456420898,0
2025-04-24 02:20:00+00:00,1.1350737810134888,1.1353315114974976,1.1350737810134888,1.1353315114974976,0
2025-04-24 02:25:00+00:00,1.135589361190796,1.1357183456420898,1.1352026462554932,1.1352026462554932,0
2025-04-24 02:30:00+00:00,1.135589361190796,1.135589361190796,1.1354604959487915,1.135589361190796,0
2025-04-24 02:35:00+00:00,1.1354604959487915,1.1357183456420898,1.1354604959487915,1.1357183456420898,0
2025-04-24 02:40:00+00:00,1.1354604959487915,1.1354604959487915,1.1352026462554932,1.1353315114974976,0
2025-04-24 02:45:00+00:00,1.1353315114974976,1.135589361190796,1.1353315114974976,1.135589361190796,0
2025-04-24 02:50:00+00:00,1.1353315114974976,1.1353315114974976,1.1353315114974976,1.1353315114974976,0
2025-04-24 02:55:00+00:00,1.1359764337539673,1.1359764337539673,1.1354604959487915,1.1354604959487915,0
2025-04-24 03:00:00+00:00,1.1357183456420898,1.1358473300933838,1.1357183456420898,1.1357183456420898,0
2025-04-24 03:05:00+00:00,1.1352026462554932,1.1357183456420898,1.1350737810134888,1.1357183456420898,0
2025-04-24 03:10:00+00:00,1.1348161697387695,1.1350737810134888,1.1346874237060547,1.1350737810134888,0
2025-04-24 03:15:00+00:00,1.1345586776733398,1.1349449157714844,1.1345586776733398,1.1349449157714844,0
2025-04-24 03:20:00+00:00,1.1346874237060547,1.1348161697387695,1.1345586776733398,1.1345586776733398,0
2025-04-24 03:25:00+00:00,1.1348161697387695,1.1348161697387695,1.1346874237060547,1.1346874237060547,0
2025-04-24 03:30:00+00:00,1.1345586776733398,1.1348161697387695,1.1345586776733398,1.1348161697387695,0
2025-04-24 03:35:00+00:00,1.1346874237060547,1.1346874237060547,1.1345586776733398,1.1345586776733398,0
2025-04-24 03:40:00+00:00,1.1343011856079102,1.1349449157714844,1.1343011856079102,1.1346874237060547,0
2025-04-24 03:45:00+00:00,1.1341726779937744,1.1343011856079102,1.1340440511703491,1.1341726779937744,0
2025-04-24 03:50:00+00:00,1.134429931640625,1.134429931640625,1.1340440511703491,1.1340440511703491,0
2025-04-24 03:55:00+00:00,1.1343011856079102,1.1345586776733398,1.1343011856079102,1.1345586776733398,0
2025-04-24 04:00:00+00:00,1.1339154243469238,1.1343011856079102,1.1336582899093628,1.1341726779937744,0
2025-04-24 04:05:00+00:00,1.1341726779937744,1.1341726779937744,1.1339154243469238,1.1339154243469238,0
2025-04-24 04:10:00+00:00,1.1343011856079102,1.134429931640625,1.1341726779937744,1.1343011856079102,0
2025-04-24 04:15:00+00:00,1.1343011856079102,1.134429931640625,1.1343011856079102,1.1343011856079102,0
2025-04-24 04:20:00+00:00,1.1340440511703491,1.1343011856079102,1.1340440511703491,1.1343011856079102,0
2025-04-24 04:25:00+00:00,1.1340440511703491,1.1341726779937744,1.1340440511703491,1.1341726779937744,0
2025-04-24 04:30:00+00:00,1.1341726779937744,1.1343011856079102,1.1341726779937744,1.1343011856079102,0
2025-04-24 04:35:00+00:00,1.1337867975234985,1.1341726779937744,1.1337867975234985,1.1340440511703491,0
2025-04-24 04:40:00+00:00,1.1337867975234985,1.1337867975234985,1.133529782295227,1.1337867975234985,0
2025-04-24 04:45:00+00:00,1.1339154243469238,1.1339154243469238,1.1337867975234985,1.1337867975234985,0
2025-04-24 04:50:00+00:00,1.1337867975234985,1.1339154243469238,1.1337867975234985,1.1339154243469238,0
2025-04-24 04:55:00+00:00,1.1343011856079102,1.1343011856079102,1.1341726779937744,1.1343011856079102,0
2025-04-24 05:00:00+00:00,1.1339154243469238,1.1343011856079102,1.1339154243469238,1.1343011856079102,0
2025-04-24 05:05:00+00:00,1.1337867975234985,1.1341726779937744,1.1337867975234985,1.1340440511703491,0
2025-04-24 05:10:00+00:00,1.1337867975234985,1.1339154243469238,1.1337867975234985,1.1339154243469238,0
2025-04-24 05:15:00+00:00,1.1340440511703491,1.1340440511703491,1.1337867975234985,1.1339154243469238,0
2025-04-24 05:20:00+00:00,1.1343011856079102,1.134429931640625,1.1343011856079102,1.134429931640625,0
2025-04-24 05:25:00+00:00,1.1346874237060547,1.1346874237060547,1.1341726779937744,1.1341726779937744,0
2025-04-24 05:30:00+00:00,1.1346874237060547,1.1346874237060547,1.134429931640625,1.134429931640625,0
2025-04-24 05:35:00+00:00,1.1345586776733398,1.1348161697387695,1.1345586776733398,1.1345586776733398,0
2025-04-24 05:40:00+00:00,1.1337867975234985,1.1341726779937744,1.1336582899093628,1.1341726779937744,0
2025-04-24 05:45:00+00:00,1.1343011856079102,1.1343011856079102,1.1337867975234985,1.1337867975234985,0
2025-04-24 05:50:00+00:00,1.1340440511703491,1.1343011856079102,1.1340440511703491,1.1341726779937744,0
2025-04-24 05:55:00+00:00,1.1339154243469238,1.1341726779937744,1.1337867975234985,1.1337867975234985,0
2025-04-24 06:00:00+00:00,1.1345586776733398,1.1345586776733398,1.1340440511703491,1.1340440511703491,0
2025-04-24 06:05:00+00:00,1.1350737810134888,1.1350737810134888,1.134429931640625,1.1346874237060547,0
2025-04-24 06:10:00+00:00,1.1353315114974976,1.1353315114974976,1.1350737810134888,1.1350737810134888,0
2025-04-24 06:15:00+00:00,1.1354604959487915,1.1354604959487915,1.1350737810134888,1.1350737810134888,0
2025-04-24 06:20:00+00:00,1.1352026462554932,1.1354604959487915,1.1350737810134888,1.1354604959487915,0
2025-04-24 06:25:00+00:00,1.1353315114974976,1.1354604959487915,1.1353315114974976,1.1354604959487915,0
2025-04-24 06:30:00+00:00,1.1350737810134888,1.1353315114974976,1.1350737810134888,1.1353315114974976,0
2025-04-24 06:35:00+00:00,1.1352026462554932,1.1357183456420898,1.1352026462554932,1.1352026462554932,0
2025-04-24 06:40:00+00:00,1.1352026462554932,1.1354604959487915,1.1352026462554932,1.1352026462554932,0
2025-04-24 06:45:00+00:00,1.1352026462554932,1.1354604959487915,1.1350737810134888,1.1354604959487915,0
2025-04-24 06:50:00+00:00,1.135589361190796,1.135589361190796,1.1353315114974976,1.1353315114974976,0
2025-04-24 06:55:00+00:00,1.1357183456420898,1.1357183456420898,1.1354604959487915,1.135589361190796,0
2025-04-24 07:00:00+00:00,1.1361054182052612,1.1361054182052612,1.1358473300933838,1.1358473300933838,0
2025-04-24 07:05:00+00:00,1.1362345218658447,1.1362345218658447,1.1361054182052612,1.1362345218658447,0
2025-04-24 07:10:00+00:00,1.1367511749267578,1.1367511749267578,1.1359764337539673,1.1361054182052612,0
2025-04-24 07:15:00+00:00,1.1367511749267578,1.1367511749267578,1.1367511749267578,1.1367511749267578,0
2025-04-24 07:20:00+00:00,1.137268304824829,1.137268304824829,1.1370097398757935,1.137268304824829,0
2025-04-24 07:25:00+00:00,1.1376564502716064,1.1376564502716064,1.1371389627456665,1.137268304824829,0
2025-04-24 07:30:00+00:00,1.138044834136963,1.138044834136963,1.1376564502716064,1.1376564502716064,0
2025-04-24 07:35:00+00:00,1.1375269889831543,1.138044834136963,1.1375269889831543,1.1379153728485107,0
2025-04-24 07:40:00+00:00,1.1376564502716064,1.1376564502716064,1.1373976469039917,1.1376564502716064,0
2025-04-24 07:45:00+00:00,1.1379153728485107,1.1379153728485107,1.1375269889831543,1.1375269889831543,0
2025-04-24 07:50:00+00:00,1.138044834136963,1.138044834136963,1.1377859115600586,1.1377859115600586,0
2025-04-24 07:55:00+00:00,1.1383039951324463,1.1383039951324463,1.138044834136963,1.1381744146347046,0
2025-04-24 08:00:00+00:00,1.1388224363327026,1.1390818357467651,1.1386927366256714,1.1386927366256714,0
2025-04-24 08:05:00+00:00,1.1390818357467651,1.1394712924957275,1.1390818357467651,1.1393414735794067,0
2025-04-24 08:10:00+00:00,1.1386927366256714,1.1393414735794067,1.1386927366256714,1.1393414735794067,0
2025-04-24 08:15:00+00:00,1.1385631561279297,1.1386927366256714,1.1385631561279297,1.1386927366256714,0
2025-04-24 08:20:00+00:00,1.1379153728485107,1.1384334564208984,1.1379153728485107,1.1384334564208984,0
2025-04-24 08:25:00+00:00,1.138044834136963,1.138044834136963,1.1379153728485107,1.1379153728485107,0
2025-04-24 08:30:00+00:00,1.1384334564208984,1.1384334564208984,1.138044834136963,1.1381744146347046,0
2025-04-24 08:35:00+00:00,1.1375269889831543,1.1386927366256714,1.1375269889831543,1.1384334564208984,0
2025-04-24 08:40:00+00:00,1.1379153728485107,1.138044834136963,1.1373976469039917,1.1373976469039917,0
2025-04-24 08:45:00+00:00,1.1379153728485107,1.1379153728485107,1.1375269889831543,1.1376564502716064,0
2025-04-24 08:50:00+00:00,1.1381744146347046,1.1384334564208984,1.1379153728485107,1.1379153728485107,0
2025-04-24 08:55:00+00:00,1.1385631561279297,1.1385631561279297,1.1381744146347046,1.1383039951324463,0
2025-04-24 09:00:00+00:00,1.1386927366256714,1.1386927366256714,1.1383039951324463,1.1383039951324463,0
2025-04-24 09:05:00+00:00,1.139211654663086,1.139211654663086,1.1386927366256714,1.1386927366256714,0
2025-04-24 09:10:00+00:00,1.1389521360397339,1.1390818357467651,1.1385631561279297,1.1390818357467651,0
2025-04-24 09:15:00+00:00,1.1389521360397339,1.1389521360397339,1.1384334564208984,1.1385631561279297,0
2025-04-24 09:20:00+00:00,1.1388224363327026,1.139211654663086,1.1386927366256714,1.1386927366256714,0
2025-04-24 09:25:00+00:00,1.1388224363327026,1.1388224363327026,1.1388224363327026,1.1388224363327026,0
2025-04-24 09:30:00+00:00,1.138044834136963,1.1386927366256714,1.138044834136963,1.1386927366256714,0
2025-04-24 09:35:00+00:00,1.1379153728485107,1.138044834136963,1.1379153728485107,1.138044834136963,0
2025-04-24 09:40:00+00:00,1.1381744146347046,1.1383039951324463,1.138044834136963,1.1383039951324463,0
2025-04-24 09:45:00+00:00,1.1379153728485107,1.138044834136963,1.1379153728485107,1.138044834136963,0
2025-04-24 09:50:00+00:00,1.1384334564208984,1.1384334564208984,1.1381744146347046,1.1383039951324463,0
2025-04-24 09:55:00+00:00,1.1388224363327026,1.1388224363327026,1.1385631561279297,1.1385631561279297,0
2025-04-24 10:00:00+00:00,1.1389521360397339,1.1389521360397339,1.1383039951324463,1.1386927366256714,0
2025-04-24 10:05:00+00:00,1.1394712924957275,1.1394712924957275,1.139211654663086,1.139211654663086,0
2025-04-24 10:10:00+00:00,1.1394712924957275,1.1396011114120483,1.1394712924957275,1.1394712924957275,0
2025-04-24 10:15:00+00:00,1.1390818357467651,1.1394712924957275,1.1390818357467651,1.1394712924957275,0
2025-04-24 10:20:00+00:00,1.1390818357467651,1.1393414735794067,1.1389521360397339,1.1389521360397339,0
2025-04-24 10:25:00+00:00,1.1390818357467651,1.1393414735794067,1.1390818357467651,1.139211654663086,0
2025-04-24 10:30:00+00:00,1.1393414735794067,1.1393414735794067,1.1390818357467651,1.1390818357467651,0
2025-04-24 10:35:00+00:00,1.139211654663086,1.1393414735794067,1.139211654663086,1.139211654663086,0
2025-04-24 10:40:00+00:00,1.1386927366256714,1.1389521360397339,1.1385631561279297,1.1389521360397339,0
2025-04-24 10:45:00+00:00,1.139211654663086,1.139211654663086,1.1386927366256714,1.1386927366256714,0
2025-04-24 10:50:00+00:00,1.1388224363327026,1.1390818357467651,1.1386927366256714,1.1390818357467651,0
2025-04-24 10:55:00+00:00,1.1383039951324463,1.1386927366256714,1.1381744146347046,1.1386927366256714,0
2025-04-24 11:00:00+00:00,1.1385631561279297,1.1386927366256714,1.1383039951324463,1.1383039951324463,0
2025-04-24 11:05:00+00:00,1.1386927366256714,1.1386927366256714,1.1383039951324463,1.1383039951324463,0
2025-04-24 11:10:00+00:00,1.1390818357467651,1.1390818357467651,1.1386927366256714,1.1386927366256714,0
2025-04-24 11:15:00+00:00,1.139211654663086,1.139211654663086,1.1390818357467651,1.1390818357467651,0
2025-04-24 11:20:00+00:00,1.1390818357467651,1.1390818357467651,1.1390818357467651,1.1390818357467651,0
2025-04-24 11:25:00+00:00,1.1393414735794067,1.1393414735794067,1.1389521360397339,1.1389521360397339,0
2025-04-24 11:30:00+00:00,1.1389521360397339,1.1390818357467651,1.1388224363327026,1.1390818357467651,0
2025-04-24 11:35:00+00:00,1.1383039951324463,1.1389521360397339,1.1383039951324463,1.1389521360397339,0
2025-04-24 11:40:00+00:00,1.1388224363327026,1.1390818357467651,1.1386927366256714,1.1386927366256714,0
2025-04-24 11:45:00+00:00,1.1386927366256714,1.1386927366256714,1.1383039951324463,1.1384334564208984,0
2025-04-24 11:50:00+00:00,1.1386927366256714,1.1386927366256714,1.1386927366256714,1.1386927366256714,0
2025-04-24 11:55:00+00:00,1.1375269889831543,1.1384334564208984,1.137268304824829,1.1384334564208984,0
2025-04-24 12:00:00+00:00,1.1377859115600586,1.1377859115600586,1.1373976469039917,1.1376564502716064,0
2025-04-24 12:05:00+00:00,1.1379153728485107,1.138044834136963,1.1373976469039917,1.1373976469039917,0
2025-04-24 12:10:00+00:00,1.1376564502716064,1.138044834136963,1.1376564502716064,1.1379153728485107,0
2025-04-24 12:15:00+00:00,1.1370097398757935,1.1371389627456665,1.1368803977966309,1.1371389627456665,0
2025-04-24 12:20:00+00:00,1.1367511749267578,1.1371389627456665,1.1367511749267578,1.1370097398757935,0
2025-04-24 12:25:00+00:00,1.1370097398757935,1.1370097398757935,1.1366219520568848,1.1366219520568848,0
2025-04-24 12:30:00+00:00,1.137268304824829,1.137268304824829,1.1362345218658447,1.1367511749267578,0
2025-04-24 12:35:00+00:00,1.1366219520568848,1.1371389627456665,1.1366219520568848,1.1371389627456665,0
2025-04-24 12:40:00+00:00,1.1370097398757935,1.137268304824829,1.1368803977966309,1.1370097398757935,0
2025-04-24 12:45:00+00:00,1.1377859115600586,1.1379153728485107,1.1371389627456665,1.1371389627456665,0
2025-04-24 12:50:00+00:00,1.1376564502716064,1.1377859115600586,1.137268304824829,1.1377859115600586,0
2025-04-24 12:55:00+00:00,1.138044834136963,1.138044834136963,1.1376564502716064,1.1377859115600586,0
2025-04-24 13:00:00+00:00,1.1385631561279297,1.1385631561279297,1.138044834136963,1.138044834136963,0
2025-04-24 13:05:00+00:00,1.138044834136963,1.1383039951324463,1.138044834136963,1.1383039951324463,0
2025-04-24 13:10:00+00:00,1.138044834136963,1.1381744146347046,1.138044834136963,1.1381744146347046,0
2025-04-24 13:15:00+00:00,1.1376564502716064,1.138044834136963,1.1375269889831543,1.138044834136963,0
2025-04-24 13:20:00+00:00,1.1383039951324463,1.1383039951324463,1.1379153728485107,1.1379153728485107,0
2025-04-24 13:25:00+00:00,1.1376564502716064,1.1381744146347046,1.1376564502716064,1.138044834136963,0
2025-04-24 13:30:00+00:00,1.138044834136963,1.138044834136963,1.1376564502716064,1.138044834136963,0
2025-04-24 13:35:00+00:00,1.1383039951324463,1.1383039951324463,1.138044834136963,1.1381744146347046,0
2025-04-24 13:40:00+00:00,1.137268304824829,1.1377859115600586,1.137268304824829,1.1377859115600586,0
2025-04-24 13:45:00+00:00,1.1367511749267578,1.1376564502716064,1.1367511749267578,1.1376564502716064,0
2025-04-24 13:50:00+00:00,1.1368803977966309,1.1368803977966309,1.1367511749267578,1.1368803977966309,0
2025-04-24 13:55:00+00:00,1.138044834136963,1.138044834136963,1.137268304824829,1.137268304824829,0
2025-04-24 14:00:00+00:00,1.1381744146347046,1.1383039951324463,1.1379153728485107,1.1379153728485107,0
2025-04-24 14:05:00+00:00,1.1379153728485107,1.1379153728485107,1.1376564502716064,1.1379153728485107,0
2025-04-24 14:10:00+00:00,1.1386927366256714,1.1386927366256714,1.1381744146347046,1.1381744146347046,0
2025-04-24 14:15:00+00:00,1.1379153728485107,1.1385631561279297,1.1379153728485107,1.1385631561279297,0
2025-04-24 14:20:00+00:00,1.1388224363327026,1.1388224363327026,1.1381744146347046,1.1381744146347046,0
2025-04-24 14:25:00+00:00,1.1384334564208984,1.1386927366256714,1.1384334564208984,1.1385631561279297,0
2025-04-24 14:30:00+00:00,1.1386927366256714,1.1386927366256714,1.1383039951324463,1.1383039951324463,0
2025-04-24 14:35:00+00:00,1.1383039951324463,1.1384334564208984,1.138044834136963,1.1384334564208984,0
2025-04-24 14:40:00+00:00,1.1385631561279297,1.1388224363327026,1.1384334564208984,1.1388224363327026,0
2025-04-24 14:45:00+00:00,1.138044834136963,1.1389521360397339,1.138044834136963,1.1389521360397339,0
2025-04-24 14:50:00+00:00,1.1370097398757935,1.1376564502716064,1.1368803977966309,1.1376564502716064,0
2025-04-24 14:55:00+00:00,1.1375269889831543,1.1377859115600586,1.1367511749267578,1.1367511749267578,0
2025-04-24 15:00:00+00:00,1.1371389627456665,1.1376564502716064,1.1370097398757935,1.1373976469039917,0
2025-04-24 15:05:00+00:00,1.1368803977966309,1.1370097398757935,1.1367511749267578,1.1368803977966309,0
2025-04-24 15:10:00+00:00,1.137268304824829,1.137268304824829,1.1371389627456665,1.1371389627456665,0
2025-04-24 15:15:00+00:00,1.135589361190796,1.1371389627456665,1.135589361190796,1.1371389627456665,0
2025-04-24 15:20:00+00:00,1.1358473300933838,1.1359764337539673,1.1358473300933838,1.1358473300933838,0
2025-04-24 15:25:00+00:00,1.1362345218658447,1.1363636255264282,1.1359764337539673,1.1359764337539673,0
2025-04-24 15:30:00+00:00,1.1366219520568848,1.1366219520568848,1.1363636255264282,1.1363636255264282,0
2025-04-24 15:35:00+00:00,1.1358473300933838,1.1364928483963013,1.1358473300933838,1.1364928483963013,0
2025-04-24 15:40:00+00:00,1.1353315114974976,1.135589361190796,1.1352026462554932,1.1354604959487915,0
2025-04-24 15:45:00+00:00,1.1358473300933838,1.1362345218658447,1.135589361190796,1.135589361190796,0
2025-04-24 15:50:00+00:00,1.1361054182052612,1.1361054182052612,1.1359764337539673,1.1361054182052612,0
2025-04-24 15:55:00+00:00,1.1364928483963013,1.1364928483963013,1.1361054182052612,1.1361054182052612,0
2025-04-24 16:00:00+00:00,1.1370097398757935,1.1370097398757935,1.1364928483963013,1.1364928483963013,0
2025-04-24 16:05:00+00:00,1.1363636255264282,1.1368803977966309,1.1363636255264282,1.1368803977966309,0
2025-04-24 16:10:00+00:00,1.1370097398757935,1.1370097398757935,1.1363636255264282,1.1363636255264282,0
2025-04-24 16:15:00+00:00,1.1370097398757935,1.1370097398757935,1.1366219520568848,1.1367511749267578,0
2025-04-24 16:20:00+00:00,1.1371389627456665,1.1373976469039917,1.1371389627456665,1.137268304824829,0
2025-04-24 16:25:00+00:00,1.137268304824829,1.1373976469039917,1.137268304824829,1.1373976469039917,0
2025-04-24 16:30:00+00:00,1.1368803977966309,1.137268304824829,1.1368803977966309,1.137268304824829,0
2025-04-24 16:35:00+00:00,1.1368803977966309,1.137268304824829,1.1366219520568848,1.137268304824829,0
2025-04-24 16:40:00+00:00,1.1376564502716064,1.1376564502716064,1.1371389627456665,1.1373976469039917,0
2025-04-24 16:45:00+00:00,1.1377859115600586,1.1377859115600586,1.1376564502716064,1.1376564502716064,0
2025-04-24 16:50:00+00:00,1.1381744146347046,1.1381744146347046,1.1376564502716064,1.1376564502716064,0
2025-04-24 16:55:00+00:00,1.1381744146347046,1.1383039951324463,1.1381744146347046,1.1381744146347046,0
2025-04-24 17:00:00+00:00,1.1381744146347046,1.1388224363327026,1.1381744146347046,1.1385631561279297,0
2025-04-24 17:05:00+00:00,1.138044834136963,1.1381744146347046,1.138044834136963,1.1381744146347046,0
2025-04-24 17:10:00+00:00,1.1377859115600586,1.138044834136963,1.1376564502716064,1.138044834136963,0
2025-04-24 17:15:00+00:00,1.1375269889831543,1.1376564502716064,1.1375269889831543,1.1376564502716064,0
2025-04-24 17:20:00+00:00,1.1376564502716064,1.1376564502716064,1.1373976469039917,1.1373976469039917,0
2025-04-24 17:25:00+00:00,1.1375269889831543,1.1375269889831543,1.137268304824829,1.1373976469039917,0
2025-04-24 17:30:00+00:00,1.1371389627456665,1.1376564502716064,1.1370097398757935,1.1376564502716064,0
2025-04-24 17:35:00+00:00,1.1377859115600586,1.1377859115600586,1.137268304824829,1.137268304824829,0
2025-04-24 17:40:00+00:00,1.1373976469039917,1.1379153728485107,1.1373976469039917,1.1379153728485107,0
2025-04-24 17:45:00+00:00,1.1375269889831543,1.1375269889831543,1.1373976469039917,1.1373976469039917,0
2025-04-24 17:50:00+00:00,1.1376564502716064,1.1376564502716064,1.1375269889831543,1.1375269889831543,0
2025-04-24 17:55:00+00:00,1.1371389627456665,1.1375269889831543,1.1371389627456665,1.1375269889831543,0
2025-04-24 18:00:00+00:00,1.1375269889831543,1.1375269889831543,1.1370097398757935,1.1370097398757935,0
2025-04-24 18:05:00+00:00,1.1373976469039917,1.1376564502716064,1.137268304824829,1.1376564502716064,0
2025-04-24 18:10:00+00:00,1.1375269889831543,1.1375269889831543,1.1373976469039917,1.1375269889831543,0
2025-04-24 18:15:00+00:00,1.137268304824829,1.1375269889831543,1.137268304824829,1.1375269889831543,0
2025-04-24 18:20:00+00:00,1.1368803977966309,1.1373976469039917,1.1368803977966309,1.137268304824829,0
2025-04-24 18:25:00+00:00,1.1368803977966309,1.1370097398757935,1.1367511749267578,1.1370097398757935,0
2025-04-24 18:30:00+00:00,1.137268304824829,1.1373976469039917,1.1368803977966309,1.1368803977966309,0
2025-04-24 18:35:00+00:00,1.1371389627456665,1.137268304824829,1.1371389627456665,1.137268304824829,0
2025-04-24 18:40:00+00:00,1.1376564502716064,1.1376564502716064,1.1373976469039917,1.1373976469039917,0
2025-04-24 18:45:00+00:00,1.138044834136963,1.138044834136963,1.1375269889831543,1.1375269889831543,0
2025-04-24 18:50:00+00:00,1.1379153728485107,1.138044834136963,1.1379153728485107,1.138044834136963,0
2025-04-24 18:55:00+00:00,1.1381744146347046,1.1381744146347046,1.138044834136963,1.138044834136963,0
2025-04-24 19:00:00+00:00,1.1383039951324463,1.1383039951324463,1.1381744146347046,1.1381744146347046,0
2025-04-24 19:05:00+00:00,1.1383039951324463,1.1384334564208984,1.1381744146347046,1.1383039951324463,0
2025-04-24 19:10:00+00:00,1.1384334564208984,1.1385631561279297,1.1383039951324463,1.1383039951324463,0
2025-04-24 19:15:00+00:00,1.1390818357467651,1.1390818357467651,1.1384334564208984,1.1384334564208984,0
2025-04-24 19:20:00+00:00,1.1390818357467651,1.1390818357467651,1.1388224363327026,1.1388224363327026,0
2025-04-24 19:25:00+00:00,1.1393414735794067,1.1393414735794067,1.1390818357467651,1.139211654663086,0
2025-04-24 19:30:00+00:00,1.1396011114120483,1.1396011114120483,1.1393414735794067,1.1393414735794067,0
2025-04-24 19:35:00+00:00,1.1399909257888794,1.1399909257888794,1.1396011114120483,1.1396011114120483,0
2025-04-24 19:40:00+00:00,1.1398608684539795,1.1399909257888794,1.1398608684539795,1.1399909257888794,0
2025-04-24 19:45:00+00:00,1.139211654663086,1.1398608684539795,1.139211654663086,1.1398608684539795,0
2025-04-24 19:50:00+00:00,1.139211654663086,1.139211654663086,1.139211654663086,1.139211654663086,0
2025-04-24 19:55:00+00:00,1.1388224363327026,1.1389521360397339,1.1388224363327026,1.1389521360397339,0
2025-04-24 20:00:00+00:00,1.1389521360397339,1.1389521360397339,1.1385631561279297,1.1386927366256714,0
2025-04-24 20:05:00+00:00,1.1390818357467651,1.1390818357467651,1.1388224363327026,1.1389521360397339,0
2025-04-24 20:10:00+00:00,1.1390818357467651,1.1393414735794067,1.1390818357467651,1.1390818357467651,0
2025-04-24 20:15:00+00:00,1.1389521360397339,1.139211654663086,1.1388224363327026,1.1390818357467651,0
2025-04-24 20:20:00+00:00,1.139211654663086,1.139211654663086,1.1388224363327026,1.1388224363327026,0
2025-04-24 20:25:00+00:00,1.1396011114120483,1.1396011114120483,1.139211654663086,1.1393414735794067,0
2025-04-24 20:30:00+00:00,1.1398608684539795,1.1398608684539795,1.1396011114120483,1.1396011114120483,0
2025-04-24 20:35:00+00:00,1.1398608684539795,1.1398608684539795,1.1398608684539795,1.1398608684539795,0
2025-04-24 20:40:00+00:00,1.1399909257888794,1.1399909257888794,1.1398608684539795,1.1398608684539795,0
2025-04-24 20:45:00+00:00,1.1401208639144897,1.1401208639144897,1.1399909257888794,1.1399909257888794,0
2025-04-24 20:50:00+00:00,1.1398608684539795,1.1401208639144897,1.1398608684539795,1.1399909257888794,0
2025-04-24 20:55:00+00:00,1.139211654663086,1.1396011114120483,1.139211654663086,1.1396011114120483,0
2025-04-24 21:00:00+00:00,1.139211654663086,1.1393414735794067,1.1390818357467651,1.1393414735794067,0
2025-04-24 21:05:00+00:00,1.1390818357467651,1.139211654663086,1.1389521360397339,1.1389521360397339,0
2025-04-24 21:10:00+00:00,1.1390818357467651,1.1390818357467651,1.1388224363327026,1.1389521360397339,0
2025-04-24 21:15:00+00:00,1.1393414735794067,1.1393414735794067,1.1390818357467651,1.139211654663086,0
2025-04-24 21:20:00+00:00,1.1393414735794067,1.1394712924957275,1.139211654663086,1.1393414735794067,0
2025-04-24 21:25:00+00:00,1.1396011114120483,1.1397310495376587,1.1394712924957275,1.1394712924957275,0
2025-04-24 21:30:00+00:00,1.1394712924957275,1.1396011114120483,1.1394712924957275,1.1396011114120483,0
2025-04-24 21:35:00+00:00,1.1393414735794067,1.1396011114120483,1.1393414735794067,1.1393414735794067,0
2025-04-24 21:40:00+00:00,1.1390818357467651,1.1394712924957275,1.1390818357467651,1.1394712924957275,0
2025-04-24 21:45:00+00:00,1.1393414735794067,1.1393414735794067,1.1390818357467651,1.139211654663086,0
2025-04-24 21:50:00+00:00,1.1390818357467651,1.1393414735794067,1.1390818357467651,1.139211654663086,0
2025-04-24 21:55:00+00:00,1.1390818357467651,1.1393414735794067,1.1390818357467651,1.139211654663086,0
2025-04-24 22:00:00+00:00,1.1393414735794067,1.1393414735794067,1.139211654663086,1.139211654663086,0
2025-04-24 22:05:00+00:00,1.1389521360397339,1.139211654663086,1.1389521360397339,1.139211654663086,0
2025-04-24 22:10:00+00:00,1.1390818357467651,1.139211654663086,1.1390818357467651,1.139211654663086,0
2025-04-24 22:15:00+00:00,1.1389521360397339,1.1389521360397339,1.1388224363327026,1.1389521360397339,0
2025-04-24 22:20:00+00:00,1.1388224363327026,1.1388224363327026,1.1388224363327026,1.1388224363327026,0
2025-04-24 22:25:00+00:00,1.1388224363327026,1.1388224363327026,1.1386927366256714,1.1388224363327026,0
2025-04-24 22:30:00+00:00,1.1390818357467651,1.139211654663086,1.1389521360397339,1.1389521360397339,0
2025-04-24 22:35:00+00:00,1.1389521360397339,1.1390818357467651,1.1388224363327026,1.1390818357467651,0
2025-04-24 22:40:00+00:00,1.139211654663086,1.139211654663086,1.1390818357467651,1.1390818357467651,0
2025-04-24 22:45:00+00:00,1.1390818357467651,1.139211654663086,1.1390818357467651,1.139211654663086,0
2025-04-24 22:50:00+00:00,1.1389521360397339,1.1390818357467651,1.1389521360397339,1.1390818357467651,0
2025-04-24 22:55:00+00:00,1.139211654663086,1.139211654663086,1.1389521360397339,1.1390818357467651,0
2025-04-24 23:00:00+00:00,1.1390818357467651,1.1390818357467651,1.1389521360397339,1.1389521360397339,0
2025-04-24 23:05:00+00:00,1.1388224363327026,1.1390818357467651,1.1388224363327026,1.1389521360397339,0
2025-04-24 23:10:00+00:00,1.1385631561279297,1.1389521360397339,1.1385631561279297,1.1388224363327026,0
2025-04-24 23:15:00+00:00,1.1383039951324463,1.1385631561279297,1.1383039951324463,1.1385631561279297,0
2025-04-24 23:20:00+00:00,1.138044834136963,1.1381744146347046,1.138044834136963,1.1381744146347046,0
2025-04-24 23:25:00+00:00,1.1377859115600586,1.1379153728485107,1.1377859115600586,1.1379153728485107,0
2025-04-24 23:30:00+00:00,1.1377859115600586,1.1379153728485107,1.1377859115600586,1.1379153728485107,0
2025-04-24 23:35:00+00:00,1.1377859115600586,1.138044834136963,1.1377859115600586,1.1379153728485107,0
2025-04-24 23:40:00+00:00,1.1376564502716064,1.1377859115600586,1.1376564502716064,1.1377859115600586,0
2025-04-24 23:45:00+00:00,1.1375269889831543,1.1377859115600586,1.1375269889831543,1.1377859115600586,0
2025-04-24 23:50:00+00:00,1.1376564502716064,1.1376564502716064,1.1375269889831543,1.1376564502716064,0
2025-04-24 23:55:00+00:00,1.1375269889831543,1.1375269889831543,1.1373976469039917,1.1375269889831543,0
2025-04-25 00:00:00+00:00,1.1366219520568848,1.1373976469039917,1.1366219520568848,1.1373976469039917,0
2025-04-25 00:05:00+00:00,1.1370097398757935,1.1371389627456665,1.1368803977966309,1.1368803977966309,0
2025-04-25 00:10:00+00:00,1.1366219520568848,1.1368803977966309,1.1364928483963013,1.1368803977966309,0
2025-04-25 00:15:00+00:00,1.1366219520568848,1.1366219520568848,1.1364928483963013,1.1366219520568848,0
2025-04-25 00:20:00+00:00,1.1367511749267578,1.1367511749267578,1.1364928483963013,1.1364928483963013,0
2025-04-25 00:25:00+00:00,1.1361054182052612,1.1366219520568848,1.1361054182052612,1.1366219520568848,0
2025-04-25 00:30:00+00:00,1.1359764337539673,1.1359764337539673,1.1358473300933838,1.1359764337539673,0
2025-04-25 00:35:00+00:00,1.1353315114974976,1.1358473300933838,1.1353315114974976,1.1358473300933838,0
2025-04-25 00:40:00+00:00,1.1354604959487915,1.135589361190796,1.1354604959487915,1.1354604959487915,0
2025-04-25 00:45:00+00:00,1.1358473300933838,1.1358473300933838,1.135589361190796,1.1357183456420898,0
2025-04-25 00:50:00+00:00,1.1363636255264282,1.1363636255264282,1.135589361190796,1.135589361190796,0
2025-04-25 00:55:00+00:00,1.1350737810134888,1.1357183456420898,1.1350737810134888,1.1357183456420898,0
2025-04-25 01:00:00+00:00,1.1349449157714844,1.1350737810134888,1.1346874237060547,1.1349449157714844,0
2025-04-25 01:05:00+00:00,1.1350737810134888,1.1352026462554932,1.1348161697387695,1.1348161697387695,0
2025-04-25 01:10:00+00:00,1.1354604959487915,1.1357183456420898,1.1352026462554932,1.1352026462554932,0
2025-04-25 01:15:00+00:00,1.135589361190796,1.135589361190796,1.1353315114974976,1.1354604959487915,0
2025-04-25 01:20:00+00:00,1.135589361190796,1.1357183456420898,1.1354604959487915,1.1357183456420898,0
2025-04-25 01:25:00+00:00,1.1354604959487915,1.135589361190796,1.1353315114974976,1.135589361190796,0
2025-04-25 01:30:00+00:00,1.1354604959487915,1.1357183456420898,1.1354604959487915,1.1354604959487915,0
2025-04-25 01:35:00+00:00,1.135589361190796,1.1358473300933838,1.1354604959487915,1.1354604959487915,0
2025-04-25 01:40:00+00:00,1.1353315114974976,1.135589361190796,1.1353315114974976,1.1354604959487915,0
2025-04-25 01:45:00+00:00,1.1348161697387695,1.1354604959487915,1.1348161697387695,1.1354604959487915,0
2025-04-25 01:50:00+00:00,1.1352026462554932,1.1352026462554932,1.1346874237060547,1.1348161697387695,0
2025-04-25 01:55:00+00:00,1.1348161697387695,1.1353315114974976,1.1348161697387695,1.1353315114974976,0
2025-04-25 02:00:00+00:00,1.1349449157714844,1.1350737810134888,1.1346874237060547,1.1346874237060547,0
2025-04-25 02:05:00+00:00,1.1354604959487915,1.1354604959487915,1.1352026462554932,1.1352026462554932,0
2025-04-25 02:10:00+00:00,1.1350737810134888,1.1354604959487915,1.1350737810134888,1.1354604959487915,0
2025-04-25 02:15:00+00:00,1.1350737810134888,1.1353315114974976,1.1350737810134888,1.1352026462554932,0
2025-04-25 02:20:00+00:00,1.1349449157714844,1.1352026462554932,1.1349449157714844,1.1352026462554932,0
2025-04-25 02:25:00+00:00,1.1350737810134888,1.1350737810134888,1.1348161697387695,1.1349449157714844,0
2025-04-25 02:30:00+00:00,1.1353315114974976,1.1354604959487915,1.1352026462554932,1.1352026462554932,0
2025-04-25 02:35:00+00:00,1.1349449157714844,1.1352026462554932,1.1348161697387695,1.1352026462554932,0
2025-04-25 02:40:00+00:00,1.1348161697387695,1.1349449157714844,1.1348161697387695,1.1349449157714844,0
2025-04-25 02:45:00+00:00,1.1349449157714844,1.1349449157714844,1.1346874237060547,1.1346874237060547,0
2025-04-25 02:50:00+00:00,1.1352026462554932,1.1352026462554932,1.1349449157714844,1.1349449157714844,0
2025-04-25 02:55:00+00:00,1.1352026462554932,1.1353315114974976,1.1352026462554932,1.1352026462554932,0
2025-04-25 03:00:00+00:00,1.1353315114974976,1.1354604959487915,1.1352026462554932,1.1353315114974976,0
2025-04-25 03:05:00+00:00,1.1352026462554932,1.1353315114974976,1.1352026462554932,1.1352026462554932,0
2025-04-25 03:10:00+00:00,1.1352026462554932,1.1354604959487915,1.1352026462554932,1.1352026462554932,0
2025-04-25 03:15:00+00:00,1.1353315114974976,1.1354604959487915,1.1352026462554932,1.1352026462554932,0
2025-04-25 03:20:00+00:00,1.1352026462554932,1.1358473300933838,1.1352026462554932,1.1354604959487915,0
2025-04-25 03:25:00+00:00,1.1350737810134888,1.1353315114974976,1.1350737810134888,1.1353315114974976,0
2025-04-25 03:30:00+00:00,1.1343011856079102,1.1349449157714844,1.1343011856079102,1.1349449157714844,0
2025-04-25 03:35:00+00:00,1.133529782295227,1.1339154243469238,1.133529782295227,1.1339154243469238,0
2025-04-25 03:40:00+00:00,1.1334012746810913,1.1334012746810913,1.1332728862762451,1.1334012746810913,0
2025-04-25 03:45:00+00:00,1.133144497871399,1.133529782295227,1.133144497871399,1.133529782295227,0
2025-04-25 03:50:00+00:00,1.1330161094665527,1.133529782295227,1.1330161094665527,1.1334012746810913,0
2025-04-25 03:55:00+00:00,1.1330161094665527,1.1334012746810913,1.1330161094665527,1.1332728862762451,0
2025-04-25 04:00:00+00:00,1.1322463750839233,1.13275945186615,1.1322463750839233,1.132502794265747,0
2025-04-25 04:05:00+00:00,1.13275945186615,1.13275945186615,1.1321182250976562,1.1321182250976562,0
2025-04-25 04:10:00+00:00,1.1328877210617065,1.1330161094665527,1.1328877210617065,1.1328877210617065,0
2025-04-25 04:15:00+00:00,1.133144497871399,1.133144497871399,1.1328877210617065,1.1330161094665527,0
2025-04-25 04:20:00+00:00,1.1334012746810913,1.1334012746810913,1.1330161094665527,1.1330161094665527,0
2025-04-25 04:25:00+00:00,1.133529782295227,1.1336582899093628,1.1334012746810913,1.1334012746810913,0
2025-04-25 04:30:00+00:00,1.133144497871399,1.1334012746810913,1.133144497871399,1.1334012746810913,0
2025-04-25 04:35:00+00:00,1.1334012746810913,1.133529782295227,1.133144497871399,1.133144497871399,0
2025-04-25 04:40:00+00:00,1.1334012746810913,1.133529782295227,1.1334012746810913,1.133529782295227,0
2025-04-25 04:45:00+00:00,1.1336582899093628,1.1336582899093628,1.1334012746810913,1.1336582899093628,0
2025-04-25 04:50:00+00:00,1.1337867975234985,1.1339154243469238,1.133529782295227,1.133529782295227,0
2025-04-25 04:55:00+00:00,1.1337867975234985,1.1339154243469238,1.1336582899093628,1.1336582899093628,0
2025-04-25 05:00:00+00:00,1.1339154243469238,1.1340440511703491,1.1339154243469238,1.1339154243469238,0
2025-04-25 05:05:00+00:00,1.1343011856079102,1.1343011856079102,1.1339154243469238,1.1339154243469238,0
2025-04-25 05:10:00+00:00,1.1343011856079102,1.1343011856079102,1.1340440511703491,1.1341726779937744,0
2025-04-25 05:15:00+00:00,1.134429931640625,1.134429931640625,1.1341726779937744,1.1341726779937744,0
2025-04-25 05:20:00+00:00,1.1341726779937744,1.1341726779937744,1.1339154243469238,1.1341726779937744,0
2025-04-25 05:25:00+00:00,1.1341726779937744,1.1343011856079102,1.1341726779937744,1.1343011856079102,0
2025-04-25 05:30:00+00:00,1.1341726779937744,1.1341726779937744,1.1339154243469238,1.1339154243469238,0
2025-04-25 05:35:00+00:00,1.1341726779937744,1.1343011856079102,1.1340440511703491,1.1341726779937744,0
2025-04-25 05:40:00+00:00,1.1339154243469238,1.1340440511703491,1.1339154243469238,1.1339154243469238,0
2025-04-25 05:45:00+00:00,1.1332728862762451,1.1337867975234985,1.1332728862762451,1.1337867975234985,0
2025-04-25 05:50:00+00:00,1.1334012746810913,1.1334012746810913,1.1330161094665527,1.133144497871399,0
2025-04-25 05:55:00+00:00,1.1334012746810913,1.1334012746810913,1.133144497871399,1.1334012746810913,0
2025-04-25 06:00:00+00:00,1.133144497871399,1.1334012746810913,1.133144497871399,1.1334012746810913,0
2025-04-25 06:05:00+00:00,1.1326310634613037,1.1330161094665527,1.132502794265747,1.1330161094665527,0
2025-04-25 06:10:00+00:00,1.133144497871399,1.1334012746810913,1.133144497871399,1.133144497871399,0
2025-04-25 06:15:00+00:00,1.1336582899093628,1.1337867975234985,1.133144497871399,1.133144497871399,0
2025-04-25 06:20:00+00:00,1.1340440511703491,1.1340440511703491,1.1337867975234985,1.1339154243469238,0
2025-04-25 06:25:00+00:00,1.134429931640625,1.134429931640625,1.1340440511703491,1.1340440511703491,0
2025-04-25 06:30:00+00:00,1.1349449157714844,1.1349449157714844,1.1345586776733398,1.1345586776733398,0
2025-04-25 06:35:00+00:00,1.1353315114974976,1.135589361190796,1.1350737810134888,1.1350737810134888,0
2025-04-25 06:40:00+00:00,1.1350737810134888,1.1359764337539673,1.1350737810134888,1.1359764337539673,0
2025-04-25 06:45:00+00:00,1.1349449157714844,1.1352026462554932,1.1349449157714844,1.1350737810134888,0
2025-04-25 06:50:00+00:00,1.1349449157714844,1.1349449157714844,1.1346874237060547,1.1349449157714844,0
2025-04-25 06:55:00+00:00,1.1346874237060547,1.1350737810134888,1.1346874237060547,1.1350737810134888,0
2025-04-25 07:00:00+00:00,1.135589361190796,1.1357183456420898,1.1348161697387695,1.1348161697387695,0
2025-04-25 07:05:00+00:00,1.1352026462554932,1.1358473300933838,1.1352026462554932,1.1358473300933838,0
2025-04-25 07:10:00+00:00,1.1362345218658447,1.1362345218658447,1.1354604959487915,1.1354604959487915,0
2025-04-25 07:15:00+00:00,1.1367511749267578,1.1370097398757935,1.1363636255264282,1.1366219520568848,0
2025-04-25 07:20:00+00:00,1.1366219520568848,1.1366219520568848,1.1361054182052612,1.1366219520568848,0
2025-04-25 07:25:00+00:00,1.1362345218658447,1.1367511749267578,1.1361054182052612,1.1367511749267578,0
2025-04-25 07:30:00+00:00,1.1370097398757935,1.1370097398757935,1.1361054182052612,1.1361054182052612,0
2025-04-25 07:35:00+00:00,1.1367511749267578,1.1367511749267578,1.1366219520568848,1.1367511749267578,0
2025-04-25 07:40:00+00:00,1.1368803977966309,1.1371389627456665,1.1366219520568848,1.1366219520568848,0
2025-04-25 07:45:00+00:00,1.1367511749267578,1.1368803977966309,1.1366219520568848,1.1367511749267578,0
2025-04-25 07:50:00+00:00,1.1363636255264282,1.1368803977966309,1.1362345218658447,1.1368803977966309,0
2025-04-25 07:55:00+00:00,1.1363636255264282,1.1367511749267578,1.1363636255264282,1.1363636255264282,0
2025-04-25 08:00:00+00:00,1.1364928483963013,1.1366219520568848,1.1361054182052612,1.1361054182052612,0
2025-04-25 08:05:00+00:00,1.1359764337539673,1.1363636255264282,1.1359764337539673,1.1363636255264282,0
2025-04-25 08:10:00+00:00,1.1358473300933838,1.1358473300933838,1.1354604959487915,1.1358473300933838,0
2025-04-25 08:15:00+00:00,1.1354604959487915,1.1358473300933838,1.1354604959487915,1.1358473300933838,0
2025-04-25 08:20:00+00:00,1.1354604959487915,1.135589361190796,1.1353315114974976,1.1353315114974976,0
2025-04-25 08:25:00+00:00,1.1353315114974976,1.1354604959487915,1.1353315114974976,1.1353315114974976,0
2025-04-25 08:30:00+00:00,1.135589361190796,1.135589361190796,1.1350737810134888,1.1352026462554932,0
2025-04-25 08:35:00+00:00,1.1354604959487915,1.1354604959487915,1.1353315114974976,1.1353315114974976,0
2025-04-25 08:40:00+00:00,1.1354604959487915,1.135589361190796,1.1353315114974976,1.1354604959487915,0
2025-04-25 08:45:00+00:00,1.1345586776733398,1.1350737810134888,1.1345586776733398,1.1350737810134888,0
2025-04-25 08:50:00+00:00,1.1346874237060547,1.1348161697387695,1.1345586776733398,1.1346874237060547,0
2025-04-25 08:55:00+00:00,1.1354604959487915,1.1354604959487915,1.1349449157714844,1.1349449157714844,0
2025-04-25 09:00:00+00:00,1.135589361190796,1.1357183456420898,1.1354604959487915,1.1357183456420898,0
2025-04-25 09:05:00+00:00,1.1354604959487915,1.1354604959487915,1.1352026462554932,1.1352026462554932,0
2025-04-25 09:10:00+00:00,1.1361054182052612,1.1361054182052612,1.1358473300933838,1.1358473300933838,0
2025-04-25 09:15:00+00:00,1.1359764337539673,1.1362345218658447,1.1359764337539673,1.1362345218658447,0
2025-04-25 09:20:00+00:00,1.1362345218658447,1.1363636255264282,1.1359764337539673,1.1361054182052612,0
2025-04-25 09:25:00+00:00,1.135589361190796,1.1362345218658447,1.135589361190796,1.1362345218658447,0
2025-04-25 09:30:00+00:00,1.1357183456420898,1.1359764337539673,1.1357183456420898,1.1358473300933838,0
2025-04-25 09:35:00+00:00,1.1361054182052612,1.1361054182052612,1.135589361190796,1.135589361190796,0
2025-04-25 09:40:00+00:00,1.1358473300933838,1.1358473300933838,1.1354604959487915,1.1357183456420898,0
2025-04-25 09:45:00+00:00,1.1354604959487915,1.1361054182052612,1.1354604959487915,1.1361054182052612,0
2025-04-25 09:50:00+00:00,1.1354604959487915,1.1357183456420898,1.1354604959487915,1.135589361190796,0
2025-04-25 09:55:00+00:00,1.1349449157714844,1.1353315114974976,1.1348161697387695,1.1353315114974976,0
2025-04-25 10:00:00+00:00,1.1352026462554932,1.1354604959487915,1.1352026462554932,1.1354604959487915,0
2025-04-25 10:05:00+00:00,1.1354604959487915,1.1354604959487915,1.1353315114974976,1.1353315114974976,0
2025-04-25 10:10:00+00:00,1.1353315114974976,1.1354604959487915,1.1352026462554932,1.1353315114974976,0
2025-04-25 10:15:00+00:00,1.1348161697387695,1.1352026462554932,1.1348161697387695,1.1350737810134888,0
2025-04-25 10:20:00+00:00,1.134429931640625,1.1345586776733398,1.1340440511703491,1.1345586776733398,0
2025-04-25 10:25:00+00:00,1.1346874237060547,1.1346874237060547,1.1343011856079102,1.1345586776733398,0
2025-04-25 10:30:00+00:00,1.1353315114974976,1.1354604959487915,1.1348161697387695,1.1348161697387695,0
2025-04-25 10:35:00+00:00,1.1357183456420898,1.1357183456420898,1.135589361190796,1.135589361190796,0
2025-04-25 10:40:00+00:00,1.1359764337539673,1.1359764337539673,1.1358473300933838,1.1359764337539673,0
2025-04-25 10:45:00+00:00,1.1361054182052612,1.1362345218658447,1.1359764337539673,1.1359764337539673,0
2025-04-25 10:50:00+00:00,1.135589361190796,1.1359764337539673,1.1354604959487915,1.1358473300933838,0
2025-04-25 10:55:00+00:00,1.1359764337539673,1.1359764337539673,1.135589361190796,1.1357183456420898,0
2025-04-25 11:00:00+00:00,1.1358473300933838,1.1361054182052612,1.1358473300933838,1.1358473300933838,0
2025-04-25 11:05:00+00:00,1.1358473300933838,1.1358473300933838,1.1354604959487915,1.1354604959487915,0
2025-04-25 11:10:00+00:00,1.1361054182052612,1.1362345218658447,1.1359764337539673,1.1359764337539673,0
2025-04-25 11:15:00+00:00,1.1361054182052612,1.1361054182052612,1.1358473300933838,1.1359764337539673,0
2025-04-25 11:20:00+00:00,1.1367511749267578,1.1367511749267578,1.1361054182052612,1.1361054182052612,0
2025-04-25 11:25:00+00:00,1.1370097398757935,1.1370097398757935,1.1367511749267578,1.1367511749267578,0
2025-04-25 11:30:00+00:00,1.1366219520568848,1.1366219520568848,1.1364928483963013,1.1364928483963013,0
2025-04-25 11:35:00+00:00,1.1368803977966309,1.1368803977966309,1.1364928483963013,1.1364928483963013,0
2025-04-25 11:40:00+00:00,1.1366219520568848,1.1367511749267578,1.1366219520568848,1.1367511749267578,0
2025-04-25 11:45:00+00:00,1.1361054182052612,1.1366219520568848,1.1361054182052612,1.1366219520568848,0
2025-04-25 11:50:00+00:00,1.1359764337539673,1.1363636255264282,1.1359764337539673,1.1363636255264282,0
2025-04-25 11:55:00+00:00,1.1353315114974976,1.135589361190796,1.1350737810134888,1.135589361190796,0
2025-04-25 12:00:00+00:00,1.1357183456420898,1.1357183456420898,1.1354604959487915,1.1354604959487915,0
2025-04-25 12:05:00+00:00,1.1361054182052612,1.1361054182052612,1.1358473300933838,1.1358473300933838,0
2025-04-25 12:10:00+00:00,1.1359764337539673,1.1362345218658447,1.1359764337539673,1.1361054182052612,0
2025-04-25 12:15:00+00:00,1.135589361190796,1.1361054182052612,1.1354604959487915,1.1361054182052612,0
2025-04-25 12:20:00+00:00,1.1359764337539673,1.1359764337539673,1.135589361190796,1.1358473300933838,0
2025-04-25 12:25:00+00:00,1.1357183456420898,1.1359764337539673,1.1357183456420898,1.1358473300933838,0
2025-04-25 12:30:00+00:00,1.1361054182052612,1.1361054182052612,1.135589361190796,1.1357183456420898,0
2025-04-25 12:35:00+00:00,1.1361054182052612,1.1361054182052612,1.1359764337539673,1.1359764337539673,0
2025-04-25 12:40:00+00:00,1.1359764337539673,1.1362345218658447,1.1359764337539673,1.1359764337539673,0
2025-04-25 12:45:00+00:00,1.1359764337539673,1.1361054182052612,1.1359764337539673,1.1361054182052612,0
2025-04-25 12:50:00+00:00,1.1357183456420898,1.1358473300933838,1.135589361190796,1.135589361190796,0
2025-04-25 12:55:00+00:00,1.1354604959487915,1.1354604959487915,1.1353315114974976,1.1353315114974976,0
2025-04-25 13:00:00+00:00,1.135589361190796,1.135589361190796,1.1354604959487915,1.135589361190796,0
2025-04-25 13:05:00+00:00,1.1354604959487915,1.1354604959487915,1.1350737810134888,1.1350737810134888,0
2025-04-25 13:10:00+00:00,1.1350737810134888,1.1353315114974976,1.1350737810134888,1.1353315114974976,0
2025-04-25 13:15:00+00:00,1.1349449157714844,1.1352026462554932,1.1346874237060547,1.1350737810134888,0
2025-04-25 13:20:00+00:00,1.1349449157714844,1.1354604959487915,1.1349449157714844,1.1350737810134888,0
2025-04-25 13:25:00+00:00,1.134429931640625,1.1349449157714844,1.1339154243469238,1.1349449157714844,0
2025-04-25 13:30:00+00:00,1.1339154243469238,1.1343011856079102,1.1337867975234985,1.1339154243469238,0
2025-04-25 13:35:00+00:00,1.1340440511703491,1.1340440511703491,1.1337867975234985,1.1337867975234985,0
2025-04-25 13:40:00+00:00,1.134429931640625,1.134429931640625,1.1337867975234985,1.1337867975234985,0
2025-04-25 13:45:00+00:00,1.1348161697387695,1.1348161697387695,1.134429931640625,1.1345586776733398,0
2025-04-25 13:50:00+00:00,1.1352026462554932,1.1352026462554932,1.1345586776733398,1.1345586776733398,0
2025-04-25 13:55:00+00:00,1.1357183456420898,1.1358473300933838,1.1353315114974976,1.1353315114974976,0
2025-04-25 14:00:00+00:00,1.1362345218658447,1.1362345218658447,1.1357183456420898,1.1357183456420898,0
2025-04-25 14:05:00+00:00,1.1363636255264282,1.1364928483963013,1.1363636255264282,1.1364928483963013,0
2025-04-25 14:10:00+00:00,1.1368803977966309,1.1371389627456665,1.1362345218658447,1.1362345218658447,0
2025-04-25 14:15:00+00:00,1.1364928483963013,1.1367511749267578,1.1364928483963013,1.1367511749267578,0
2025-04-25 14:20:00+00:00,1.1366219520568848,1.1370097398757935,1.1362345218658447,1.1363636255264282,0
2025-04-25 14:25:00+00:00,1.137268304824829,1.137268304824829,1.1366219520568848,1.1366219520568848,0
2025-04-25 14:30:00+00:00,1.1375269889831543,1.1375269889831543,1.1368803977966309,1.1371389627456665,0
2025-04-25 14:35:00+00:00,1.1379153728485107,1.1379153728485107,1.1373976469039917,1.1373976469039917,0
2025-04-25 14:40:00+00:00,1.1373976469039917,1.1384334564208984,1.1373976469039917,1.1381744146347046,0
2025-04-25 14:45:00+00:00,1.1375269889831543,1.1376564502716064,1.1373976469039917,1.1376564502716064,0
2025-04-25 14:50:00+00:00,1.1375269889831543,1.1377859115600586,1.137268304824829,1.137268304824829,0
2025-04-25 14:55:00+00:00,1.1371389627456665,1.1377859115600586,1.1371389627456665,1.137268304824829,0
2025-04-25 15:00:00+00:00,1.1368803977966309,1.1371389627456665,1.1368803977966309,1.1371389627456665,0
2025-04-25 15:05:00+00:00,1.1363636255264282,1.1367511749267578,1.1363636255264282,1.1367511749267578,0
2025-04-25 15:10:00+00:00,1.1363636255264282,1.1366219520568848,1.1363636255264282,1.1366219520568848,0
2025-04-25 15:15:00+00:00,1.1366219520568848,1.1367511749267578,1.1362345218658447,1.1367511749267578,0
2025-04-25 15:20:00+00:00,1.1366219520568848,1.1367511749267578,1.1363636255264282,1.1367511749267578,0
2025-04-25 15:25:00+00:00,1.1370097398757935,1.1370097398757935,1.1366219520568848,1.1366219520568848,0
2025-04-25 15:30:00+00:00,1.1377859115600586,1.1377859115600586,1.1371389627456665,1.1371389627456665,0
2025-04-25 15:35:00+00:00,1.1376564502716064,1.1376564502716064,1.1373976469039917,1.1376564502716064,0
2025-04-25 15:40:00+00:00,1.1375269889831543,1.1376564502716064,1.1375269889831543,1.1376564502716064,0
2025-04-25 15:45:00+00:00,1.1383039951324463,1.1383039951324463,1.1377859115600586,1.1377859115600586,0
2025-04-25 15:50:00+00:00,1.1384334564208984,1.1384334564208984,1.1383039951324463,1.1384334564208984,0
2025-04-25 15:55:00+00:00,1.1383039951324463,1.1384334564208984,1.138044834136963,1.1383039951324463,0
2025-04-25 16:00:00+00:00,1.1385631561279297,1.1385631561279297,1.1381744146347046,1.1383039951324463,0
2025-04-25 16:05:00+00:00,1.1389521360397339,1.1389521360397339,1.1384334564208984,1.1384334564208984,0
2025-04-25 16:10:00+00:00,1.1384334564208984,1.1390818357467651,1.1384334564208984,1.1390818357467651,0
2025-04-25 16:15:00+00:00,1.1383039951324463,1.1384334564208984,1.1381744146347046,1.1384334564208984,0
2025-04-25 16:20:00+00:00,1.138044834136963,1.138044834136963,1.138044834136963,1.138044834136963,0
2025-04-25 16:25:00+00:00,1.1381744146347046,1.1383039951324463,1.138044834136963,1.1381744146347046,0
2025-04-25 16:30:00+00:00,1.1384334564208984,1.1386927366256714,1.1384334564208984,1.1386927366256714,0
2025-04-25 16:35:00+00:00,1.1386927366256714,1.1386927366256714,1.1384334564208984,1.1384334564208984,0
2025-04-25 16:40:00+00:00,1.1381744146347046,1.1384334564208984,1.1381744146347046,1.1384334564208984,0
2025-04-25 16:45:00+00:00,1.138044834136963,1.1381744146347046,1.1379153728485107,1.1381744146347046,0
2025-04-25 16:50:00+00:00,1.1379153728485107,1.1379153728485107,1.1379153728485107,1.1379153728485107,0
2025-04-25 16:55:00+00:00,1.137268304824829,1.1377859115600586,1.137268304824829,1.1377859115600586,0
2025-04-25 17:00:00+00:00,1.137268304824829,1.1376564502716064,1.137268304824829,1.1375269889831543,0
2025-04-25 17:05:00+00:00,1.1375269889831543,1.1375269889831543,1.1373976469039917,1.1373976469039917,0
2025-04-25 17:10:00+00:00,1.1375269889831543,1.1375269889831543,1.1371389627456665,1.137268304824829,0
2025-04-25 17:15:00+00:00,1.1375269889831543,1.1375269889831543,1.137268304824829,1.1373976469039917,0
2025-04-25 17:20:00+00:00,1.1368803977966309,1.1373976469039917,1.1368803977966309,1.1373976469039917,0
2025-04-25 17:25:00+00:00,1.1370097398757935,1.1370097398757935,1.1368803977966309,1.1368803977966309,0
2025-04-25 17:30:00+00:00,1.1371389627456665,1.137268304824829,1.1370097398757935,1.1370097398757935,0
2025-04-25 17:35:00+00:00,1.1377859115600586,1.1377859115600586,1.1371389627456665,1.1371389627456665,0
2025-04-25 17:40:00+00:00,1.1379153728485107,1.1379153728485107,1.1377859115600586,1.1377859115600586,0
2025-04-25 17:45:00+00:00,1.138044834136963,1.138044834136963,1.1376564502716064,1.1379153728485107,0
2025-04-25 17:50:00+00:00,1.1383039951324463,1.1384334564208984,1.1381744146347046,1.1381744146347046,0
2025-04-25 17:55:00+00:00,1.138044834136963,1.1383039951324463,1.138044834136963,1.1381744146347046,0
2025-04-25 18:00:00+00:00,1.1379153728485107,1.1381744146347046,1.1379153728485107,1.138044834136963,0
2025-04-25 18:05:00+00:00,1.1377859115600586,1.1377859115600586,1.1375269889831543,1.1376564502716064,0
2025-04-25 18:10:00+00:00,1.1373976469039917,1.1377859115600586,1.1373976469039917,1.1377859115600586,0
2025-04-25 18:15:00+00:00,1.1375269889831543,1.1375269889831543,1.137268304824829,1.1373976469039917,0
2025-04-25 18:20:00+00:00,1.1376564502716064,1.1376564502716064,1.1373976469039917,1.1373976469039917,0
2025-04-25 18:25:00+00:00,1.1376564502716064,1.1376564502716064,1.1375269889831543,1.1376564502716064,0
2025-04-25 18:30:00+00:00,1.1376564502716064,1.1377859115600586,1.1376564502716064,1.1377859115600586,0
2025-04-25 18:35:00+00:00,1.1379153728485107,1.1379153728485107,1.1375269889831543,1.1376564502716064,0
2025-04-25 18:40:00+00:00,1.1379153728485107,1.138044834136963,1.1379153728485107,1.138044834136963,0
2025-04-25 18:45:00+00:00,1.1379153728485107,1.138044834136963,1.1379153728485107,1.138044834136963,0
2025-04-25 18:50:00+00:00,1.1379153728485107,1.1379153728485107,1.1379153728485107,1.1379153728485107,0
2025-04-25 18:55:00+00:00,1.1383039951324463,1.1383039951324463,1.138044834136963,1.138044834136963,0
2025-04-25 19:00:00+00:00,1.1383039951324463,1.1383039951324463,1.1383039951324463,1.1383039951324463,0
2025-04-25 19:05:00+00:00,1.1379153728485107,1.1381744146347046,1.1379153728485107,1.1381744146347046,0
2025-04-25 19:10:00+00:00,1.1381744146347046,1.1381744146347046,1.1379153728485107,1.1379153728485107,0
2025-04-25 19:15:00+00:00,1.1381744146347046,1.1381744146347046,1.1381744146347046,1.1381744146347046,0
2025-04-25 19:20:00+00:00,1.1381744146347046,1.1381744146347046,1.138044834136963,1.1381744146347046,0
2025-04-25 19:25:00+00:00,1.1381744146347046,1.1383039951324463,1.1381744146347046,1.1381744146347046,0
2025-04-25 19:30:00+00:00,1.1381744146347046,1.1381744146347046,1.138044834136963,1.138044834136963,0
2025-04-25 19:35:00+00:00,1.1381744146347046,1.1381744146347046,1.1381744146347046,1.1381744146347046,0
2025-04-25 19:40:00+00:00,1.1379153728485107,1.1381744146347046,1.1379153728485107,1.138044834136963,0
2025-04-25 19:45:00+00:00,1.1375269889831543,1.1376564502716064,1.1375269889831543,1.1376564502716064,0
2025-04-25 19:50:00+00:00,1.1373976469039917,1.1373976469039917,1.1373976469039917,1.1373976469039917,0
2025-04-25 19:55:00+00:00,1.1362345218658447,1.1368803977966309,1.1362345218658447,1.1368803977966309,0
2025-04-25 20:00:00+00:00,1.1366219520568848,1.1366219520568848,1.1364928483963013,1.1366219520568848,0
2025-04-25 20:05:00+00:00,1.1366219520568848,1.1366219520568848,1.1364928483963013,1.1366219520568848,0
2025-04-25 20:10:00+00:00,1.1362345218658447,1.1364928483963013,1.1362345218658447,1.1364928483963013,0
2025-04-25 20:15:00+00:00,1.1362345218658447,1.1362345218658447,1.1361054182052612,1.1361054182052612,0
2025-04-25 20:20:00+00:00,1.1362345218658447,1.1362345218658447,1.1362345218658447,1.1362345218658447,0
2025-04-25 20:25:00+00:00,1.1361054182052612,1.1362345218658447,1.1361054182052612,1.1362345218658447,0
2025-04-25 20:30:00+00:00,1.1362345218658447,1.1362345218658447,1.1361054182052612,1.1361054182052612,0
2025-04-25 20:35:00+00:00,1.1364928483963013,1.1364928483963013,1.1361054182052612,1.1361054182052612,0
2025-04-25 20:40:00+00:00,1.1364928483963013,1.1366219520568848,1.1364928483963013,1.1364928483963013,0
2025-04-25 20:45:00+00:00,1.1362345218658447,1.1363636255264282,1.1362345218658447,1.1363636255264282,0
2025-04-25 20:50:00+00:00,1.1363636255264282,1.1363636255264282,1.1362345218658447,1.1363636255264282,0
2025-04-25 20:55:00+00:00,1.1366219520568848,1.1366219520568848,1.1362345218658447,1.1363636255264282,0
2025-04-25 21:00:00+00:00,1.1368803977966309,1.1368803977966309,1.1364928483963013,1.1364928483963013,0
2025-04-25 21:05:00+00:00,1.1368803977966309,1.1368803977966309,1.1368803977966309,1.1368803977966309,0
2025-04-25 21:10:00+00:00,1.1368803977966309,1.1368803977966309,1.1368803977966309,1.1368803977966309,0
2025-04-25 21:15:00+00:00,1.1368803977966309,1.1368803977966309,1.1368803977966309,1.1368803977966309,0
2025-04-25 21:20:00+00:00,1.1368803977966309,1.1368803977966309,1.1368803977966309,1.1368803977966309,0
2025-04-25 21:25:00+00:00,1.1368803977966309,1.1368803977966309,1.1368803977966309,1.1368803977966309,0
2025-04-27 23:00:00+00:00,1.1353315114974976,1.1353315114974976,1.1353315114974976,1.1353315114974976,0
2025-04-27 23:05:00+00:00,1.1357183456420898,1.1358473300933838,1.1354604959487915,1.1354604959487915,0
2025-04-27 23:10:00+00:00,1.1353315114974976,1.135589361190796,1.1353315114974976,1.1353315114974976,0
2025-04-27 23:15:00+00:00,1.1353315114974976,1.1353315114974976,1.1353315114974976,1.1353315114974976,0
2025-04-27 23:20:00+00:00,1.1353315114974976,1.1353315114974976,1.1353315114974976,1.1353315114974976,0
2025-04-27 23:25:00+00:00,1.1353315114974976,1.1353315114974976,1.1353315114974976,1.1353315114974976,0
2025-04-27 23:30:00+00:00,1.1353315114974976,1.1353315114974976,1.1353315114974976,1.1353315114974976,0
2025-04-27 23:35:00+00:00,1.1358473300933838,1.1358473300933838,1.1353315114974976,1.1353315114974976,0
2025-04-27 23:40:00+00:00,1.1357183456420898,1.1357183456420898,1.1353315114974976,1.1353315114974976,0
2025-04-27 23:45:00+00:00,1.1350737810134888,1.135589361190796,1.1350737810134888,1.135589361190796,0
2025-04-27 23:50:00+00:00,1.1350737810134888,1.1350737810134888,1.1349449157714844,1.1350737810134888,0
2025-04-27 23:55:00+00:00,1.1348161697387695,1.1350737810134888,1.1346874237060547,1.1350737810134888,0
2025-04-28 00:00:00+00:00,1.1357183456420898,1.1357183456420898,1.1349449157714844,1.1349449157714844,0
2025-04-28 00:05:00+00:00,1.1362345218658447,1.1362345218658447,1.1357183456420898,1.1357183456420898,0
2025-04-28 00:10:00+00:00,1.1359764337539673,1.1362345218658447,1.1358473300933838,1.1361054182052612,0
2025-04-28 00:15:00+00:00,1.1359764337539673,1.1361054182052612,1.1359764337539673,1.1359764337539673,0
2025-04-28 00:20:00+00:00,1.1362345218658447,1.1363636255264282,1.1358473300933838,1.1358473300933838,0
2025-04-28 00:25:00+00:00,1.1362345218658447,1.1364928483963013,1.1361054182052612,1.1363636255264282,0
2025-04-28 00:30:00+00:00,1.1362345218658447,1.1362345218658447,1.1361054182052612,1.1361054182052612,0
2025-04-28 00:35:00+00:00,1.1362345218658447,1.1362345218658447,1.1359764337539673,1.1361054182052612,0
2025-04-28 00:40:00+00:00,1.1366219520568848,1.1366219520568848,1.1362345218658447,1.1362345218658447,0
2025-04-28 00:45:00+00:00,1.1363636255264282,1.1366219520568848,1.1363636255264282,1.1364928483963013,0
2025-04-28 00:50:00+00:00,1.1361054182052612,1.1367511749267578,1.1361054182052612,1.1364928483963013,0
2025-04-28 00:55:00+00:00,1.1364928483963013,1.1366219520568848,1.1362345218658447,1.1362345218658447,0
2025-04-28 01:00:00+00:00,1.1363636255264282,1.1368803977966309,1.1363636255264282,1.1368803977966309,0
2025-04-28 01:05:00+00:00,1.1366219520568848,1.1367511749267578,1.1363636255264282,1.1363636255264282,0
2025-04-28 01:10:00+00:00,1.1368803977966309,1.1368803977966309,1.1368803977966309,1.1368803977966309,0
2025-04-28 01:15:00+00:00,1.1368803977966309,1.1368803977966309,1.1368803977966309,1.1368803977966309,0
2025-04-28 01:20:00+00:00,1.1364928483963013,1.1366219520568848,1.1364928483963013,1.1366219520568848,0
2025-04-28 01:25:00+00:00,1.1357183456420898,1.1363636255264282,1.1357183456420898,1.1363636255264282,0
2025-04-28 01:30:00+00:00,1.1357183456420898,1.1358473300933838,1.1357183456420898,1.1357183456420898,0
2025-04-28 01:35:00+00:00,1.1361054182052612,1.1362345218658447,1.1359764337539673,1.1361054182052612,0
2025-04-28 01:40:00+00:00,1.1359764337539673,1.1359764337539673,1.1358473300933838,1.1359764337539673,0
2025-04-28 01:45:00+00:00,1.1358473300933838,1.1359764337539673,1.1358473300933838,1.1359764337539673,0
2025-04-28 01:50:00+00:00,1.1359764337539673,1.1359764337539673,1.1358473300933838,1.1359764337539673,0
2025-04-28 01:55:00+00:00,1.1354604959487915,1.1358473300933838,1.1353315114974976,1.1358473300933838,0
2025-04-28 02:00:00+00:00,1.1353315114974976,1.1353315114974976,1.1349449157714844,1.1353315114974976,0
2025-04-28 02:05:00+00:00,1.1352026462554932,1.135589361190796,1.1352026462554932,1.1352026462554932,0
2025-04-28 02:10:00+00:00,1.1349449157714844,1.1350737810134888,1.1348161697387695,1.1350737810134888,0
2025-04-28 02:15:00+00:00,1.1352026462554932,1.1353315114974976,1.1349449157714844,1.1349449157714844,0
2025-04-28 02:20:00+00:00,1.1352026462554932,1.1354604959487915,1.1352026462554932,1.1353315114974976,0
2025-04-28 02:25:00+00:00,1.1349449157714844,1.1352026462554932,1.1349449157714844,1.1352026462554932,0
2025-04-28 02:30:00+00:00,1.1350737810134888,1.1352026462554932,1.1350737810134888,1.1350737810134888,0
2025-04-28 02:35:00+00:00,1.1354604959487915,1.1354604959487915,1.1352026462554932,1.1352026462554932,0
2025-04-28 02:40:00+00:00,1.135589361190796,1.135589361190796,1.1353315114974976,1.1354604959487915,0
2025-04-28 02:45:00+00:00,1.1358473300933838,1.1358473300933838,1.135589361190796,1.135589361190796,0
2025-04-28 02:50:00+00:00,1.1357183456420898,1.1358473300933838,1.1357183456420898,1.1358473300933838,0
2025-04-28 02:55:00+00:00,1.1357183456420898,1.1358473300933838,1.1357183456420898,1.1358473300933838,0
2025-04-28 03:00:00+00:00,1.135589361190796,1.1357183456420898,1.1354604959487915,1.1357183456420898,0
2025-04-28 03:05:00+00:00,1.1358473300933838,1.1358473300933838,1.1354604959487915,1.135589361190796,0
2025-04-28 03:10:00+00:00,1.1358473300933838,1.1358473300933838,1.1357183456420898,1.1358473300933838,0
2025-04-28 03:15:00+00:00,1.1362345218658447,1.1362345218658447,1.1358473300933838,1.1359764337539673,0
2025-04-28 03:20:00+00:00,1.1358473300933838,1.1361054182052612,1.1358473300933838,1.1361054182052612,0
2025-04-28 03:25:00+00:00,1.1361054182052612,1.1361054182052612,1.1358473300933838,1.1358473300933838,0
2025-04-28 03:30:00+00:00,1.1361054182052612,1.1361054182052612,1.1359764337539673,1.1361054182052612,0
2025-04-28 03:35:00+00:00,1.1361054182052612,1.1362345218658447,1.1361054182052612,1.1361054182052612,0
2025-04-28 03:40:00+00:00,1.1358473300933838,1.1361054182052612,1.1358473300933838,1.1361054182052612,0
2025-04-28 03:45:00+00:00,1.1362345218658447,1.1362345218658447,1.1359764337539673,1.1359764337539673,0
2025-04-28 03:50:00+00:00,1.1362345218658447,1.1363636255264282,1.1362345218658447,1.1362345218658447,0
2025-04-28 03:55:00+00:00,1.1359764337539673,1.1362345218658447,1.1359764337539673,1.1362345218658447,0
2025-04-28 04:00:00+00:00,1.1358473300933838,1.1359764337539673,1.1357183456420898,1.1358473300933838,0
2025-04-28 04:05:00+00:00,1.1359764337539673,1.1359764337539673,1.1357183456420898,1.1357183456420898,0
2025-04-28 04:10:00+00:00,1.1362345218658447,1.1362345218658447,1.1359764337539673,1.1359764337539673,0
2025-04-28 04:15:00+00:00,1.1363636255264282,1.1363636255264282,1.1362345218658447,1.1362345218658447,0
2025-04-28 04:20:00+00:00,1.1363636255264282,1.1363636255264282,1.1363636255264282,1.1363636255264282,0
2025-04-28 04:25:00+00:00,1.1364928483963013,1.1364928483963013,1.1363636255264282,1.1363636255264282,0
2025-04-28 04:30:00+00:00,1.1366219520568848,1.1366219520568848,1.1366219520568848,1.1366219520568848,0
2025-04-28 04:35:00+00:00,1.1366219520568848,1.1367511749267578,1.1364928483963013,1.1364928483963013,0
2025-04-28 04:40:00+00:00,1.1368803977966309,1.1368803977966309,1.1364928483963013,1.1364928483963013,0
2025-04-28 04:45:00+00:00,1.1370097398757935,1.1370097398757935,1.1367511749267578,1.1368803977966309,0
2025-04-28 04:50:00+00:00,1.1373976469039917,1.1373976469039917,1.1371389627456665,1.1371389627456665,0
2025-04-28 04:55:00+00:00,1.1375269889831543,1.1375269889831543,1.137268304824829,1.1373976469039917,0
2025-04-28 05:00:00+00:00,1.138044834136963,1.138044834136963,1.1376564502716064,1.1376564502716064,0
2025-04-28 05:05:00+00:00,1.1379153728485107,1.138044834136963,1.1379153728485107,1.138044834136963,0
2025-04-28 05:10:00+00:00,1.1379153728485107,1.138044834136963,1.1379153728485107,1.138044834136963,0
2025-04-28 05:15:00+00:00,1.1381744146347046,1.1381744146347046,1.1379153728485107,1.1381744146347046,0
2025-04-28 05:20:00+00:00,1.138044834136963,1.1381744146347046,1.1379153728485107,1.1381744146347046,0
2025-04-28 05:25:00+00:00,1.138044834136963,1.1383039951324463,1.138044834136963,1.1381744146347046,0
2025-04-28 05:30:00+00:00,1.1383039951324463,1.1384334564208984,1.138044834136963,1.138044834136963,0
2025-04-28 05:35:00+00:00,1.138044834136963,1.1384334564208984,1.138044834136963,1.1384334564208984,0
2025-04-28 05:40:00+00:00,1.1377859115600586,1.138044834136963,1.1377859115600586,1.138044834136963,0
2025-04-28 05:45:00+00:00,1.1381744146347046,1.1381744146347046,1.1379153728485107,1.138044834136963,0
2025-04-28 05:50:00+00:00,1.1376564502716064,1.1379153728485107,1.1376564502716064,1.1377859115600586,0
2025-04-28 05:55:00+00:00,1.1377859115600586,1.1377859115600586,1.1376564502716064,1.1377859115600586,0
2025-04-28 06:00:00+00:00,1.1375269889831543,1.1376564502716064,1.1375269889831543,1.1376564502716064,0
2025-04-28 06:05:00+00:00,1.137268304824829,1.1373976469039917,1.137268304824829,1.1373976469039917,0
2025-04-28 06:10:00+00:00,1.137268304824829,1.1373976469039917,1.137268304824829,1.137268304824829,0
2025-04-28 06:15:00+00:00,1.1375269889831543,1.1375269889831543,1.137268304824829,1.137268304824829,0
2025-04-28 06:20:00+00:00,1.1371389627456665,1.1373976469039917,1.1371389627456665,1.1373976469039917,0
2025-04-28 06:25:00+00:00,1.1368803977966309,1.1371389627456665,1.1367511749267578,1.1371389627456665,0
2025-04-28 06:30:00+00:00,1.1367511749267578,1.1368803977966309,1.1366219520568848,1.1368803977966309,0
2025-04-28 06:35:00+00:00,1.135589361190796,1.1366219520568848,1.135589361190796,1.1366219520568848,0
2025-04-28 06:40:00+00:00,1.1348161697387695,1.1353315114974976,1.1348161697387695,1.1348161697387695,0
2025-04-28 06:45:00+00:00,1.1349449157714844,1.1349449157714844,1.1346874237060547,1.1348161697387695,0
2025-04-28 06:50:00+00:00,1.1346874237060547,1.1349449157714844,1.1346874237060547,1.1348161697387695,0
2025-04-28 06:55:00+00:00,1.133529782295227,1.1340440511703491,1.133529782295227,1.1339154243469238,0
2025-04-28 07:00:00+00:00,1.1343011856079102,1.1343011856079102,1.1337867975234985,1.1337867975234985,0
2025-04-28 07:05:00+00:00,1.1346874237060547,1.1346874237060547,1.1343011856079102,1.1343011856079102,0
2025-04-28 07:10:00+00:00,1.1345586776733398,1.1349449157714844,1.1345586776733398,1.1349449157714844,0
2025-04-28 07:15:00+00:00,1.1345586776733398,1.1345586776733398,1.1341726779937744,1.1345586776733398,0
2025-04-28 07:20:00+00:00,1.1349449157714844,1.1349449157714844,1.1346874237060547,1.1346874237060547,0
2025-04-28 07:25:00+00:00,1.1352026462554932,1.1353315114974976,1.1349449157714844,1.1350737810134888,0
2025-04-28 07:30:00+00:00,1.1353315114974976,1.1353315114974976,1.1352026462554932,1.1353315114974976,0
2025-04-28 07:35:00+00:00,1.1359764337539673,1.1359764337539673,1.135589361190796,1.135589361190796,0
2025-04-28 07:40:00+00:00,1.1362345218658447,1.1362345218658447,1.1361054182052612,1.1361054182052612,0
2025-04-28 07:45:00+00:00,1.135589361190796,1.1364928483963013,1.135589361190796,1.1364928483963013,0
2025-04-28 07:50:00+00:00,1.135589361190796,1.1357183456420898,1.1354604959487915,1.1354604959487915,0
2025-04-28 07:55:00+00:00,1.1350737810134888,1.1357183456420898,1.1350737810134888,1.1357183456420898,0
2025-04-28 08:00:00+00:00,1.1352026462554932,1.1352026462554932,1.1349449157714844,1.1349449157714844,0
2025-04-28 08:05:00+00:00,1.1352026462554932,1.1352026462554932,1.1348161697387695,1.1348161697387695,0
2025-04-28 08:10:00+00:00,1.1348161697387695,1.1349449157714844,1.1345586776733398,1.1349449157714844,0
2025-04-28 08:15:00+00:00,1.1348161697387695,1.1348161697387695,1.1346874237060547,1.1346874237060547,0
2025-04-28 08:20:00+00:00,1.1349449157714844,1.1349449157714844,1.1348161697387695,1.1348161697387695,0
2025-04-28 08:25:00+00:00,1.1339154243469238,1.1345586776733398,1.1339154243469238,1.1345586776733398,0
2025-04-28 08:30:00+00:00,1.1345586776733398,1.1346874237060547,1.1340440511703491,1.1340440511703491,0
2025-04-28 08:35:00+00:00,1.1353315114974976,1.1353315114974976,1.134429931640625,1.134429931640625,0
2025-04-28 08:40:00+00:00,1.1353315114974976,1.1354604959487915,1.1353315114974976,1.1354604959487915,0
2025-04-28 08:45:00+00:00,1.1352026462554932,1.1353315114974976,1.1349449157714844,1.1349449157714844,0
2025-04-28 08:50:00+00:00,1.1349449157714844,1.1349449157714844,1.1349449157714844,1.1349449157714844,0
2025-04-28 08:55:00+00:00,1.1346874237060547,1.1350737810134888,1.1346874237060547,1.1346874237060547,0
2025-04-28 09:00:00+00:00,1.1354604959487915,1.1354604959487915,1.1346874237060547,1.1346874237060547,0
2025-04-28 09:05:00+00:00,1.1352026462554932,1.1353315114974976,1.1352026462554932,1.1352026462554932,0
2025-04-28 09:10:00+00:00,1.1346874237060547,1.1352026462554932,1.1346874237060547,1.1350737810134888,0
2025-04-28 09:15:00+00:00,1.1348161697387695,1.1349449157714844,1.1345586776733398,1.1345586776733398,0
2025-04-28 09:20:00+00:00,1.1349449157714844,1.1350737810134888,1.1348161697387695,1.1348161697387695,0
2025-04-28 09:25:00+00:00,1.1358473300933838,1.1358473300933838,1.1350737810134888,1.1350737810134888,0
2025-04-28 09:30:00+00:00,1.135589361190796,1.1359764337539673,1.135589361190796,1.1357183456420898,0
2025-04-28 09:35:00+00:00,1.1354604959487915,1.135589361190796,1.1354604959487915,1.135589361190796,0
2025-04-28 09:40:00+00:00,1.1354604959487915,1.1354604959487915,1.1352026462554932,1.1353315114974976,0
2025-04-28 09:45:00+00:00,1.1362345218658447,1.1362345218658447,1.1354604959487915,1.1354604959487915,0
2025-04-28 09:50:00+00:00,1.1358473300933838,1.1361054182052612,1.1357183456420898,1.1357183456420898,0
2025-04-28 09:55:00+00:00,1.1354604959487915,1.1357183456420898,1.1354604959487915,1.1357183456420898,0
2025-04-28 10:00:00+00:00,1.1357183456420898,1.1357183456420898,1.1353315114974976,1.1353315114974976,0
2025-04-28 10:05:00+00:00,1.135589361190796,1.135589361190796,1.1352026462554932,1.135589361190796,0
2025-04-28 10:10:00+00:00,1.1353315114974976,1.1354604959487915,1.1353315114974976,1.1354604959487915,0
2025-04-28 10:15:00+00:00,1.1357183456420898,1.1359764337539673,1.1357183456420898,1.1357183456420898,0
2025-04-28 10:20:00+00:00,1.1358473300933838,1.1359764337539673,1.1358473300933838,1.1358473300933838,0
2025-04-28 10:25:00+00:00,1.1358473300933838,1.1361054182052612,1.1358473300933838,1.1361054182052612,0
2025-04-28 10:30:00+00:00,1.1359764337539673,1.1359764337539673,1.1357183456420898,1.1357183456420898,0
2025-04-28 10:35:00+00:00,1.1361054182052612,1.1362345218658447,1.1359764337539673,1.1359764337539673,0
2025-04-28 10:40:00+00:00,1.1361054182052612,1.1361054182052612,1.1361054182052612,1.1361054182052612,0
2025-04-28 10:45:00+00:00,1.1359764337539673,1.1361054182052612,1.1357183456420898,1.1359764337539673,0
2025-04-28 10:50:00+00:00,1.1357183456420898,1.1361054182052612,1.1357183456420898,1.1361054182052612,0
2025-04-28 10:55:00+00:00,1.1353315114974976,1.135589361190796,1.1353315114974976,1.135589361190796,0
2025-04-28 11:00:00+00:00,1.1352026462554932,1.1352026462554932,1.1349449157714844,1.1350737810134888,0
2025-04-28 11:05:00+00:00,1.1352026462554932,1.1352026462554932,1.1349449157714844,1.1350737810134888,0
2025-04-28 11:10:00+00:00,1.1352026462554932,1.1352026462554932,1.1350737810134888,1.1352026462554932,0
2025-04-28 11:15:00+00:00,1.1350737810134888,1.1350737810134888,1.1349449157714844,1.1350737810134888,0
2025-04-28 11:20:00+00:00,1.1349449157714844,1.1349449157714844,1.1345586776733398,1.1349449157714844,0
2025-04-28 11:25:00+00:00,1.1345586776733398,1.1348161697387695,1.134429931640625,1.1348161697387695,0
2025-04-28 11:30:00+00:00,1.1348161697387695,1.1350737810134888,1.1348161697387695,1.1349449157714844,0
2025-04-28 11:35:00+00:00,1.1349449157714844,1.1352026462554932,1.1349449157714844,1.1350737810134888,0
2025-04-28 11:40:00+00:00,1.1346874237060547,1.1350737810134888,1.1346874237060547,1.1350737810134888,0
2025-04-28 11:45:00+00:00,1.1352026462554932,1.1352026462554932,1.1348161697387695,1.1348161697387695,0
2025-04-28 11:50:00+00:00,1.1357183456420898,1.1357183456420898,1.1353315114974976,1.1353315114974976,0
2025-04-28 11:55:00+00:00,1.1354604959487915,1.1357183456420898,1.1354604959487915,1.1357183456420898,0
2025-04-28 12:00:00+00:00,1.1358473300933838,1.1358473300933838,1.135589361190796,1.135589361190796,0
2025-04-28 12:05:00+00:00,1.1362345218658447,1.1362345218658447,1.1354604959487915,1.1359764337539673,0
2025-04-28 12:10:00+00:00,1.1363636255264282,1.1363636255264282,1.1359764337539673,1.1359764337539673,0
2025-04-28 12:15:00+00:00,1.1367511749267578,1.1367511749267578,1.1361054182052612,1.1363636255264282,0
2025-04-28 12:20:00+00:00,1.1370097398757935,1.1371389627456665,1.1367511749267578,1.1367511749267578,0
2025-04-28 12:25:00+00:00,1.1375269889831543,1.1376564502716064,1.137268304824829,1.137268304824829,0
2025-04-28 12:30:00+00:00,1.1370097398757935,1.137268304824829,1.1370097398757935,1.1371389627456665,0
2025-04-28 12:35:00+00:00,1.1367511749267578,1.1370097398757935,1.1363636255264282,1.1370097398757935,0
2025-04-28 12:40:00+00:00,1.1361054182052612,1.1364928483963013,1.1361054182052612,1.1364928483963013,0
2025-04-28 12:45:00+00:00,1.1359764337539673,1.1361054182052612,1.1357183456420898,1.1359764337539673,0
2025-04-28 12:50:00+00:00,1.1357183456420898,1.1359764337539673,1.1357183456420898,1.1359764337539673,0
2025-04-28 12:55:00+00:00,1.1353315114974976,1.1359764337539673,1.1353315114974976,1.135589361190796,0
2025-04-28 13:00:00+00:00,1.135589361190796,1.135589361190796,1.1354604959487915,1.1354604959487915,0
2025-04-28 13:05:00+00:00,1.1350737810134888,1.1353315114974976,1.1348161697387695,1.1350737810134888,0
2025-04-28 13:10:00+00:00,1.1352026462554932,1.1354604959487915,1.1352026462554932,1.1352026462554932,0
2025-04-28 13:15:00+00:00,1.1346874237060547,1.1350737810134888,1.134429931640625,1.1350737810134888,0
2025-04-28 13:20:00+00:00,1.1350737810134888,1.1350737810134888,1.1346874237060547,1.1346874237060547,0
2025-04-28 13:25:00+00:00,1.1357183456420898,1.1357183456420898,1.1348161697387695,1.1353315114974976,0
2025-04-28 13:30:00+00:00,1.1361054182052612,1.1363636255264282,1.1359764337539673,1.1359764337539673,0
2025-04-28 13:35:00+00:00,1.1364928483963013,1.1367511749267578,1.1362345218658447,1.1362345218658447,0
2025-04-28 13:40:00+00:00,1.1376564502716064,1.1376564502716064,1.1367511749267578,1.1367511749267578,0
2025-04-28 13:45:00+00:00,1.1370097398757935,1.1373976469039917,1.1368803977966309,1.1373976469039917,0
2025-04-28 13:50:00+00:00,1.1361054182052612,1.1370097398757935,1.1361054182052612,1.1370097398757935,0
2025-04-28 13:55:00+00:00,1.1368803977966309,1.1368803977966309,1.1359764337539673,1.1359764337539673,0
2025-04-28 14:00:00+00:00,1.1371389627456665,1.1371389627456665,1.1367511749267578,1.1367511749267578,0
2025-04-28 14:05:00+00:00,1.1367511749267578,1.1371389627456665,1.1366219520568848,1.1370097398757935,0
2025-04-28 14:10:00+00:00,1.1361054182052612,1.1366219520568848,1.1361054182052612,1.1364928483963013,0
2025-04-28 14:15:00+00:00,1.1363636255264282,1.1363636255264282,1.1362345218658447,1.1362345218658447,0
2025-04-28 14:20:00+00:00,1.137268304824829,1.137268304824829,1.1363636255264282,1.1363636255264282,0
2025-04-28 14:25:00+00:00,1.1373976469039917,1.1376564502716064,1.137268304824829,1.1373976469039917,0
2025-04-28 14:30:00+00:00,1.1379153728485107,1.1381744146347046,1.1373976469039917,1.1373976469039917,0
2025-04-28 14:35:00+00:00,1.1396011114120483,1.1396011114120483,1.1383039951324463,1.1383039951324463,0
2025-04-28 14:40:00+00:00,1.1402509212493896,1.1406410932540894,1.1402509212493896,1.1406410932540894,0
2025-04-28 14:45:00+00:00,1.1399909257888794,1.1399909257888794,1.1397310495376587,1.1399909257888794,0
2025-04-28 14:50:00+00:00,1.139211654663086,1.1397310495376587,1.139211654663086,1.1393414735794067,0
2025-04-28 14:55:00+00:00,1.1383039951324463,1.1384334564208984,1.1383039951324463,1.1384334564208984,0
2025-04-28 15:00:00+00:00,1.1384334564208984,1.1386927366256714,1.138044834136963,1.138044834136963,0
2025-04-28 15:05:00+00:00,1.1386927366256714,1.1388224363327026,1.1383039951324463,1.1385631561279297,0
2025-04-28 15:10:00+00:00,1.1375269889831543,1.1386927366256714,1.1375269889831543,1.1386927366256714,0
2025-04-28 15:15:00+00:00,1.1383039951324463,1.1383039951324463,1.1376564502716064,1.1376564502716064,0
2025-04-28 15:20:00+00:00,1.1384334564208984,1.1384334564208984,1.1377859115600586,1.1377859115600586,0
2025-04-28 15:25:00+00:00,1.1383039951324463,1.1383039951324463,1.1379153728485107,1.138044834136963,0
2025-04-28 15:30:00+00:00,1.1385631561279297,1.1385631561279297,1.1383039951324463,1.1384334564208984,0
2025-04-28 15:35:00+00:00,1.1385631561279297,1.1388224363327026,1.1385631561279297,1.1388224363327026,0
2025-04-28 15:40:00+00:00,1.139211654663086,1.139211654663086,1.1389521360397339,1.1389521360397339,0
2025-04-28 15:45:00+00:00,1.1388224363327026,1.1394712924957275,1.1388224363327026,1.1394712924957275,0
2025-04-28 15:50:00+00:00,1.1385631561279297,1.1390818357467651,1.1385631561279297,1.1390818357467651,0
2025-04-28 15:55:00+00:00,1.1389521360397339,1.1389521360397339,1.1385631561279297,1.1388224363327026,0
2025-04-28 16:00:00+00:00,1.1394712924957275,1.1394712924957275,1.1390818357467651,1.139211654663086,0
2025-04-28 16:05:00+00:00,1.1396011114120483,1.1397310495376587,1.1394712924957275,1.1396011114120483,0
2025-04-28 16:10:00+00:00,1.1405109167099,1.1406410932540894,1.1398608684539795,1.1398608684539795,0
2025-04-28 16:15:00+00:00,1.1398608684539795,1.140380859375,1.1398608684539795,1.140380859375,0
2025-04-28 16:20:00+00:00,1.1389521360397339,1.1401208639144897,1.1389521360397339,1.1401208639144897,0
2025-04-28 16:25:00+00:00,1.1397310495376587,1.1397310495376587,1.1389521360397339,1.1389521360397339,0
2025-04-28 16:30:00+00:00,1.1394712924957275,1.1397310495376587,1.1394712924957275,1.1397310495376587,0
2025-04-28 16:35:00+00:00,1.1397310495376587,1.1397310495376587,1.1393414735794067,1.1393414735794067,0
2025-04-28 16:40:00+00:00,1.140380859375,1.140380859375,1.1398608684539795,1.1398608684539795,0
2025-04-28 16:45:00+00:00,1.1402509212493896,1.1405109167099,1.1402509212493896,1.140380859375,0
2025-04-28 16:50:00+00:00,1.141422152519226,1.141422152519226,1.1405109167099,1.1405109167099,0
2025-04-28 16:55:00+00:00,1.1415525674819946,1.1422044038772583,1.1415525674819946,1.1416828632354736,0
2025-04-28 17:00:00+00:00,1.141291856765747,1.141422152519226,1.1410315036773682,1.141291856765747,0
2025-04-28 17:05:00+00:00,1.141291856765747,1.1415525674819946,1.1410315036773682,1.141291856765747,0
2025-04-28 17:10:00+00:00,1.1415525674819946,1.1415525674819946,1.1411616802215576,1.141422152519226,0
2025-04-28 17:15:00+00:00,1.1415525674819946,1.1416828632354736,1.1415525674819946,1.1415525674819946,0
2025-04-28 17:20:00+00:00,1.141422152519226,1.1416828632354736,1.141422152519226,1.1416828632354736,0
2025-04-28 17:25:00+00:00,1.1419435739517212,1.1419435739517212,1.141422152519226,1.1415525674819946,0
2025-04-28 17:30:00+00:00,1.1422044038772583,1.1422044038772583,1.1416828632354736,1.1419435739517212,0
2025-04-28 17:35:00+00:00,1.1411616802215576,1.1422044038772583,1.1411616802215576,1.1422044038772583,0
2025-04-28 17:40:00+00:00,1.141291856765747,1.141291856765747,1.1410315036773682,1.1410315036773682,0
2025-04-28 17:45:00+00:00,1.1411616802215576,1.141291856765747,1.1411616802215576,1.1411616802215576,0
2025-04-28 17:50:00+00:00,1.1407711505889893,1.1409013271331787,1.1407711505889893,1.1409013271331787,0
2025-04-28 17:55:00+00:00,1.140380859375,1.1407711505889893,1.140380859375,1.1407711505889893,0
2025-04-28 18:00:00+00:00,1.1407711505889893,1.1407711505889893,1.140380859375,1.140380859375,0
2025-04-28 18:05:00+00:00,1.141291856765747,1.141291856765747,1.1409013271331787,1.1409013271331787,0
2025-04-28 18:10:00+00:00,1.1410315036773682,1.141422152519226,1.1410315036773682,1.141291856765747,0
2025-04-28 18:15:00+00:00,1.1409013271331787,1.1409013271331787,1.1407711505889893,1.1407711505889893,0
2025-04-28 18:20:00+00:00,1.1410315036773682,1.141291856765747,1.1407711505889893,1.1407711505889893,0
2025-04-28 18:25:00+00:00,1.1411616802215576,1.1411616802215576,1.1409013271331787,1.1409013271331787,0
2025-04-28 18:30:00+00:00,1.141422152519226,1.141422152519226,1.1411616802215576,1.141291856765747,0
2025-04-28 18:35:00+00:00,1.141422152519226,1.1415525674819946,1.141422152519226,1.141422152519226,0
2025-04-28 18:40:00+00:00,1.1410315036773682,1.1415525674819946,1.1410315036773682,1.1415525674819946,0
2025-04-28 18:45:00+00:00,1.1411616802215576,1.1411616802215576,1.1409013271331787,1.1409013271331787,0
2025-04-28 18:50:00+00:00,1.141422152519226,1.1415525674819946,1.1411616802215576,1.141291856765747,0
2025-04-28 18:55:00+00:00,1.1416828632354736,1.1416828632354736,1.141422152519226,1.1415525674819946,0
2025-04-28 19:00:00+00:00,1.1420739889144897,1.1422044038772583,1.1418131589889526,1.1418131589889526,0
2025-04-28 19:05:00+00:00,1.1424654722213745,1.1424654722213745,1.1422044038772583,1.1422044038772583,0
2025-04-28 19:10:00+00:00,1.1422044038772583,1.1424654722213745,1.1422044038772583,1.1422044038772583,0
2025-04-28 19:15:00+00:00,1.1423349380493164,1.1423349380493164,1.1420739889144897,1.1422044038772583,0
2025-04-28 19:20:00+00:00,1.1424654722213745,1.1424654722213745,1.1422044038772583,1.1424654722213745,0
2025-04-28 19:25:00+00:00,1.1422044038772583,1.1424654722213745,1.1422044038772583,1.1423349380493164,0
2025-04-28 19:30:00+00:00,1.1422044038772583,1.1422044038772583,1.1418131589889526,1.1420739889144897,0
2025-04-28 19:35:00+00:00,1.1424654722213745,1.1425960063934326,1.1423349380493164,1.1423349380493164,0
2025-04-28 19:40:00+00:00,1.1424654722213745,1.1424654722213745,1.1423349380493164,1.1424654722213745,0
2025-04-28 19:45:00+00:00,1.1424654722213745,1.1424654722213745,1.1424654722213745,1.1424654722213745,0
2025-04-28 19:50:00+00:00,1.1427265405654907,1.1427265405654907,1.1424654722213745,1.1425960063934326,0
2025-04-28 19:55:00+00:00,1.1425960063934326,1.1427265405654907,1.1425960063934326,1.1427265405654907,0
2025-04-28 20:00:00+00:00,1.1425960063934326,1.1425960063934326,1.1424654722213745,1.1425960063934326,0
2025-04-28 20:05:00+00:00,1.1424654722213745,1.1427265405654907,1.1424654722213745,1.1427265405654907,0
2025-04-28 20:10:00+00:00,1.1427265405654907,1.1427265405654907,1.1424654722213745,1.1424654722213745,0
2025-04-28 20:15:00+00:00,1.1424654722213745,1.1425960063934326,1.1423349380493164,1.1425960063934326,0
2025-04-28 20:20:00+00:00,1.1427265405654907,1.1428571939468384,1.1424654722213745,1.1425960063934326,0
2025-04-28 20:25:00+00:00,1.1427265405654907,1.1427265405654907,1.1425960063934326,1.1425960063934326,0
2025-04-28 20:30:00+00:00,1.1425960063934326,1.1427265405654907,1.1425960063934326,1.1427265405654907,0
2025-04-28 20:35:00+00:00,1.1423349380493164,1.1425960063934326,1.1423349380493164,1.1424654722213745,0
2025-04-28 20:40:00+00:00,1.1425960063934326,1.1425960063934326,1.1423349380493164,1.1423349380493164,0
2025-04-28 20:45:00+00:00,1.1423349380493164,1.1424654722213745,1.1423349380493164,1.1424654722213745,0
2025-04-28 20:50:00+00:00,1.1425960063934326,1.1427265405654907,1.1423349380493164,1.1424654722213745,0
2025-04-28 20:55:00+00:00,1.1424654722213745,1.1425960063934326,1.1424654722213745,1.1425960063934326,0
2025-04-28 21:00:00+00:00,1.1424654722213745,1.1425960063934326,1.1424654722213745,1.1425960063934326,0
2025-04-28 21:05:00+00:00,1.1425960063934326,1.1427265405654907,1.1425960063934326,1.1427265405654907,0
2025-04-28 21:10:00+00:00,1.1427265405654907,1.1427265405654907,1.1424654722213745,1.1425960063934326,0
2025-04-28 21:15:00+00:00,1.1423349380493164,1.1424654722213745,1.1423349380493164,1.1424654722213745,0
2025-04-28 21:20:00+00:00,1.1422044038772583,1.1424654722213745,1.1422044038772583,1.1424654722213745,0
2025-04-28 21:25:00+00:00,1.1425960063934326,1.1425960063934326,1.1423349380493164,1.1424654722213745,0
2025-04-28 21:30:00+00:00,1.1423349380493164,1.1425960063934326,1.1423349380493164,1.1423349380493164,0
2025-04-28 21:35:00+00:00,1.1424654722213745,1.1424654722213745,1.1424654722213745,1.1424654722213745,0
2025-04-28 21:40:00+00:00,1.1424654722213745,1.1425960063934326,1.1423349380493164,1.1424654722213745,0
2025-04-28 21:45:00+00:00,1.1424654722213745,1.1425960063934326,1.1424654722213745,1.1424654722213745,0
2025-04-28 21:50:00+00:00,1.1423349380493164,1.1427265405654907,1.1423349380493164,1.1423349380493164,0
2025-04-28 21:55:00+00:00,1.1425960063934326,1.1425960063934326,1.1423349380493164,1.1425960063934326,0
2025-04-28 22:00:00+00:00,1.1423349380493164,1.1425960063934326,1.1423349380493164,1.1424654722213745,0
2025-04-28 22:05:00+00:00,1.1423349380493164,1.1423349380493164,1.1422044038772583,1.1422044038772583,0
2025-04-28 22:10:00+00:00,1.1419435739517212,1.1423349380493164,1.1419435739517212,1.1423349380493164,0
2025-04-28 22:15:00+00:00,1.1418131589889526,1.1419435739517212,1.1418131589889526,1.1419435739517212,0
2025-04-28 22:20:00+00:00,1.1416828632354736,1.1418131589889526,1.1416828632354736,1.1418131589889526,0
2025-04-28 22:25:00+00:00,1.1416828632354736,1.1419435739517212,1.1416828632354736,1.1416828632354736,0
2025-04-28 22:30:00+00:00,1.1416828632354736,1.1416828632354736,1.1415525674819946,1.1416828632354736,0
2025-04-28 22:35:00+00:00,1.1419435739517212,1.1419435739517212,1.1418131589889526,1.1418131589889526,0
2025-04-28 22:40:00+00:00,1.1419435739517212,1.1419435739517212,1.1418131589889526,1.1419435739517212,0
2025-04-28 22:45:00+00:00,1.1416828632354736,1.1419435739517212,1.1416828632354736,1.1419435739517212,0
2025-04-28 22:50:00+00:00,1.1418131589889526,1.1418131589889526,1.1416828632354736,1.1418131589889526,0
2025-04-28 22:55:00+00:00,1.1416828632354736,1.1418131589889526,1.1415525674819946,1.1418131589889526,0
2025-04-28 23:00:00+00:00,1.1422044038772583,1.1422044038772583,1.1418131589889526,1.1418131589889526,0
2025-04-28 23:05:00+00:00,1.1416828632354736,1.1424654722213745,1.1416828632354736,1.1422044038772583,0
2025-04-28 23:10:00+00:00,1.1410315036773682,1.141291856765747,1.1410315036773682,1.141291856765747,0
2025-04-28 23:15:00+00:00,1.1406410932540894,1.1410315036773682,1.1406410932540894,1.1410315036773682,0
2025-04-28 23:20:00+00:00,1.1410315036773682,1.1410315036773682,1.1406410932540894,1.1406410932540894,0
2025-04-28 23:25:00+00:00,1.1409013271331787,1.1409013271331787,1.1407711505889893,1.1409013271331787,0
2025-04-28 23:30:00+00:00,1.1410315036773682,1.1410315036773682,1.1407711505889893,1.1410315036773682,0
2025-04-28 23:35:00+00:00,1.1409013271331787,1.1410315036773682,1.1409013271331787,1.1410315036773682,0
2025-04-28 23:40:00+00:00,1.1411616802215576,1.1411616802215576,1.1409013271331787,1.1409013271331787,0
2025-04-28 23:45:00+00:00,1.1410315036773682,1.1411616802215576,1.1410315036773682,1.1411616802215576,0
2025-04-28 23:50:00+00:00,1.1411616802215576,1.1411616802215576,1.1411616802215576,1.1411616802215576,0
2025-04-28 23:55:00+00:00,1.1411616802215576,1.1411616802215576,1.1411616802215576,1.1411616802215576,0
2025-04-29 00:00:00+00:00,1.1409013271331787,1.141291856765747,1.1409013271331787,1.141291856765747,0
2025-04-29 00:05:00+00:00,1.141291856765747,1.141291856765747,1.1410315036773682,1.1410315036773682,0
2025-04-29 00:10:00+00:00,1.1419435739517212,1.1419435739517212,1.1415525674819946,1.1415525674819946,0
2025-04-29 00:15:00+00:00,1.1416828632354736,1.1418131589889526,1.1416828632354736,1.1418131589889526,0
2025-04-29 00:20:00+00:00,1.1411616802215576,1.1415525674819946,1.1411616802215576,1.1415525674819946,0
2025-04-29 00:25:00+00:00,1.1411616802215576,1.1411616802215576,1.1409013271331787,1.1409013271331787,0
2025-04-29 00:30:00+00:00,1.1410315036773682,1.1410315036773682,1.1410315036773682,1.1410315036773682,0
2025-04-29 00:35:00+00:00,1.141291856765747,1.141291856765747,1.1410315036773682,1.1410315036773682,0
2025-04-29 00:40:00+00:00,1.1407711505889893,1.141291856765747,1.1407711505889893,1.141291856765747,0
2025-04-29 00:45:00+00:00,1.1406410932540894,1.1409013271331787,1.1406410932540894,1.1409013271331787,0
2025-04-29 00:50:00+00:00,1.1406410932540894,1.1406410932540894,1.140380859375,1.140380859375,0
2025-04-29 00:55:00+00:00,1.140380859375,1.1406410932540894,1.1402509212493896,1.1406410932540894,0
2025-04-29 01:00:00+00:00,1.1406410932540894,1.1407711505889893,1.140380859375,1.140380859375,0
2025-04-29 01:05:00+00:00,1.140380859375,1.1405109167099,1.140380859375,1.1405109167099,0
2025-04-29 01:10:00+00:00,1.1410315036773682,1.1410315036773682,1.1406410932540894,1.1406410932540894,0
2025-04-29 01:15:00+00:00,1.1409013271331787,1.1411616802215576,1.1409013271331787,1.1410315036773682,0
2025-04-29 01:20:00+00:00,1.1406410932540894,1.1410315036773682,1.1406410932540894,1.1407711505889893,0
2025-04-29 01:25:00+00:00,1.1406410932540894,1.1407711505889893,1.1406410932540894,1.1406410932540894,0
2025-04-29 01:30:00+00:00,1.1402509212493896,1.1406410932540894,1.1402509212493896,1.1405109167099,0
2025-04-29 01:35:00+00:00,1.140380859375,1.140380859375,1.1402509212493896,1.1402509212493896,0
2025-04-29 01:40:00+00:00,1.1401208639144897,1.1401208639144897,1.1399909257888794,1.1401208639144897,0
2025-04-29 01:45:00+00:00,1.1396011114120483,1.1401208639144897,1.1396011114120483,1.1399909257888794,0
2025-04-29 01:50:00+00:00,1.1393414735794067,1.1394712924957275,1.139211654663086,1.1394712924957275,0
2025-04-29 01:55:00+00:00,1.1396011114120483,1.1396011114120483,1.139211654663086,1.139211654663086,0
2025-04-29 02:00:00+00:00,1.1399909257888794,1.1399909257888794,1.1396011114120483,1.1396011114120483,0
2025-04-29 02:05:00+00:00,1.1406410932540894,1.1406410932540894,1.1402509212493896,1.1402509212493896,0
2025-04-29 02:10:00+00:00,1.1422044038772583,1.1422044038772583,1.1407711505889893,1.1407711505889893,0
2025-04-29 02:15:00+00:00,1.1418131589889526,1.1419435739517212,1.1418131589889526,1.1419435739517212,0
2025-04-29 02:20:00+00:00,1.1411616802215576,1.1415525674819946,1.1411616802215576,1.1415525674819946,0
2025-04-29 02:25:00+00:00,1.1411616802215576,1.141291856765747,1.1409013271331787,1.1409013271331787,0
2025-04-29 02:30:00+00:00,1.1411616802215576,1.1415525674819946,1.1411616802215576,1.141291856765747,0
2025-04-29 02:35:00+00:00,1.1406410932540894,1.1409013271331787,1.140380859375,1.1409013271331787,0
2025-04-29 02:40:00+00:00,1.1407711505889893,1.1407711505889893,1.1405109167099,1.1406410932540894,0
2025-04-29 02:45:00+00:00,1.1407711505889893,1.1409013271331787,1.1406410932540894,1.1407711505889893,0
2025-04-29 02:50:00+00:00,1.1407711505889893,1.1407711505889893,1.1406410932540894,1.1407711505889893,0
2025-04-29 02:55:00+00:00,1.1402509212493896,1.1406410932540894,1.1402509212493896,1.1406410932540894,0
2025-04-29 03:00:00+00:00,1.1398608684539795,1.1402509212493896,1.1398608684539795,1.1402509212493896,0
2025-04-29 03:05:00+00:00,1.1402509212493896,1.1402509212493896,1.1398608684539795,1.1398608684539795,0
2025-04-29 03:10:00+00:00,1.1397310495376587,1.1399909257888794,1.1397310495376587,1.1399909257888794,0
2025-04-29 03:15:00+00:00,1.1398608684539795,1.1398608684539795,1.1396011114120483,1.1396011114120483,0
2025-04-29 03:20:00+00:00,1.1398608684539795,1.1402509212493896,1.1396011114120483,1.1399909257888794,0
2025-04-29 03:25:00+00:00,1.1396011114120483,1.1398608684539795,1.1396011114120483,1.1398608684539795,0
2025-04-29 03:30:00+00:00,1.1394712924957275,1.1396011114120483,1.1394712924957275,1.1394712924957275,0
2025-04-29 03:35:00+00:00,1.1394712924957275,1.1397310495376587,1.1394712924957275,1.1397310495376587,0
2025-04-29 03:40:00+00:00,1.1396011114120483,1.1398608684539795,1.1394712924957275,1.1394712924957275,0
2025-04-29 03:45:00+00:00,1.1390818357467651,1.1396011114120483,1.1390818357467651,1.1396011114120483,0
2025-04-29 03:50:00+00:00,1.1393414735794067,1.1393414735794067,1.1390818357467651,1.1390818357467651,0
2025-04-29 03:55:00+00:00,1.1393414735794067,1.1393414735794067,1.139211654663086,1.139211654663086,0
2025-04-29 04:00:00+00:00,1.1393414735794067,1.1394712924957275,1.1390818357467651,1.1394712924957275,0
2025-04-29 04:05:00+00:00,1.1394712924957275,1.1394712924957275,1.1393414735794067,1.1393414735794067,0
2025-04-29 04:10:00+00:00,1.1396011114120483,1.1396011114120483,1.1393414735794067,1.1393414735794067,0
2025-04-29 04:15:00+00:00,1.1397310495376587,1.1397310495376587,1.1396011114120483,1.1396011114120483,0
2025-04-29 04:20:00+00:00,1.1393414735794067,1.1394712924957275,1.1393414735794067,1.1394712924957275,0
2025-04-29 04:25:00+00:00,1.1393414735794067,1.1393414735794067,1.1393414735794067,1.1393414735794067,0
2025-04-29 04:30:00+00:00,1.1390818357467651,1.1394712924957275,1.1389521360397339,1.1393414735794067,0
2025-04-29 04:35:00+00:00,1.1390818357467651,1.1390818357467651,1.1388224363327026,1.1388224363327026,0
2025-04-29 04:40:00+00:00,1.1385631561279297,1.1390818357467651,1.1385631561279297,1.1390818357467651,0
2025-04-29 04:45:00+00:00,1.1381744146347046,1.1383039951324463,1.138044834136963,1.1383039951324463,0
2025-04-29 04:50:00+00:00,1.1379153728485107,1.1381744146347046,1.1379153728485107,1.138044834136963,0
2025-04-29 04:55:00+00:00,1.1381744146347046,1.1381744146347046,1.1379153728485107,1.1379153728485107,0
2025-04-29 05:00:00+00:00,1.1381744146347046,1.1383039951324463,1.1381744146347046,1.1383039951324463,0
2025-04-29 05:05:00+00:00,1.1383039951324463,1.1383039951324463,1.1383039951324463,1.1383039951324463,0
2025-04-29 05:10:00+00:00,1.138044834136963,1.138044834136963,1.1379153728485107,1.138044834136963,0
2025-04-29 05:15:00+00:00,1.1384334564208984,1.1384334564208984,1.1383039951324463,1.1383039951324463,0
2025-04-29 05:20:00+00:00,1.1385631561279297,1.1386927366256714,1.1385631561279297,1.1386927366256714,0
2025-04-29 05:25:00+00:00,1.1385631561279297,1.1388224363327026,1.1385631561279297,1.1385631561279297,0
2025-04-29 05:30:00+00:00,1.1388224363327026,1.1388224363327026,1.1386927366256714,1.1386927366256714,0
2025-04-29 05:35:00+00:00,1.1390818357467651,1.1390818357467651,1.1388224363327026,1.1389521360397339,0
2025-04-29 05:40:00+00:00,1.1390818357467651,1.1390818357467651,1.1390818357467651,1.1390818357467651,0
2025-04-29 05:45:00+00:00,1.1390818357467651,1.1390818357467651,1.1389521360397339,1.1390818357467651,0
2025-04-29 05:50:00+00:00,1.1389521360397339,1.1390818357467651,1.1389521360397339,1.1389521360397339,0
2025-04-29 05:55:00+00:00,1.1389521360397339,1.1389521360397339,1.1388224363327026,1.1388224363327026,0
2025-04-29 06:00:00+00:00,1.1388224363327026,1.1390818357467651,1.1386927366256714,1.1389521360397339,0
2025-04-29 06:05:00+00:00,1.139211654663086,1.139211654663086,1.1389521360397339,1.1389521360397339,0
2025-04-29 06:10:00+00:00,1.1396011114120483,1.1397310495376587,1.1394712924957275,1.1394712924957275,0
2025-04-29 06:15:00+00:00,1.1399909257888794,1.1399909257888794,1.1397310495376587,1.1397310495376587,0
2025-04-29 06:20:00+00:00,1.1394712924957275,1.1398608684539795,1.1394712924957275,1.1396011114120483,0
2025-04-29 06:25:00+00:00,1.1399909257888794,1.1399909257888794,1.1394712924957275,1.1394712924957275,0
2025-04-29 06:30:00+00:00,1.1399909257888794,1.1399909257888794,1.1396011114120483,1.1396011114120483,0
2025-04-29 06:35:00+00:00,1.1399909257888794,1.1402509212493896,1.1399909257888794,1.1402509212493896,0
2025-04-29 06:40:00+00:00,1.1397310495376587,1.1398608684539795,1.1396011114120483,1.1398608684539795,0
2025-04-29 06:45:00+00:00,1.1394712924957275,1.1396011114120483,1.139211654663086,1.1396011114120483,0
2025-04-29 06:50:00+00:00,1.1390818357467651,1.1396011114120483,1.1390818357467651,1.1396011114120483,0
2025-04-29 06:55:00+00:00,1.139211654663086,1.139211654663086,1.1388224363327026,1.1388224363327026,0
2025-04-29 07:00:00+00:00,1.1393414735794067,1.1393414735794067,1.139211654663086,1.139211654663086,0
2025-04-29 07:05:00+00:00,1.1402509212493896,1.1402509212493896,1.139211654663086,1.139211654663086,0
2025-04-29 07:10:00+00:00,1.140380859375,1.140380859375,1.1398608684539795,1.1399909257888794,0
2025-04-29 07:15:00+00:00,1.1401208639144897,1.1402509212493896,1.1398608684539795,1.1402509212493896,0
2025-04-29 07:20:00+00:00,1.1396011114120483,1.1402509212493896,1.1393414735794067,1.1402509212493896,0
2025-04-29 07:25:00+00:00,1.1398608684539795,1.1398608684539795,1.139211654663086,1.1396011114120483,0
2025-04-29 07:30:00+00:00,1.1405109167099,1.1405109167099,1.1398608684539795,1.1398608684539795,0
2025-04-29 07:35:00+00:00,1.140380859375,1.140380859375,1.1398608684539795,1.1402509212493896,0
2025-04-29 07:40:00+00:00,1.1407711505889893,1.1407711505889893,1.1405109167099,1.1405109167099,0
2025-04-29 07:45:00+00:00,1.1410315036773682,1.141291856765747,1.1410315036773682,1.1410315036773682,0
2025-04-29 07:50:00+00:00,1.1411616802215576,1.141291856765747,1.1410315036773682,1.1410315036773682,0
2025-04-29 07:55:00+00:00,1.1406410932540894,1.1409013271331787,1.1405109167099,1.1409013271331787,0
2025-04-29 08:00:00+00:00,1.1407711505889893,1.1411616802215576,1.1406410932540894,1.1406410932540894,0
2025-04-29 08:05:00+00:00,1.1402509212493896,1.1405109167099,1.1399909257888794,1.1405109167099,0
2025-04-29 08:10:00+00:00,1.1390818357467651,1.1399909257888794,1.1389521360397339,1.1399909257888794,0
2025-04-29 08:15:00+00:00,1.1397310495376587,1.1397310495376587,1.1396011114120483,1.1396011114120483,0
2025-04-29 08:20:00+00:00,1.1398608684539795,1.1398608684539795,1.1398608684539795,1.1398608684539795,0
2025-04-29 08:25:00+00:00,1.1398608684539795,1.1401208639144897,1.1398608684539795,1.1398608684539795,0
2025-04-29 08:30:00+00:00,1.1396011114120483,1.1398608684539795,1.1396011114120483,1.1398608684539795,0
2025-04-29 08:35:00+00:00,1.1397310495376587,1.1397310495376587,1.1394712924957275,1.1397310495376587,0
2025-04-29 08:40:00+00:00,1.1389521360397339,1.1398608684539795,1.1389521360397339,1.1398608684539795,0
2025-04-29 08:45:00+00:00,1.1390818357467651,1.1390818357467651,1.1389521360397339,1.1389521360397339,0
2025-04-29 08:50:00+00:00,1.1390818357467651,1.1393414735794067,1.1390818357467651,1.1390818357467651,0
2025-04-29 08:55:00+00:00,1.1389521360397339,1.1389521360397339,1.1385631561279297,1.1389521360397339,0
2025-04-29 09:00:00+00:00,1.139211654663086,1.1393414735794067,1.1389521360397339,1.1389521360397339,0
2025-04-29 09:05:00+00:00,1.1396011114120483,1.1397310495376587,1.139211654663086,1.139211654663086,0
2025-04-29 09:10:00+00:00,1.1396011114120483,1.1396011114120483,1.1394712924957275,1.1396011114120483,0
2025-04-29 09:15:00+00:00,1.1396011114120483,1.1396011114120483,1.139211654663086,1.139211654663086,0
2025-04-29 09:20:00+00:00,1.1396011114120483,1.1397310495376587,1.139211654663086,1.1394712924957275,0
2025-04-29 09:25:00+00:00,1.1398608684539795,1.1401208639144897,1.1396011114120483,1.1396011114120483,0
2025-04-29 09:30:00+00:00,1.1394712924957275,1.1398608684539795,1.1394712924957275,1.1398608684539795,0
2025-04-29 09:35:00+00:00,1.139211654663086,1.1393414735794067,1.1390818357467651,1.1393414735794067,0
2025-04-29 09:40:00+00:00,1.1390818357467651,1.139211654663086,1.1390818357467651,1.1390818357467651,0
2025-04-29 09:45:00+00:00,1.1386927366256714,1.1390818357467651,1.1386927366256714,1.1388224363327026,0
2025-04-29 09:50:00+00:00,1.1388224363327026,1.1388224363327026,1.1385631561279297,1.1385631561279297,0
2025-04-29 09:55:00+00:00,1.1384334564208984,1.1386927366256714,1.1384334564208984,1.1386927366256714,0
2025-04-29 10:00:00+00:00,1.1386927366256714,1.1386927366256714,1.1384334564208984,1.1384334564208984,0
2025-04-29 10:05:00+00:00,1.1388224363327026,1.1388224363327026,1.1386927366256714,1.1388224363327026,0
2025-04-29 10:10:00+00:00,1.1383039951324463,1.1386927366256714,1.1383039951324463,1.1386927366256714,0
2025-04-29 10:15:00+00:00,1.1381744146347046,1.1384334564208984,1.1379153728485107,1.1381744146347046,0
2025-04-29 10:20:00+00:00,1.1381744146347046,1.1381744146347046,1.1379153728485107,1.138044834136963,0
2025-04-29 10:25:00+00:00,1.1383039951324463,1.1384334564208984,1.1383039951324463,1.1383039951324463,0
2025-04-29 10:30:00+00:00,1.1386927366256714,1.1386927366256714,1.1384334564208984,1.1384334564208984,0
2025-04-29 10:35:00+00:00,1.1379153728485107,1.1384334564208984,1.1379153728485107,1.1384334564208984,0
2025-04-29 10:40:00+00:00,1.138044834136963,1.1381744146347046,1.1379153728485107,1.1379153728485107,0
2025-04-29 10:45:00+00:00,1.138044834136963,1.138044834136963,1.138044834136963,1.138044834136963,0
2025-04-29 10:50:00+00:00,1.1379153728485107,1.1381744146347046,1.1379153728485107,1.1381744146347046,0
2025-04-29 10:55:00+00:00,1.138044834136963,1.138044834136963,1.1377859115600586,1.1379153728485107,0
2025-04-29 11:00:00+00:00,1.1386927366256714,1.1386927366256714,1.1381744146347046,1.1381744146347046,0
2025-04-29 11:05:00+00:00,1.1388224363327026,1.1388224363327026,1.1385631561279297,1.1385631561279297,0
2025-04-29 11:10:00+00:00,1.1385631561279297,1.1389521360397339,1.1385631561279297,1.1385631561279297,0
2025-04-29 11:15:00+00:00,1.1386927366256714,1.1386927366256714,1.1384334564208984,1.1385631561279297,0
2025-04-29 11:20:00+00:00,1.1385631561279297,1.1386927366256714,1.1384334564208984,1.1386927366256714,0
2025-04-29 11:25:00+00:00,1.1384334564208984,1.1385631561279297,1.1381744146347046,1.1381744146347046,0
2025-04-29 11:30:00+00:00,1.1384334564208984,1.1384334564208984,1.1383039951324463,1.1384334564208984,0
2025-04-29 11:35:00+00:00,1.1379153728485107,1.1383039951324463,1.1379153728485107,1.1383039951324463,0
2025-04-29 11:40:00+00:00,1.1384334564208984,1.1384334564208984,1.138044834136963,1.1381744146347046,0
2025-04-29 11:45:00+00:00,1.1385631561279297,1.1385631561279297,1.1384334564208984,1.1385631561279297,0
2025-04-29 11:50:00+00:00,1.1385631561279297,1.1385631561279297,1.1383039951324463,1.1383039951324463,0
2025-04-29 11:55:00+00:00,1.1376564502716064,1.1383039951324463,1.1375269889831543,1.1383039951324463,0
2025-04-29 12:00:00+00:00,1.1377859115600586,1.1379153728485107,1.1377859115600586,1.1377859115600586,0
2025-04-29 12:05:00+00:00,1.1377859115600586,1.138044834136963,1.1377859115600586,1.1377859115600586,0
2025-04-29 12:10:00+00:00,1.1377859115600586,1.1377859115600586,1.1376564502716064,1.1376564502716064,0
2025-04-29 12:15:00+00:00,1.1375269889831543,1.1377859115600586,1.1375269889831543,1.1377859115600586,0
2025-04-29 12:20:00+00:00,1.1389521360397339,1.1389521360397339,1.1376564502716064,1.1376564502716064,0
2025-04-29 12:25:00+00:00,1.1389521360397339,1.1390818357467651,1.1388224363327026,1.1388224363327026,0
2025-04-29 12:30:00+00:00,1.1389521360397339,1.1390818357467651,1.1389521360397339,1.1389521360397339,0
2025-04-29 12:35:00+00:00,1.139211654663086,1.139211654663086,1.1389521360397339,1.1389521360397339,0
2025-04-29 12:40:00+00:00,1.1401208639144897,1.1401208639144897,1.1393414735794067,1.1393414735794067,0
2025-04-29 12:45:00+00:00,1.1402509212493896,1.1402509212493896,1.1401208639144897,1.1402509212493896,0
2025-04-29 12:50:00+00:00,1.1406410932540894,1.1406410932540894,1.1402509212493896,1.1405109167099,0
2025-04-29 12:55:00+00:00,1.1415525674819946,1.1415525674819946,1.1409013271331787,1.1410315036773682,0
2025-04-29 13:00:00+00:00,1.1407711505889893,1.141422152519226,1.1407711505889893,1.1411616802215576,0
2025-04-29 13:05:00+00:00,1.1402509212493896,1.1407711505889893,1.1402509212493896,1.1407711505889893,0
2025-04-29 13:10:00+00:00,1.1410315036773682,1.1410315036773682,1.1405109167099,1.1405109167099,0
2025-04-29 13:15:00+00:00,1.1415525674819946,1.1415525674819946,1.141291856765747,1.141291856765747,0
2025-04-29 13:20:00+00:00,1.1415525674819946,1.1416828632354736,1.1415525674819946,1.1416828632354736,0
2025-04-29 13:25:00+00:00,1.1411616802215576,1.141422152519226,1.1411616802215576,1.141291856765747,0
2025-04-29 13:30:00+00:00,1.1411616802215576,1.1411616802215576,1.1407711505889893,1.1411616802215576,0
2025-04-29 13:35:00+00:00,1.1416828632354736,1.1416828632354736,1.1409013271331787,1.1411616802215576,0
2025-04-29 13:40:00+00:00,1.1401208639144897,1.1411616802215576,1.1401208639144897,1.1411616802215576,0
2025-04-29 13:45:00+00:00,1.1399909257888794,1.1405109167099,1.1399909257888794,1.1401208639144897,0
2025-04-29 13:50:00+00:00,1.1398608684539795,1.1398608684539795,1.1397310495376587,1.1397310495376587,0
2025-04-29 13:55:00+00:00,1.1401208639144897,1.1401208639144897,1.1398608684539795,1.1401208639144897,0
2025-04-29 14:00:00+00:00,1.1410315036773682,1.141422152519226,1.1410315036773682,1.141422152519226,0
2025-04-29 14:05:00+00:00,1.1398608684539795,1.1405109167099,1.1397310495376587,1.1405109167099,0
2025-04-29 14:10:00+00:00,1.1399909257888794,1.140380859375,1.1397310495376587,1.1397310495376587,0
2025-04-29 14:15:00+00:00,1.1397310495376587,1.1402509212493896,1.1394712924957275,1.1398608684539795,0
2025-04-29 14:20:00+00:00,1.1405109167099,1.1405109167099,1.1394712924957275,1.1394712924957275,0
2025-04-29 14:25:00+00:00,1.1411616802215576,1.1411616802215576,1.1402509212493896,1.1405109167099,0
2025-04-29 14:30:00+00:00,1.1409013271331787,1.1409013271331787,1.1407711505889893,1.1407711505889893,0
2025-04-29 14:35:00+00:00,1.1410315036773682,1.1410315036773682,1.1407711505889893,1.1409013271331787,0
2025-04-29 14:40:00+00:00,1.1398608684539795,1.1411616802215576,1.1398608684539795,1.1411616802215576,0
2025-04-29 14:45:00+00:00,1.1390818357467651,1.1396011114120483,1.1388224363327026,1.1396011114120483,0
2025-04-29 14:50:00+00:00,1.1384334564208984,1.1388224363327026,1.1384334564208984,1.1388224363327026,0
2025-04-29 14:55:00+00:00,1.1384334564208984,1.1389521360397339,1.1383039951324463,1.1383039951324463,0
2025-04-29 15:00:00+00:00,1.1393414735794067,1.1393414735794067,1.1386927366256714,1.1386927366256714,0
2025-04-29 15:05:00+00:00,1.1402509212493896,1.1402509212493896,1.1399909257888794,1.1399909257888794,0
2025-04-29 15:10:00+00:00,1.1398608684539795,1.1405109167099,1.1398608684539795,1.1405109167099,0
2025-04-29 15:15:00+00:00,1.1397310495376587,1.1399909257888794,1.1397310495376587,1.1397310495376587,0
2025-04-29 15:20:00+00:00,1.140380859375,1.140380859375,1.1397310495376587,1.1397310495376587,0
2025-04-29 15:25:00+00:00,1.140380859375,1.1405109167099,1.140380859375,1.140380859375,0
2025-04-29 15:30:00+00:00,1.1402509212493896,1.1406410932540894,1.1402509212493896,1.1405109167099,0
2025-04-29 15:35:00+00:00,1.1401208639144897,1.1405109167099,1.1401208639144897,1.1405109167099,0
2025-04-29 15:40:00+00:00,1.140380859375,1.1406410932540894,1.1402509212493896,1.1402509212493896,0
2025-04-29 15:45:00+00:00,1.1406410932540894,1.1406410932540894,1.1402509212493896,1.1402509212493896,0
2025-04-29 15:50:00+00:00,1.140380859375,1.1405109167099,1.1402509212493896,1.140380859375,0
2025-04-29 15:55:00+00:00,1.1399909257888794,1.1407711505889893,1.1399909257888794,1.1402509212493896,0
2025-04-29 16:00:00+00:00,1.1405109167099,1.1405109167099,1.1399909257888794,1.1401208639144897,0
2025-04-29 16:05:00+00:00,1.1405109167099,1.1407711505889893,1.1405109167099,1.1405109167099,0
2025-04-29 16:10:00+00:00,1.1409013271331787,1.1410315036773682,1.1407711505889893,1.1407711505889893,0
2025-04-29 16:15:00+00:00,1.1411616802215576,1.1411616802215576,1.1406410932540894,1.1406410932540894,0
2025-04-29 16:20:00+00:00,1.1418131589889526,1.1418131589889526,1.1410315036773682,1.1410315036773682,0
2025-04-29 16:25:00+00:00,1.1418131589889526,1.1420739889144897,1.1416828632354736,1.1420739889144897,0
2025-04-29 16:30:00+00:00,1.141422152519226,1.1416828632354736,1.141422152519226,1.1416828632354736,0
2025-04-29 16:35:00+00:00,1.1416828632354736,1.1419435739517212,1.1411616802215576,1.1411616802215576,0
2025-04-29 16:40:00+00:00,1.1410315036773682,1.1419435739517212,1.1410315036773682,1.1419435739517212,0
2025-04-29 16:45:00+00:00,1.1405109167099,1.1407711505889893,1.140380859375,1.1407711505889893,0
2025-04-29 16:50:00+00:00,1.1405109167099,1.1406410932540894,1.140380859375,1.140380859375,0
2025-04-29 16:55:00+00:00,1.1405109167099,1.1405109167099,1.140380859375,1.1405109167099,0
2025-04-29 17:00:00+00:00,1.1402509212493896,1.1407711505889893,1.1402509212493896,1.1407711505889893,0
2025-04-29 17:05:00+00:00,1.1399909257888794,1.1401208639144897,1.1398608684539795,1.1399909257888794,0
2025-04-29 17:10:00+00:00,1.1398608684539795,1.1399909257888794,1.1396011114120483,1.1398608684539795,0
2025-04-29 17:15:00+00:00,1.1397310495376587,1.1397310495376587,1.1396011114120483,1.1397310495376587,0
2025-04-29 17:20:00+00:00,1.1399909257888794,1.1399909257888794,1.1397310495376587,1.1397310495376587,0
2025-04-29 17:25:00+00:00,1.1402509212493896,1.1402509212493896,1.1399909257888794,1.1399909257888794,0
2025-04-29 17:30:00+00:00,1.1399909257888794,1.140380859375,1.1398608684539795,1.140380859375,0
2025-04-29 17:35:00+00:00,1.1398608684539795,1.1399909257888794,1.1398608684539795,1.1399909257888794,0
2025-04-29 17:40:00+00:00,1.1401208639144897,1.1402509212493896,1.1401208639144897,1.1401208639144897,0
2025-04-29 17:45:00+00:00,1.1399909257888794,1.1399909257888794,1.1398608684539795,1.1399909257888794,0
2025-04-29 17:50:00+00:00,1.1397310495376587,1.1401208639144897,1.1397310495376587,1.1398608684539795,0
2025-04-29 17:55:00+00:00,1.1388224363327026,1.1397310495376587,1.1388224363327026,1.1397310495376587,0
2025-04-29 18:00:00+00:00,1.1390818357467651,1.1393414735794067,1.1390818357467651,1.1390818357467651,0
2025-04-29 18:05:00+00:00,1.1390818357467651,1.1396011114120483,1.1390818357467651,1.139211654663086,0
2025-04-29 18:10:00+00:00,1.1385631561279297,1.1385631561279297,1.1381744146347046,1.1385631561279297,0
2025-04-29 18:15:00+00:00,1.138044834136963,1.1386927366256714,1.138044834136963,1.1386927366256714,0
2025-04-29 18:20:00+00:00,1.1381744146347046,1.1381744146347046,1.138044834136963,1.138044834136963,0
2025-04-29 18:25:00+00:00,1.1381744146347046,1.1381744146347046,1.1379153728485107,1.1381744146347046,0
2025-04-29 18:30:00+00:00,1.1386927366256714,1.1386927366256714,1.1381744146347046,1.1381744146347046,0
2025-04-29 18:35:00+00:00,1.1385631561279297,1.1388224363327026,1.1385631561279297,1.1386927366256714,0
2025-04-29 18:40:00+00:00,1.1383039951324463,1.1386927366256714,1.1383039951324463,1.1386927366256714,0
2025-04-29 18:45:00+00:00,1.1381744146347046,1.1384334564208984,1.1381744146347046,1.1383039951324463,0
2025-04-29 18:50:00+00:00,1.1384334564208984,1.1384334564208984,1.1381744146347046,1.1381744146347046,0
2025-04-29 18:55:00+00:00,1.1385631561279297,1.1385631561279297,1.1384334564208984,1.1384334564208984,0
2025-04-29 19:00:00+00:00,1.1388224363327026,1.1389521360397339,1.1386927366256714,1.1386927366256714,0
2025-04-29 19:05:00+00:00,1.1388224363327026,1.1389521360397339,1.1388224363327026,1.1389521360397339,0
2025-04-29 19:10:00+00:00,1.1383039951324463,1.1386927366256714,1.1383039951324463,1.1385631561279297,0
2025-04-29 19:15:00+00:00,1.1384334564208984,1.1384334564208984,1.1383039951324463,1.1384334564208984,0
2025-04-29 19:20:00+00:00,1.1389521360397339,1.1389521360397339,1.1385631561279297,1.1385631561279297,0
2025-04-29 19:25:00+00:00,1.1386927366256714,1.1390818357467651,1.1386927366256714,1.1390818357467651,0
2025-04-29 19:30:00+00:00,1.1388224363327026,1.1388224363327026,1.1386927366256714,1.1386927366256714,0
2025-04-29 19:35:00+00:00,1.1388224363327026,1.1389521360397339,1.1388224363327026,1.1388224363327026,0
2025-04-29 19:40:00+00:00,1.1383039951324463,1.1388224363327026,1.1383039951324463,1.1388224363327026,0
2025-04-29 19:45:00+00:00,1.138044834136963,1.138044834136963,1.138044834136963,1.138044834136963,0
2025-04-29 19:50:00+00:00,1.1383039951324463,1.1383039951324463,1.1379153728485107,1.138044834136963,0
2025-04-29 19:55:00+00:00,1.1384334564208984,1.1386927366256714,1.1384334564208984,1.1384334564208984,0
2025-04-29 20:00:00+00:00,1.1385631561279297,1.1386927366256714,1.1384334564208984,1.1385631561279297,0
2025-04-29 20:05:00+00:00,1.1386927366256714,1.1386927366256714,1.1385631561279297,1.1385631561279297,0
2025-04-29 20:10:00+00:00,1.139211654663086,1.139211654663086,1.1386927366256714,1.1386927366256714,0
2025-04-29 20:15:00+00:00,1.1394712924957275,1.1394712924957275,1.1390818357467651,1.1390818357467651,0
2025-04-29 20:20:00+00:00,1.139211654663086,1.1394712924957275,1.139211654663086,1.1394712924957275,0
2025-04-29 20:25:00+00:00,1.1393414735794067,1.1393414735794067,1.1390818357467651,1.1390818357467651,0
2025-04-29 20:30:00+00:00,1.139211654663086,1.1394712924957275,1.139211654663086,1.1394712924957275,0
2025-04-29 20:35:00+00:00,1.139211654663086,1.1393414735794067,1.139211654663086,1.139211654663086,0
2025-04-29 20:40:00+00:00,1.139211654663086,1.1393414735794067,1.1390818357467651,1.1393414735794067,0
2025-04-29 20:45:00+00:00,1.1390818357467651,1.139211654663086,1.1389521360397339,1.139211654663086,0
2025-04-29 20:50:00+00:00,1.1389521360397339,1.1390818357467651,1.1389521360397339,1.1390818357467651,0
2025-04-29 20:55:00+00:00,1.1389521360397339,1.1389521360397339,1.1388224363327026,1.1388224363327026,0
2025-04-29 21:00:00+00:00,1.1394712924957275,1.1394712924957275,1.1390818357467651,1.1393414735794067,0
2025-04-29 21:05:00+00:00,1.1390818357467651,1.1402509212493896,1.1390818357467651,1.1396011114120483,0
2025-04-29 21:10:00+00:00,1.139211654663086,1.139211654663086,1.1390818357467651,1.1390818357467651,0
2025-04-29 21:15:00+00:00,1.1394712924957275,1.1394712924957275,1.1389521360397339,1.1390818357467651,0
2025-04-29 21:20:00+00:00,1.139211654663086,1.139211654663086,1.1389521360397339,1.139211654663086,0
2025-04-29 21:25:00+00:00,1.139211654663086,1.1393414735794067,1.1390818357467651,1.1393414735794067,0
2025-04-29 21:30:00+00:00,1.1389521360397339,1.1390818357467651,1.1389521360397339,1.1390818357467651,0
2025-04-29 21:35:00+00:00,1.1388224363327026,1.1390818357467651,1.1386927366256714,1.1390818357467651,0
2025-04-29 21:40:00+00:00,1.1390818357467651,1.1390818357467651,1.1388224363327026,1.1388224363327026,0
2025-04-29 21:45:00+00:00,1.139211654663086,1.139211654663086,1.1390818357467651,1.1390818357467651,0
2025-04-29 21:50:00+00:00,1.1393414735794067,1.1393414735794067,1.1388224363327026,1.139211654663086,0
2025-04-29 21:55:00+00:00,1.139211654663086,1.1393414735794067,1.1389521360397339,1.1389521360397339,0
2025-04-29 22:00:00+00:00,1.139211654663086,1.1396011114120483,1.1389521360397339,1.1389521360397339,0
2025-04-29 22:05:00+00:00,1.1394712924957275,1.1394712924957275,1.139211654663086,1.1394712924957275,0
2025-04-29 22:10:00+00:00,1.1394712924957275,1.1394712924957275,1.139211654663086,1.1393414735794067,0
2025-04-29 22:15:00+00:00,1.1397310495376587,1.1397310495376587,1.1393414735794067,1.1393414735794067,0
2025-04-29 22:20:00+00:00,1.1398608684539795,1.1398608684539795,1.1397310495376587,1.1397310495376587,0
2025-04-29 22:25:00+00:00,1.1399909257888794,1.1399909257888794,1.1398608684539795,1.1398608684539795,0
2025-04-29 22:30:00+00:00,1.1397310495376587,1.1399909257888794,1.1397310495376587,1.1399909257888794,0
2025-04-29 22:35:00+00:00,1.1397310495376587,1.1397310495376587,1.1396011114120483,1.1397310495376587,0
2025-04-29 22:40:00+00:00,1.139211654663086,1.1396011114120483,1.139211654663086,1.1396011114120483,0
2025-04-29 22:45:00+00:00,1.1397310495376587,1.1397310495376587,1.1394712924957275,1.1394712924957275,0
2025-04-29 22:50:00+00:00,1.1396011114120483,1.1398608684539795,1.1396011114120483,1.1398608684539795,0
2025-04-29 22:55:00+00:00,1.1396011114120483,1.1398608684539795,1.1396011114120483,1.1396011114120483,0
2025-04-29 23:00:00+00:00,1.1393414735794067,1.1396011114120483,1.1393414735794067,1.1396011114120483,0
2025-04-29 23:05:00+00:00,1.139211654663086,1.1393414735794067,1.139211654663086,1.1393414735794067,0
2025-04-29 23:10:00+00:00,1.1393414735794067,1.1393414735794067,1.139211654663086,1.139211654663086,0
2025-04-29 23:15:00+00:00,1.1394712924957275,1.1394712924957275,1.1393414735794067,1.1393414735794067,0
2025-04-29 23:20:00+00:00,1.1396011114120483,1.1397310495376587,1.1394712924957275,1.1394712924957275,0
2025-04-29 23:25:00+00:00,1.139211654663086,1.1394712924957275,1.139211654663086,1.1394712924957275,0
2025-04-29 23:30:00+00:00,1.1394712924957275,1.1394712924957275,1.139211654663086,1.139211654663086,0
2025-04-29 23:35:00+00:00,1.1394712924957275,1.1394712924957275,1.1393414735794067,1.1394712924957275,0
2025-04-29 23:40:00+00:00,1.1396011114120483,1.1396011114120483,1.1396011114120483,1.1396011114120483,0
2025-04-29 23:45:00+00:00,1.1393414735794067,1.1397310495376587,1.1393414735794067,1.1397310495376587,0
2025-04-29 23:50:00+00:00,1.1390818357467651,1.139211654663086,1.1390818357467651,1.139211654663086,0
2025-04-29 23:55:00+00:00,1.1393414735794067,1.1393414735794067,1.139211654663086,1.139211654663086,0
2025-04-30 00:00:00+00:00,1.1397310495376587,1.1397310495376587,1.1393414735794067,1.1393414735794067,0
2025-04-30 00:05:00+00:00,1.1396011114120483,1.1398608684539795,1.1396011114120483,1.1397310495376587,0
2025-04-30 00:10:00+00:00,1.1397310495376587,1.1398608684539795,1.1394712924957275,1.1394712924957275,0
2025-04-30 00:15:00+00:00,1.1398608684539795,1.1398608684539795,1.1396011114120483,1.1396011114120483,0
2025-04-30 00:20:00+00:00,1.1396011114120483,1.1398608684539795,1.1396011114120483,1.1398608684539795,0
2025-04-30 00:25:00+00:00,1.1394712924957275,1.1396011114120483,1.1394712924957275,1.1396011114120483,0
2025-04-30 00:30:00+00:00,1.139211654663086,1.1396011114120483,1.139211654663086,1.1396011114120483,0
2025-04-30 00:35:00+00:00,1.1393414735794067,1.1393414735794067,1.1393414735794067,1.1393414735794067,0
2025-04-30 00:40:00+00:00,1.1390818357467651,1.139211654663086,1.1390818357467651,1.139211654663086,0
2025-04-30 00:45:00+00:00,1.1389521360397339,1.139211654663086,1.1389521360397339,1.1390818357467651,0
2025-04-30 00:50:00+00:00,1.1383039951324463,1.1388224363327026,1.1383039951324463,1.1388224363327026,0
2025-04-30 00:55:00+00:00,1.1388224363327026,1.1388224363327026,1.1381744146347046,1.1381744146347046,0
2025-04-30 01:00:00+00:00,1.1385631561279297,1.1388224363327026,1.1385631561279297,1.1388224363327026,0
2025-04-30 01:05:00+00:00,1.1383039951324463,1.1385631561279297,1.1383039951324463,1.1385631561279297,0
2025-04-30 01:10:00+00:00,1.1388224363327026,1.1388224363327026,1.1384334564208984,1.1384334564208984,0
2025-04-30 01:15:00+00:00,1.1388224363327026,1.1389521360397339,1.1388224363327026,1.1388224363327026,0
2025-04-30 01:20:00+00:00,1.1388224363327026,1.1389521360397339,1.1386927366256714,1.1389521360397339,0
2025-04-30 01:25:00+00:00,1.1385631561279297,1.1386927366256714,1.1385631561279297,1.1386927366256714,0
2025-04-30 01:30:00+00:00,1.1386927366256714,1.1386927366256714,1.1385631561279297,1.1386927366256714,0
2025-04-30 01:35:00+00:00,1.1388224363327026,1.1389521360397339,1.1385631561279297,1.1385631561279297,0
2025-04-30 01:40:00+00:00,1.1386927366256714,1.1389521360397339,1.1386927366256714,1.1389521360397339,0
2025-04-30 01:45:00+00:00,1.1377859115600586,1.1384334564208984,1.1377859115600586,1.1384334564208984,0
2025-04-30 01:50:00+00:00,1.1373976469039917,1.1377859115600586,1.1373976469039917,1.1377859115600586,0
2025-04-30 01:55:00+00:00,1.1363636255264282,1.1370097398757935,1.1363636255264282,1.1370097398757935,0
2025-04-30 02:00:00+00:00,1.1364928483963013,1.1364928483963013,1.1361054182052612,1.1361054182052612,0
2025-04-30 02:05:00+00:00,1.1368803977966309,1.1368803977966309,1.1363636255264282,1.1364928483963013,0
2025-04-30 02:10:00+00:00,1.1370097398757935,1.1370097398757935,1.1368803977966309,1.1368803977966309,0
2025-04-30 02:15:00+00:00,1.1371389627456665,1.1373976469039917,1.1371389627456665,1.1371389627456665,0
2025-04-30 02:20:00+00:00,1.1371389627456665,1.1371389627456665,1.1368803977966309,1.1371389627456665,0
2025-04-30 02:25:00+00:00,1.137268304824829,1.137268304824829,1.1370097398757935,1.1370097398757935,0
2025-04-30 02:30:00+00:00,1.137268304824829,1.1375269889831543,1.1371389627456665,1.1371389627456665,0
2025-04-30 02:35:00+00:00,1.1371389627456665,1.137268304824829,1.1371389627456665,1.137268304824829,0
2025-04-30 02:40:00+00:00,1.1370097398757935,1.1371389627456665,1.1368803977966309,1.1371389627456665,0
2025-04-30 02:45:00+00:00,1.1371389627456665,1.1371389627456665,1.1370097398757935,1.1370097398757935,0
2025-04-30 02:50:00+00:00,1.1375269889831543,1.1375269889831543,1.1370097398757935,1.1371389627456665,0
2025-04-30 02:55:00+00:00,1.1375269889831543,1.1376564502716064,1.1375269889831543,1.1375269889831543,0
2025-04-30 03:00:00+00:00,1.1377859115600586,1.1377859115600586,1.1376564502716064,1.1377859115600586,0
2025-04-30 03:05:00+00:00,1.1377859115600586,1.1377859115600586,1.1377859115600586,1.1377859115600586,0
2025-04-30 03:10:00+00:00,1.1379153728485107,1.1379153728485107,1.1377859115600586,1.1377859115600586,0
2025-04-30 03:15:00+00:00,1.1381744146347046,1.1381744146347046,1.1379153728485107,1.1379153728485107,0
2025-04-30 03:20:00+00:00,1.1377859115600586,1.138044834136963,1.1377859115600586,1.138044834136963,0
2025-04-30 03:25:00+00:00,1.1381744146347046,1.1381744146347046,1.1377859115600586,1.1377859115600586,0
2025-04-30 03:30:00+00:00,1.1379153728485107,1.1384334564208984,1.1379153728485107,1.1384334564208984,0
2025-04-30 03:35:00+00:00,1.1375269889831543,1.1377859115600586,1.1373976469039917,1.1377859115600586,0
2025-04-30 03:40:00+00:00,1.1375269889831543,1.1375269889831543,1.137268304824829,1.1375269889831543,0
2025-04-30 03:45:00+00:00,1.1376564502716064,1.1376564502716064,1.137268304824829,1.137268304824829,0
2025-04-30 03:50:00+00:00,1.1373976469039917,1.1375269889831543,1.137268304824829,1.1375269889831543,0
2025-04-30 03:55:00+00:00,1.137268304824829,1.1373976469039917,1.1371389627456665,1.137268304824829,0
2025-04-30 04:00:00+00:00,1.1375269889831543,1.1375269889831543,1.137268304824829,1.137268304824829,0
2025-04-30 04:05:00+00:00,1.1371389627456665,1.1373976469039917,1.1371389627456665,1.1373976469039917,0
2025-04-30 04:10:00+00:00,1.1376564502716064,1.1376564502716064,1.1370097398757935,1.1370097398757935,0
2025-04-30 04:15:00+00:00,1.138044834136963,1.138044834136963,1.1375269889831543,1.1375269889831543,0
2025-04-30 04:20:00+00:00,1.1377859115600586,1.138044834136963,1.1377859115600586,1.1379153728485107,0
2025-04-30 04:25:00+00:00,1.1377859115600586,1.1379153728485107,1.1377859115600586,1.1379153728485107,0
2025-04-30 04:30:00+00:00,1.138044834136963,1.138044834136963,1.1377859115600586,1.1377859115600586,0
2025-04-30 04:35:00+00:00,1.1379153728485107,1.1381744146347046,1.1379153728485107,1.138044834136963,0
2025-04-30 04:40:00+00:00,1.1375269889831543,1.138044834136963,1.1375269889831543,1.1379153728485107,0
2025-04-30 04:45:00+00:00,1.1376564502716064,1.1376564502716064,1.1376564502716064,1.1376564502716064,0
2025-04-30 04:50:00+00:00,1.1376564502716064,1.1377859115600586,1.1376564502716064,1.1376564502716064,0
2025-04-30 04:55:00+00:00,1.1377859115600586,1.1377859115600586,1.1375269889831543,1.1377859115600586,0
2025-04-30 05:00:00+00:00,1.1377859115600586,1.1377859115600586,1.1376564502716064,1.1376564502716064,0
2025-04-30 05:05:00+00:00,1.1377859115600586,1.1377859115600586,1.1376564502716064,1.1376564502716064,0
2025-04-30 05:10:00+00:00,1.1379153728485107,1.1381744146347046,1.1379153728485107,1.1379153728485107,0
2025-04-30 05:15:00+00:00,1.1381744146347046,1.1381744146347046,1.1379153728485107,1.1379153728485107,0
2025-04-30 05:20:00+00:00,1.138044834136963,1.1381744146347046,1.1379153728485107,1.1381744146347046,0
2025-04-30 05:25:00+00:00,1.1381744146347046,1.1381744146347046,1.138044834136963,1.138044834136963,0
2025-04-30 05:30:00+00:00,1.1384334564208984,1.1384334564208984,1.138044834136963,1.1381744146347046,0
2025-04-30 05:35:00+00:00,1.1383039951324463,1.1384334564208984,1.1383039951324463,1.1384334564208984,0
2025-04-30 05:40:00+00:00,1.1383039951324463,1.1384334564208984,1.1383039951324463,1.1383039951324463,0
2025-04-30 05:45:00+00:00,1.1381744146347046,1.1383039951324463,1.1381744146347046,1.1383039951324463,0
2025-04-30 05:50:00+00:00,1.1384334564208984,1.1384334564208984,1.1383039951324463,1.1383039951324463,0
2025-04-30 05:55:00+00:00,1.1385631561279297,1.1388224363327026,1.1385631561279297,1.1388224363327026,0
2025-04-30 06:00:00+00:00,1.1383039951324463,1.1385631561279297,1.1383039951324463,1.1384334564208984,0
2025-04-30 06:05:00+00:00,1.138044834136963,1.1381744146347046,1.138044834136963,1.1381744146347046,0
2025-04-30 06:10:00+00:00,1.1376564502716064,1.1376564502716064,1.1371389627456665,1.1371389627456665,0
2025-04-30 06:15:00+00:00,1.1377859115600586,1.1377859115600586,1.1377859115600586,1.1377859115600586,0
2025-04-30 06:20:00+00:00,1.1385631561279297,1.1385631561279297,1.1379153728485107,1.1379153728485107,0
2025-04-30 06:25:00+00:00,1.1393414735794067,1.1393414735794067,1.1388224363327026,1.1388224363327026,0
2025-04-30 06:30:00+00:00,1.1393414735794067,1.1393414735794067,1.1389521360397339,1.1390818357467651,0
2025-04-30 06:35:00+00:00,1.1399909257888794,1.1399909257888794,1.1393414735794067,1.1393414735794067,0
2025-04-30 06:40:00+00:00,1.1396011114120483,1.1399909257888794,1.1396011114120483,1.1399909257888794,0
2025-04-30 06:45:00+00:00,1.1402509212493896,1.1402509212493896,1.1398608684539795,1.1398608684539795,0
2025-04-30 06:50:00+00:00,1.1397310495376587,1.1402509212493896,1.1396011114120483,1.1402509212493896,0
2025-04-30 06:55:00+00:00,1.139211654663086,1.1396011114120483,1.139211654663086,1.1396011114120483,0
2025-04-30 07:00:00+00:00,1.1386927366256714,1.139211654663086,1.1385631561279297,1.139211654663086,0
2025-04-30 07:05:00+00:00,1.1389521360397339,1.1389521360397339,1.1386927366256714,1.1386927366256714,0
2025-04-30 07:10:00+00:00,1.139211654663086,1.139211654663086,1.1390818357467651,1.139211654663086,0
2025-04-30 07:15:00+00:00,1.139211654663086,1.139211654663086,1.1390818357467651,1.139211654663086,0
2025-04-30 07:20:00+00:00,1.1389521360397339,1.1393414735794067,1.1389521360397339,1.1393414735794067,0
2025-04-30 07:25:00+00:00,1.1384334564208984,1.1390818357467651,1.1384334564208984,1.1390818357467651,0
2025-04-30 07:30:00+00:00,1.1379153728485107,1.1381744146347046,1.1379153728485107,1.1381744146347046,0
2025-04-30 07:35:00+00:00,1.1381744146347046,1.1383039951324463,1.138044834136963,1.1381744146347046,0
2025-04-30 07:40:00+00:00,1.138044834136963,1.138044834136963,1.1377859115600586,1.138044834136963,0
2025-04-30 07:45:00+00:00,1.138044834136963,1.138044834136963,1.1377859115600586,1.1379153728485107,0
2025-04-30 07:50:00+00:00,1.1386927366256714,1.1386927366256714,1.1383039951324463,1.1383039951324463,0
2025-04-30 07:55:00+00:00,1.1383039951324463,1.1389521360397339,1.1383039951324463,1.1388224363327026,0
2025-04-30 08:00:00+00:00,1.1385631561279297,1.1385631561279297,1.138044834136963,1.138044834136963,0
2025-04-30 08:05:00+00:00,1.1388224363327026,1.1388224363327026,1.1385631561279297,1.1385631561279297,0
2025-04-30 08:10:00+00:00,1.1383039951324463,1.1388224363327026,1.1383039951324463,1.1388224363327026,0
2025-04-30 08:15:00+00:00,1.1379153728485107,1.1381744146347046,1.1379153728485107,1.1381744146347046,0
2025-04-30 08:20:00+00:00,1.137268304824829,1.1379153728485107,1.1371389627456665,1.1379153728485107,0
2025-04-30 08:25:00+00:00,1.1368803977966309,1.1370097398757935,1.1366219520568848,1.1366219520568848,0
2025-04-30 08:30:00+00:00,1.137268304824829,1.137268304824829,1.1368803977966309,1.1368803977966309,0
2025-04-30 08:35:00+00:00,1.1371389627456665,1.1373976469039917,1.1371389627456665,1.137268304824829,0
2025-04-30 08:40:00+00:00,1.1367511749267578,1.1371389627456665,1.1367511749267578,1.1371389627456665,0
2025-04-30 08:45:00+00:00,1.137268304824829,1.137268304824829,1.1368803977966309,1.1368803977966309,0
2025-04-30 08:50:00+00:00,1.1373976469039917,1.1377859115600586,1.1373976469039917,1.1373976469039917,0
2025-04-30 08:55:00+00:00,1.1376564502716064,1.1376564502716064,1.1373976469039917,1.1373976469039917,0
2025-04-30 09:00:00+00:00,1.1377859115600586,1.1377859115600586,1.1373976469039917,1.1377859115600586,0
2025-04-30 09:05:00+00:00,1.1375269889831543,1.1375269889831543,1.1373976469039917,1.1373976469039917,0
2025-04-30 09:10:00+00:00,1.138044834136963,1.138044834136963,1.1375269889831543,1.1376564502716064,0
2025-04-30 09:15:00+00:00,1.1376564502716064,1.1379153728485107,1.1376564502716064,1.1379153728485107,0
2025-04-30 09:20:00+00:00,1.1375269889831543,1.1376564502716064,1.137268304824829,1.137268304824829,0
2025-04-30 09:25:00+00:00,1.1377859115600586,1.1377859115600586,1.1375269889831543,1.1375269889831543,0
2025-04-30 09:30:00+00:00,1.138044834136963,1.138044834136963,1.1377859115600586,1.1377859115600586,0
2025-04-30 09:35:00+00:00,1.1377859115600586,1.138044834136963,1.1377859115600586,1.138044834136963,0
2025-04-30 09:40:00+00:00,1.1379153728485107,1.1383039951324463,1.1377859115600586,1.1377859115600586,0
2025-04-30 09:45:00+00:00,1.137268304824829,1.1376564502716064,1.137268304824829,1.1376564502716064,0
2025-04-30 09:50:00+00:00,1.1366219520568848,1.1371389627456665,1.1366219520568848,1.1371389627456665,0
2025-04-30 09:55:00+00:00,1.1366219520568848,1.1370097398757935,1.1366219520568848,1.1366219520568848,0
2025-04-30 10:00:00+00:00,1.1368803977966309,1.1368803977966309,1.1366219520568848,1.1367511749267578,0
2025-04-30 10:05:00+00:00,1.1370097398757935,1.1370097398757935,1.1367511749267578,1.1368803977966309,0
2025-04-30 10:10:00+00:00,1.137268304824829,1.137268304824829,1.1370097398757935,1.1371389627456665,0
2025-04-30 10:15:00+00:00,1.1371389627456665,1.1373976469039917,1.1371389627456665,1.1371389627456665,0
2025-04-30 10:20:00+00:00,1.1367511749267578,1.1370097398757935,1.1366219520568848,1.1370097398757935,0
2025-04-30 10:25:00+00:00,1.1370097398757935,1.1370097398757935,1.1368803977966309,1.1368803977966309,0
2025-04-30 10:30:00+00:00,1.1368803977966309,1.1368803977966309,1.1368803977966309,1.1368803977966309,0
2025-04-30 10:35:00+00:00,1.1367511749267578,1.1368803977966309,1.1367511749267578,1.1367511749267578,0
2025-04-30 10:40:00+00:00,1.1366219520568848,1.1366219520568848,1.1366219520568848,1.1366219520568848,0
2025-04-30 10:45:00+00:00,1.1366219520568848,1.1367511749267578,1.1366219520568848,1.1367511749267578,0
2025-04-30 10:50:00+00:00,1.1368803977966309,1.1370097398757935,1.1366219520568848,1.1366219520568848,0
2025-04-30 10:55:00+00:00,1.1364928483963013,1.1368803977966309,1.1364928483963013,1.1368803977966309,0
2025-04-30 11:00:00+00:00,1.1361054182052612,1.1364928483963013,1.1361054182052612,1.1364928483963013,0
2025-04-30 11:05:00+00:00,1.1366219520568848,1.1366219520568848,1.1362345218658447,1.1362345218658447,0
2025-04-30 11:10:00+00:00,1.1366219520568848,1.1366219520568848,1.1363636255264282,1.1364928483963013,0
2025-04-30 11:15:00+00:00,1.1370097398757935,1.1370097398757935,1.1367511749267578,1.1368803977966309,0
2025-04-30 11:20:00+00:00,1.1373976469039917,1.1373976469039917,1.1368803977966309,1.1368803977966309,0
2025-04-30 11:25:00+00:00,1.1373976469039917,1.1376564502716064,1.137268304824829,1.1373976469039917,0
2025-04-30 11:30:00+00:00,1.1376564502716064,1.1376564502716064,1.1376564502716064,1.1376564502716064,0
2025-04-30 11:35:00+00:00,1.1379153728485107,1.1379153728485107,1.1377859115600586,1.1377859115600586,0
2025-04-30 11:40:00+00:00,1.1383039951324463,1.1384334564208984,1.1381744146347046,1.1381744146347046,0
2025-04-30 11:45:00+00:00,1.1381744146347046,1.1383039951324463,1.138044834136963,1.1383039951324463,0
2025-04-30 11:50:00+00:00,1.1377859115600586,1.1381744146347046,1.1377859115600586,1.1381744146347046,0
2025-04-30 11:55:00+00:00,1.1377859115600586,1.138044834136963,1.1376564502716064,1.138044834136963,0
2025-04-30 12:00:00+00:00,1.1376564502716064,1.1377859115600586,1.1375269889831543,1.1377859115600586,0
2025-04-30 12:05:00+00:00,1.1377859115600586,1.1377859115600586,1.1376564502716064,1.1376564502716064,0
2025-04-30 12:10:00+00:00,1.1377859115600586,1.1379153728485107,1.1377859115600586,1.1377859115600586,0
2025-04-30 12:15:00+00:00,1.1384334564208984,1.1386927366256714,1.1381744146347046,1.1384334564208984,0
2025-04-30 12:20:00+00:00,1.1385631561279297,1.1388224363327026,1.1385631561279297,1.1385631561279297,0
2025-04-30 12:25:00+00:00,1.1383039951324463,1.1386927366256714,1.1383039951324463,1.1386927366256714,0
2025-04-30 12:30:00+00:00,1.1375269889831543,1.1376564502716064,1.1371389627456665,1.137268304824829,0
2025-04-30 12:35:00+00:00,1.1373976469039917,1.1376564502716064,1.1370097398757935,1.1373976469039917,0
2025-04-30 12:40:00+00:00,1.1381744146347046,1.1381744146347046,1.137268304824829,1.137268304824829,0
2025-04-30 12:45:00+00:00,1.1377859115600586,1.1389521360397339,1.1377859115600586,1.1388224363327026,0
2025-04-30 12:50:00+00:00,1.1376564502716064,1.1379153728485107,1.1376564502716064,1.1376564502716064,0
2025-04-30 12:55:00+00:00,1.1377859115600586,1.1377859115600586,1.1377859115600586,1.1377859115600586,0
2025-04-30 13:00:00+00:00,1.1371389627456665,1.1377859115600586,1.1371389627456665,1.1377859115600586,0
2025-04-30 13:05:00+00:00,1.1367511749267578,1.1371389627456665,1.1367511749267578,1.1370097398757935,0
2025-04-30 13:10:00+00:00,1.1371389627456665,1.1371389627456665,1.1367511749267578,1.1370097398757935,0
2025-04-30 13:15:00+00:00,1.1370097398757935,1.1375269889831543,1.1370097398757935,1.1375269889831543,0
2025-04-30 13:20:00+00:00,1.1367511749267578,1.137268304824829,1.1366219520568848,1.1370097398757935,0
2025-04-30 13:25:00+00:00,1.1373976469039917,1.1373976469039917,1.1367511749267578,1.1367511749267578,0
2025-04-30 13:30:00+00:00,1.137268304824829,1.1375269889831543,1.1368803977966309,1.1368803977966309,0
2025-04-30 13:35:00+00:00,1.1377859115600586,1.1379153728485107,1.137268304824829,1.137268304824829,0
2025-04-30 13:40:00+00:00,1.1376564502716064,1.1381744146347046,1.1376564502716064,1.1379153728485107,0
2025-04-30 13:45:00+00:00,1.1373976469039917,1.1376564502716064,1.137268304824829,1.1376564502716064,0
2025-04-30 13:50:00+00:00,1.1373976469039917,1.1375269889831543,1.137268304824829,1.1373976469039917,0
2025-04-30 13:55:00+00:00,1.1371389627456665,1.1373976469039917,1.1371389627456665,1.137268304824829,0
2025-04-30 14:00:00+00:00,1.1363636255264282,1.1371389627456665,1.1363636255264282,1.1371389627456665,0
2025-04-30 14:05:00+00:00,1.1359764337539673,1.1361054182052612,1.1354604959487915,1.1361054182052612,0
2025-04-30 14:10:00+00:00,1.1363636255264282,1.1363636255264282,1.1361054182052612,1.1361054182052612,0
2025-04-30 14:15:00+00:00,1.1359764337539673,1.1364928483963013,1.1359764337539673,1.1361054182052612,0
2025-04-30 14:20:00+00:00,1.1368803977966309,1.1368803977966309,1.1361054182052612,1.1361054182052612,0
2025-04-30 14:25:00+00:00,1.1364928483963013,1.1368803977966309,1.1364928483963013,1.1368803977966309,0
2025-04-30 14:30:00+00:00,1.1364928483963013,1.1367511749267578,1.1363636255264282,1.1366219520568848,0
2025-04-30 14:35:00+00:00,1.1363636255264282,1.1364928483963013,1.1363636255264282,1.1363636255264282,0
2025-04-30 14:40:00+00:00,1.1361054182052612,1.1366219520568848,1.1361054182052612,1.1363636255264282,0
2025-04-30 14:45:00+00:00,1.135589361190796,1.1361054182052612,1.135589361190796,1.1359764337539673,0
2025-04-30 14:50:00+00:00,1.1363636255264282,1.1371389627456665,1.1362345218658447,1.1362345218658447,0
2025-04-30 14:55:00+00:00,1.1370097398757935,1.1371389627456665,1.1363636255264282,1.1363636255264282,0
2025-04-30 15:00:00+00:00,1.1377859115600586,1.1377859115600586,1.137268304824829,1.1375269889831543,0
2025-04-30 15:05:00+00:00,1.1371389627456665,1.137268304824829,1.1371389627456665,1.137268304824829,0
2025-04-30 15:10:00+00:00,1.1364928483963013,1.1373976469039917,1.1364928483963013,1.1373976469039917,0
2025-04-30 15:15:00+00:00,1.1362345218658447,1.1366219520568848,1.1362345218658447,1.1366219520568848,0
2025-04-30 15:20:00+00:00,1.1350737810134888,1.1354604959487915,1.1350737810134888,1.1354604959487915,0
2025-04-30 15:25:00+00:00,1.133529782295227,1.1350737810134888,1.133529782295227,1.1350737810134888,0
2025-04-30 15:30:00+00:00,1.1340440511703491,1.1341726779937744,1.1330161094665527,1.133529782295227,0
2025-04-30 15:35:00+00:00,1.1343011856079102,1.134429931640625,1.1337867975234985,1.1339154243469238,0
2025-04-30 15:40:00+00:00,1.1337867975234985,1.1341726779937744,1.1337867975234985,1.1339154243469238,0
2025-04-30 15:45:00+00:00,1.1334012746810913,1.1343011856079102,1.1334012746810913,1.1343011856079102,0
2025-04-30 15:50:00+00:00,1.1345586776733398,1.1349449157714844,1.1337867975234985,1.1337867975234985,0
2025-04-30 15:55:00+00:00,1.1352026462554932,1.1352026462554932,1.1346874237060547,1.1346874237060547,0
2025-04-30 16:00:00+00:00,1.1354604959487915,1.1354604959487915,1.1350737810134888,1.1352026462554932,0
2025-04-30 16:05:00+00:00,1.135589361190796,1.1359764337539673,1.135589361190796,1.135589361190796,0
2025-04-30 16:10:00+00:00,1.135589361190796,1.1357183456420898,1.1354604959487915,1.1357183456420898,0
2025-04-30 16:15:00+00:00,1.1354604959487915,1.135589361190796,1.1353315114974976,1.1353315114974976,0
2025-04-30 16:20:00+00:00,1.1354604959487915,1.1358473300933838,1.1354604959487915,1.135589361190796,0
2025-04-30 16:25:00+00:00,1.1358473300933838,1.1358473300933838,1.135589361190796,1.135589361190796,0
2025-04-30 16:30:00+00:00,1.1357183456420898,1.1357183456420898,1.135589361190796,1.135589361190796,0
2025-04-30 16:35:00+00:00,1.1358473300933838,1.1359764337539673,1.1357183456420898,1.1357183456420898,0
2025-04-30 16:40:00+00:00,1.1352026462554932,1.135589361190796,1.1352026462554932,1.1354604959487915,0
2025-04-30 16:45:00+00:00,1.1358473300933838,1.1358473300933838,1.1354604959487915,1.1354604959487915,0
2025-04-30 16:50:00+00:00,1.1361054182052612,1.1361054182052612,1.135589361190796,1.135589361190796,0
2025-04-30 16:55:00+00:00,1.1358473300933838,1.1362345218658447,1.1358473300933838,1.1362345218658447,0
2025-04-30 17:00:00+00:00,1.1364928483963013,1.1364928483963013,1.1359764337539673,1.1359764337539673,0
2025-04-30 17:05:00+00:00,1.1362345218658447,1.1364928483963013,1.1359764337539673,1.1362345218658447,0
2025-04-30 17:10:00+00:00,1.1363636255264282,1.1364928483963013,1.1361054182052612,1.1364928483963013,0
2025-04-30 17:15:00+00:00,1.1361054182052612,1.1363636255264282,1.1361054182052612,1.1362345218658447,0
2025-04-30 17:20:00+00:00,1.1367511749267578,1.1367511749267578,1.1361054182052612,1.1361054182052612,0
2025-04-30 17:25:00+00:00,1.1367511749267578,1.1368803977966309,1.1366219520568848,1.1366219520568848,0
2025-04-30 17:30:00+00:00,1.1364928483963013,1.1368803977966309,1.1364928483963013,1.1368803977966309,0
2025-04-30 17:35:00+00:00,1.1364928483963013,1.1364928483963013,1.1361054182052612,1.1362345218658447,0
2025-04-30 17:40:00+00:00,1.1366219520568848,1.1366219520568848,1.1364928483963013,1.1364928483963013,0
2025-04-30 17:45:00+00:00,1.1359764337539673,1.1366219520568848,1.1359764337539673,1.1366219520568848,0
2025-04-30 17:50:00+00:00,1.1357183456420898,1.1359764337539673,1.1357183456420898,1.1359764337539673,0
2025-04-30 17:55:00+00:00,1.1350737810134888,1.1354604959487915,1.1350737810134888,1.1354604959487915,0
2025-04-30 18:00:00+00:00,1.1353315114974976,1.1353315114974976,1.1349449157714844,1.1350737810134888,0
2025-04-30 18:05:00+00:00,1.135589361190796,1.1359764337539673,1.1353315114974976,1.1354604959487915,0
2025-04-30 18:10:00+00:00,1.1359764337539673,1.1359764337539673,1.1349449157714844,1.1349449157714844,0
2025-04-30 18:15:00+00:00,1.1353315114974976,1.1362345218658447,1.1353315114974976,1.1359764337539673,0
2025-04-30 18:20:00+00:00,1.1352026462554932,1.1353315114974976,1.1350737810134888,1.1350737810134888,0
2025-04-30 18:25:00+00:00,1.1348161697387695,1.1352026462554932,1.1348161697387695,1.1352026462554932,0
2025-04-30 18:30:00+00:00,1.1348161697387695,1.1348161697387695,1.1348161697387695,1.1348161697387695,0
2025-04-30 18:35:00+00:00,1.1352026462554932,1.1352026462554932,1.1350737810134888,1.1350737810134888,0
2025-04-30 18:40:00+00:00,1.1349449157714844,1.1352026462554932,1.1349449157714844,1.1352026462554932,0
2025-04-30 18:45:00+00:00,1.1354604959487915,1.1354604959487915,1.1349449157714844,1.1349449157714844,0
2025-04-30 18:50:00+00:00,1.1354604959487915,1.1354604959487915,1.1354604959487915,1.1354604959487915,0
2025-04-30 18:55:00+00:00,1.1353315114974976,1.1354604959487915,1.1353315114974976,1.1354604959487915,0
2025-04-30 19:00:00+00:00,1.1354604959487915,1.135589361190796,1.1353315114974976,1.1353315114974976,0
2025-04-30 19:05:00+00:00,1.135589361190796,1.135589361190796,1.1354604959487915,1.135589361190796,0
2025-04-30 19:10:00+00:00,1.1353315114974976,1.1354604959487915,1.1350737810134888,1.1354604959487915,0
2025-04-30 19:15:00+00:00,1.1349449157714844,1.1352026462554932,1.1348161697387695,1.1352026462554932,0
2025-04-30 19:20:00+00:00,1.134429931640625,1.1346874237060547,1.1343011856079102,1.1346874237060547,0
2025-04-30 19:25:00+00:00,1.1343011856079102,1.1343011856079102,1.1343011856079102,1.1343011856079102,0
2025-04-30 19:30:00+00:00,1.134429931640625,1.134429931640625,1.1341726779937744,1.1341726779937744,0
2025-04-30 19:35:00+00:00,1.1343011856079102,1.1343011856079102,1.1343011856079102,1.1343011856079102,0
2025-04-30 19:40:00+00:00,1.1341726779937744,1.134429931640625,1.1341726779937744,1.134429931640625,0
2025-04-30 19:45:00+00:00,1.1343011856079102,1.1343011856079102,1.1341726779937744,1.1341726779937744,0
2025-04-30 19:50:00+00:00,1.1340440511703491,1.1341726779937744,1.1340440511703491,1.1341726779937744,0
2025-04-30 19:55:00+00:00,1.133529782295227,1.1341726779937744,1.1334012746810913,1.1341726779937744,0
2025-04-30 20:00:00+00:00,1.1334012746810913,1.1334012746810913,1.1330161094665527,1.133144497871399,0
2025-04-30 20:05:00+00:00,1.132502794265747,1.133144497871399,1.132502794265747,1.133144497871399,0
2025-04-30 20:10:00+00:00,1.132502794265747,1.1326310634613037,1.132502794265747,1.132502794265747,0
2025-04-30 20:15:00+00:00,1.132502794265747,1.13275945186615,1.132502794265747,1.13275945186615,0
2025-04-30 20:20:00+00:00,1.1326310634613037,1.13275945186615,1.132502794265747,1.132502794265747,0
2025-04-30 20:25:00+00:00,1.1328877210617065,1.1328877210617065,1.1322463750839233,1.132502794265747,0
2025-04-30 20:30:00+00:00,1.1328877210617065,1.1328877210617065,1.1326310634613037,1.1328877210617065,0
2025-04-30 20:35:00+00:00,1.1330161094665527,1.1330161094665527,1.13275945186615,1.1328877210617065,0
2025-04-30 20:40:00+00:00,1.13275945186615,1.1330161094665527,1.13275945186615,1.1330161094665527,0
2025-04-30 20:45:00+00:00,1.1326310634613037,1.1328877210617065,1.1326310634613037,1.1328877210617065,0
2025-04-30 20:50:00+00:00,1.1328877210617065,1.1328877210617065,1.1326310634613037,1.1326310634613037,0
2025-04-30 20:55:00+00:00,1.1332728862762451,1.1332728862762451,1.1328877210617065,1.1328877210617065,0
2025-04-30 21:00:00+00:00,1.133529782295227,1.1337867975234985,1.1332728862762451,1.133529782295227,0
2025-04-30 21:05:00+00:00,1.133529782295227,1.133529782295227,1.133144497871399,1.1334012746810913,0
2025-04-30 21:10:00+00:00,1.133529782295227,1.133529782295227,1.1332728862762451,1.1334012746810913,0
2025-04-30 21:15:00+00:00,1.1332728862762451,1.1334012746810913,1.1332728862762451,1.1332728862762451,0
2025-04-30 21:20:00+00:00,1.133529782295227,1.133529782295227,1.1332728862762451,1.133529782295227,0
2025-04-30 21:25:00+00:00,1.1334012746810913,1.133529782295227,1.1334012746810913,1.1334012746810913,0
2025-04-30 21:30:00+00:00,1.133529782295227,1.133529782295227,1.1332728862762451,1.1334012746810913,0
2025-04-30 21:35:00+00:00,1.1334012746810913,1.133529782295227,1.1334012746810913,1.1334012746810913,0
2025-04-30 21:40:00+00:00,1.133529782295227,1.133529782295227,1.1334012746810913,1.1334012746810913,0
2025-04-30 21:45:00+00:00,1.1332728862762451,1.1334012746810913,1.133144497871399,1.1334012746810913,0
2025-04-30 21:50:00+00:00,1.133144497871399,1.1334012746810913,1.133144497871399,1.1332728862762451,0
2025-04-30 21:55:00+00:00,1.1334012746810913,1.1334012746810913,1.1330161094665527,1.1332728862762451,0
2025-04-30 22:00:00+00:00,1.1332728862762451,1.133529782295227,1.1332728862762451,1.133529782295227,0
2025-04-30 22:05:00+00:00,1.1332728862762451,1.1334012746810913,1.1332728862762451,1.1332728862762451,0
2025-04-30 22:10:00+00:00,1.133144497871399,1.1332728862762451,1.1330161094665527,1.1332728862762451,0
2025-04-30 22:15:00+00:00,1.1328877210617065,1.133144497871399,1.1328877210617065,1.1330161094665527,0
2025-04-30 22:20:00+00:00,1.1330161094665527,1.1330161094665527,1.13275945186615,1.13275945186615,0
2025-04-30 22:25:00+00:00,1.1328877210617065,1.1328877210617065,1.13275945186615,1.1328877210617065,0
2025-04-30 22:30:00+00:00,1.13275945186615,1.1328877210617065,1.13275945186615,1.1328877210617065,0
2025-04-30 22:35:00+00:00,1.1330161094665527,1.1332728862762451,1.1330161094665527,1.1332728862762451,0
2025-04-30 22:40:00+00:00,1.1330161094665527,1.1330161094665527,1.1328877210617065,1.1328877210617065,0
2025-04-30 22:45:00+00:00,1.1330161094665527,1.133144497871399,1.1330161094665527,1.133144497871399,0
2025-04-30 22:50:00+00:00,1.1330161094665527,1.133144497871399,1.1328877210617065,1.1328877210617065,0
2025-04-30 22:55:00+00:00,1.1330161094665527,1.1332728862762451,1.1330161094665527,1.133144497871399,0
2025-04-30 23:00:00+00:00,1.13275945186615,1.1328877210617065,1.13275945186615,1.1328877210617065,0
2025-04-30 23:05:00+00:00,1.1326310634613037,1.1328877210617065,1.1326310634613037,1.1328877210617065,0
2025-04-30 23:10:00+00:00,1.132502794265747,1.1326310634613037,1.132502794265747,1.1326310634613037,0
2025-04-30 23:15:00+00:00,1.132502794265747,1.13275945186615,1.13237464427948,1.13237464427948,0
2025-04-30 23:20:00+00:00,1.13275945186615,1.13275945186615,1.132502794265747,1.132502794265747,0
2025-04-30 23:25:00+00:00,1.13275945186615,1.13275945186615,1.1326310634613037,1.13275945186615,0
2025-04-30 23:30:00+00:00,1.1330161094665527,1.1330161094665527,1.1326310634613037,1.1328877210617065,0
2025-04-30 23:35:00+00:00,1.1330161094665527,1.1330161094665527,1.1328877210617065,1.1330161094665527,0
2025-04-30 23:40:00+00:00,1.1328877210617065,1.1328877210617065,1.1328877210617065,1.1328877210617065,0
2025-04-30 23:45:00+00:00,1.1328877210617065,1.1330161094665527,1.1328877210617065,1.1328877210617065,0
2025-04-30 23:50:00+00:00,1.1328877210617065,1.1330161094665527,1.1328877210617065,1.1330161094665527,0
2025-04-30 23:55:00+00:00,1.1326310634613037,1.1328877210617065,1.1326310634613037,1.1328877210617065,0
2025-05-01 00:00:00+00:00,1.1330161094665527,1.1330161094665527,1.1328877210617065,1.1328877210617065,0
2025-05-01 00:05:00+00:00,1.1330161094665527,1.1330161094665527,1.1326310634613037,1.1330161094665527,0
2025-05-01 00:10:00+00:00,1.133144497871399,1.133144497871399,1.1330161094665527,1.1330161094665527,0
2025-05-01 00:15:00+00:00,1.1332728862762451,1.1332728862762451,1.1330161094665527,1.133144497871399,0
2025-05-01 00:20:00+00:00,1.133144497871399,1.1332728862762451,1.133144497871399,1.1332728862762451,0
2025-05-01 00:25:00+00:00,1.133144497871399,1.1332728862762451,1.133144497871399,1.1332728862762451,0
2025-05-01 00:30:00+00:00,1.1328877210617065,1.1332728862762451,1.1328877210617065,1.133144497871399,0
2025-05-01 00:35:00+00:00,1.1326310634613037,1.1328877210617065,1.1326310634613037,1.1328877210617065,0
2025-05-01 00:40:00+00:00,1.1326310634613037,1.1326310634613037,1.1326310634613037,1.1326310634613037,0
2025-05-01 00:45:00+00:00,1.13275945186615,1.13275945186615,1.13275945186615,1.13275945186615,0
2025-05-01 00:50:00+00:00,1.1326310634613037,1.1328877210617065,1.1326310634613037,1.13275945186615,0
2025-05-01 00:55:00+00:00,1.132502794265747,1.1328877210617065,1.132502794265747,1.1328877210617065,0
2025-05-01 01:00:00+00:00,1.1322463750839233,1.132502794265747,1.1322463750839233,1.132502794265747,0
2025-05-01 01:05:00+00:00,1.1319899559020996,1.1322463750839233,1.1319899559020996,1.1322463750839233,0
2025-05-01 01:10:00+00:00,1.131733775138855,1.1319899559020996,1.131733775138855,1.131861925125122,0
2025-05-01 01:15:00+00:00,1.1314777135849,1.131861925125122,1.1314777135849,1.131861925125122,0
2025-05-01 01:20:00+00:00,1.131733775138855,1.131861925125122,1.1314777135849,1.1314777135849,0
2025-05-01 01:25:00+00:00,1.1316057443618774,1.131733775138855,1.1316057443618774,1.131733775138855,0
2025-05-01 01:30:00+00:00,1.131861925125122,1.131861925125122,1.1313496828079224,1.1313496828079224,0
2025-05-01 01:35:00+00:00,1.1316057443618774,1.131733775138855,1.1316057443618774,1.131733775138855,0
2025-05-01 01:40:00+00:00,1.1314777135849,1.1316057443618774,1.1314777135849,1.1316057443618774,0
2025-05-01 01:45:00+00:00,1.1312217712402344,1.1314777135849,1.1312217712402344,1.1314777135849,0
2025-05-01 01:50:00+00:00,1.1310937404632568,1.1312217712402344,1.1310937404632568,1.1312217712402344,0
2025-05-01 01:55:00+00:00,1.1312217712402344,1.1312217712402344,1.1307101249694824,1.1309658288955688,0
2025-05-01 02:00:00+00:00,1.1310937404632568,1.1310937404632568,1.1309658288955688,1.1309658288955688,0
2025-05-01 02:05:00+00:00,1.1312217712402344,1.1316057443618774,1.1312217712402344,1.1313496828079224,0
2025-05-01 02:10:00+00:00,1.1313496828079224,1.1313496828079224,1.1312217712402344,1.1312217712402344,0
2025-05-01 02:15:00+00:00,1.1316057443618774,1.1316057443618774,1.1313496828079224,1.1313496828079224,0
2025-05-01 02:20:00+00:00,1.131733775138855,1.131733775138855,1.1314777135849,1.1316057443618774,0
2025-05-01 02:25:00+00:00,1.131733775138855,1.131733775138855,1.1316057443618774,1.131733775138855,0
2025-05-01 02:30:00+00:00,1.131733775138855,1.131861925125122,1.131733775138855,1.131861925125122,0
2025-05-01 02:35:00+00:00,1.1316057443618774,1.131861925125122,1.1316057443618774,1.1316057443618774,0
2025-05-01 02:40:00+00:00,1.1316057443618774,1.131733775138855,1.1316057443618774,1.1316057443618774,0
2025-05-01 02:45:00+00:00,1.131733775138855,1.131733775138855,1.1316057443618774,1.1316057443618774,0
2025-05-01 02:50:00+00:00,1.131861925125122,1.131861925125122,1.1316057443618774,1.131733775138855,0
2025-05-01 02:55:00+00:00,1.131861925125122,1.1319899559020996,1.131861925125122,1.131861925125122,0
2025-05-01 03:00:00+00:00,1.131733775138855,1.1321182250976562,1.1316057443618774,1.1319899559020996,0
2025-05-01 03:05:00+00:00,1.1309658288955688,1.1316057443618774,1.1309658288955688,1.1316057443618774,0
2025-05-01 03:10:00+00:00,1.1310937404632568,1.1310937404632568,1.1308379173278809,1.1308379173278809,0
2025-05-01 03:15:00+00:00,1.1312217712402344,1.1312217712402344,1.1308379173278809,1.1308379173278809,0
2025-05-01 03:20:00+00:00,1.1309658288955688,1.1310937404632568,1.1309658288955688,1.1310937404632568,0
2025-05-01 03:25:00+00:00,1.1309658288955688,1.1309658288955688,1.1309658288955688,1.1309658288955688,0
2025-05-01 03:30:00+00:00,1.1307101249694824,1.1308379173278809,1.1307101249694824,1.1308379173278809,0
2025-05-01 03:35:00+00:00,1.130454421043396,1.1305822134017944,1.130454421043396,1.1305822134017944,0
2025-05-01 03:40:00+00:00,1.1305822134017944,1.1305822134017944,1.130454421043396,1.130454421043396,0
2025-05-01 03:45:00+00:00,1.1312217712402344,1.1312217712402344,1.1305822134017944,1.1305822134017944,0
2025-05-01 03:50:00+00:00,1.1312217712402344,1.1312217712402344,1.1310937404632568,1.1310937404632568,0
2025-05-01 03:55:00+00:00,1.1314777135849,1.1314777135849,1.1313496828079224,1.1313496828079224,0
2025-05-01 04:00:00+00:00,1.1314777135849,1.1316057443618774,1.1313496828079224,1.1316057443618774,0
2025-05-01 04:05:00+00:00,1.1313496828079224,1.1313496828079224,1.1312217712402344,1.1313496828079224,0
2025-05-01 04:10:00+00:00,1.131733775138855,1.131733775138855,1.1312217712402344,1.1312217712402344,0
2025-05-01 04:15:00+00:00,1.1312217712402344,1.131733775138855,1.1312217712402344,1.131733775138855,0
2025-05-01 04:20:00+00:00,1.1310937404632568,1.1312217712402344,1.1310937404632568,1.1312217712402344,0
2025-05-01 04:25:00+00:00,1.1313496828079224,1.1313496828079224,1.1312217712402344,1.1312217712402344,0
2025-05-01 04:30:00+00:00,1.1313496828079224,1.1313496828079224,1.1310937404632568,1.1312217712402344,0
2025-05-01 04:35:00+00:00,1.1309658288955688,1.1312217712402344,1.1309658288955688,1.1312217712402344,0
2025-05-01 04:40:00+00:00,1.1310937404632568,1.1312217712402344,1.1309658288955688,1.1309658288955688,0
2025-05-01 04:45:00+00:00,1.1313496828079224,1.1314777135849,1.1310937404632568,1.1310937404632568,0
2025-05-01 04:50:00+00:00,1.1313496828079224,1.1313496828079224,1.1312217712402344,1.1312217712402344,0
2025-05-01 04:55:00+00:00,1.1307101249694824,1.1313496828079224,1.1307101249694824,1.1313496828079224,0
2025-05-01 05:00:00+00:00,1.1301988363265991,1.1305822134017944,1.1301988363265991,1.1305822134017944,0
2025-05-01 05:05:00+00:00,1.1307101249694824,1.1309658288955688,1.1303266286849976,1.1303266286849976,0
2025-05-01 05:10:00+00:00,1.1301988363265991,1.130454421043396,1.1301988363265991,1.130454421043396,0
2025-05-01 05:15:00+00:00,1.130454421043396,1.130454421043396,1.1301988363265991,1.1301988363265991,0
2025-05-01 05:20:00+00:00,1.1298158168792725,1.1300712823867798,1.1298158168792725,1.1300712823867798,0
2025-05-01 05:25:00+00:00,1.1293054819107056,1.1295605897903442,1.1293054819107056,1.1295605897903442,0
2025-05-01 05:30:00+00:00,1.1293054819107056,1.1293054819107056,1.1291780471801758,1.1293054819107056,0
2025-05-01 05:35:00+00:00,1.1295605897903442,1.1296881437301636,1.129433035850525,1.129433035850525,0
2025-05-01 05:40:00+00:00,1.1303266286849976,1.1303266286849976,1.1298158168792725,1.1298158168792725,0
2025-05-01 05:45:00+00:00,1.1300712823867798,1.1300712823867798,1.1300712823867798,1.1300712823867798,0
2025-05-01 05:50:00+00:00,1.1301988363265991,1.1301988363265991,1.1300712823867798,1.1300712823867798,0
2025-05-01 05:55:00+00:00,1.130454421043396,1.1305822134017944,1.1303266286849976,1.1303266286849976,0
2025-05-01 06:00:00+00:00,1.1305822134017944,1.1308379173278809,1.1303266286849976,1.1303266286849976,0
2025-05-01 06:05:00+00:00,1.1307101249694824,1.1309658288955688,1.1307101249694824,1.1307101249694824,0
2025-05-01 06:10:00+00:00,1.1309658288955688,1.1309658288955688,1.1307101249694824,1.1309658288955688,0
2025-05-01 06:15:00+00:00,1.1310937404632568,1.1310937404632568,1.1308379173278809,1.1310937404632568,0
2025-05-01 06:20:00+00:00,1.1308379173278809,1.1308379173278809,1.1307101249694824,1.1308379173278809,0
2025-05-01 06:25:00+00:00,1.1310937404632568,1.1313496828079224,1.1309658288955688,1.1309658288955688,0
2025-05-01 06:30:00+00:00,1.1307101249694824,1.1309658288955688,1.1307101249694824,1.1309658288955688,0
2025-05-01 06:35:00+00:00,1.1310937404632568,1.1310937404632568,1.1307101249694824,1.1307101249694824,0
2025-05-01 06:40:00+00:00,1.1309658288955688,1.1314777135849,1.1309658288955688,1.1313496828079224,0
2025-05-01 06:45:00+00:00,1.1308379173278809,1.1312217712402344,1.1308379173278809,1.1312217712402344,0
2025-05-01 06:50:00+00:00,1.1310937404632568,1.1310937404632568,1.1310937404632568,1.1310937404632568,0
2025-05-01 06:55:00+00:00,1.130454421043396,1.1309658288955688,1.130454421043396,1.1309658288955688,0
2025-05-01 07:00:00+00:00,1.1301988363265991,1.1307101249694824,1.1300712823867798,1.1307101249694824,0
2025-05-01 07:05:00+00:00,1.1295605897903442,1.130454421043396,1.129433035850525,1.130454421043396,0
2025-05-01 07:10:00+00:00,1.1296881437301636,1.1296881437301636,1.1295605897903442,1.1296881437301636,0
2025-05-01 07:15:00+00:00,1.1291780471801758,1.1295605897903442,1.1291780471801758,1.1295605897903442,0
2025-05-01 07:20:00+00:00,1.1299434900283813,1.1299434900283813,1.1291780471801758,1.1291780471801758,0
2025-05-01 07:25:00+00:00,1.129433035850525,1.1299434900283813,1.129433035850525,1.1298158168792725,0
2025-05-01 07:30:00+00:00,1.1301988363265991,1.1303266286849976,1.1299434900283813,1.1299434900283813,0
2025-05-01 07:35:00+00:00,1.130454421043396,1.1307101249694824,1.1303266286849976,1.1303266286849976,0
2025-05-01 07:40:00+00:00,1.1305822134017944,1.1305822134017944,1.1305822134017944,1.1305822134017944,0
2025-05-01 07:45:00+00:00,1.1309658288955688,1.1309658288955688,1.1307101249694824,1.1307101249694824,0
2025-05-01 07:50:00+00:00,1.1310937404632568,1.1310937404632568,1.1310937404632568,1.1310937404632568,0
2025-05-01 07:55:00+00:00,1.1314777135849,1.1314777135849,1.1308379173278809,1.1308379173278809,0
2025-05-01 08:00:00+00:00,1.1322463750839233,1.1322463750839233,1.131733775138855,1.131733775138855,0
2025-05-01 08:05:00+00:00,1.13237464427948,1.132502794265747,1.13237464427948,1.132502794265747,0
2025-05-01 08:10:00+00:00,1.13237464427948,1.132502794265747,1.1322463750839233,1.13237464427948,0
2025-05-01 08:15:00+00:00,1.133144497871399,1.133144497871399,1.13237464427948,1.13237464427948,0
2025-05-01 08:20:00+00:00,1.1332728862762451,1.1334012746810913,1.133144497871399,1.133144497871399,0
2025-05-01 08:25:00+00:00,1.1332728862762451,1.1332728862762451,1.133144497871399,1.133144497871399,0
2025-05-01 08:30:00+00:00,1.1330161094665527,1.133144497871399,1.1330161094665527,1.1330161094665527,0
2025-05-01 08:35:00+00:00,1.1330161094665527,1.133529782295227,1.1330161094665527,1.133529782295227,0
2025-05-01 08:40:00+00:00,1.1328877210617065,1.1330161094665527,1.1328877210617065,1.1330161094665527,0
2025-05-01 08:45:00+00:00,1.1328877210617065,1.1328877210617065,1.13275945186615,1.1328877210617065,0
2025-05-01 08:50:00+00:00,1.133144497871399,1.133144497871399,1.1328877210617065,1.1330161094665527,0
2025-05-01 08:55:00+00:00,1.132502794265747,1.133144497871399,1.132502794265747,1.133144497871399,0
2025-05-01 09:00:00+00:00,1.1326310634613037,1.13275945186615,1.132502794265747,1.132502794265747,0
2025-05-01 09:05:00+00:00,1.1326310634613037,1.13275945186615,1.1326310634613037,1.1326310634613037,0
2025-05-01 09:10:00+00:00,1.1322463750839233,1.132502794265747,1.1322463750839233,1.132502794265747,0
2025-05-01 09:15:00+00:00,1.1326310634613037,1.1326310634613037,1.1321182250976562,1.1321182250976562,0
2025-05-01 09:20:00+00:00,1.1328877210617065,1.1328877210617065,1.1326310634613037,1.1326310634613037,0
2025-05-01 09:25:00+00:00,1.132502794265747,1.1328877210617065,1.132502794265747,1.1328877210617065,0
2025-05-01 09:30:00+00:00,1.13237464427948,1.132502794265747,1.13237464427948,1.132502794265747,0
2025-05-01 09:35:00+00:00,1.1322463750839233,1.13237464427948,1.1319899559020996,1.13237464427948,0
2025-05-01 09:40:00+00:00,1.1322463750839233,1.1322463750839233,1.1321182250976562,1.1322463750839233,0
2025-05-01 09:45:00+00:00,1.132502794265747,1.132502794265747,1.1321182250976562,1.13237464427948,0
2025-05-01 09:50:00+00:00,1.13237464427948,1.132502794265747,1.13237464427948,1.132502794265747,0
2025-05-01 09:55:00+00:00,1.1322463750839233,1.1322463750839233,1.1322463750839233,1.1322463750839233,0
2025-05-01 10:00:00+00:00,1.1322463750839233,1.1322463750839233,1.131733775138855,1.131861925125122,0
2025-05-01 10:05:00+00:00,1.1326310634613037,1.1326310634613037,1.1321182250976562,1.1322463750839233,0
2025-05-01 10:10:00+00:00,1.13275945186615,1.13275945186615,1.1326310634613037,1.13275945186615,0
2025-05-01 10:15:00+00:00,1.1328877210617065,1.1330161094665527,1.1328877210617065,1.1328877210617065,0
2025-05-01 10:20:00+00:00,1.1326310634613037,1.1328877210617065,1.1326310634613037,1.13275945186615,0
2025-05-01 10:25:00+00:00,1.1321182250976562,1.132502794265747,1.1321182250976562,1.132502794265747,0
2025-05-01 10:30:00+00:00,1.13237464427948,1.13275945186615,1.13237464427948,1.13237464427948,0
2025-05-01 10:35:00+00:00,1.133144497871399,1.133144497871399,1.132502794265747,1.132502794265747,0
2025-05-01 10:40:00+00:00,1.133144497871399,1.1332728862762451,1.133144497871399,1.133144497871399,0
2025-05-01 10:45:00+00:00,1.1334012746810913,1.1334012746810913,1.1332728862762451,1.1332728862762451,0
2025-05-01 10:50:00+00:00,1.1334012746810913,1.1334012746810913,1.1334012746810913,1.1334012746810913,0
2025-05-01 10:55:00+00:00,1.1336582899093628,1.1337867975234985,1.133529782295227,1.133529782295227,0
2025-05-01 11:00:00+00:00,1.1336582899093628,1.1337867975234985,1.133529782295227,1.1336582899093628,0
2025-05-01 11:05:00+00:00,1.1334012746810913,1.133529782295227,1.1332728862762451,1.133529782295227,0
2025-05-01 11:10:00+00:00,1.1334012746810913,1.1336582899093628,1.1334012746810913,1.133529782295227,0
2025-05-01 11:15:00+00:00,1.1341726779937744,1.1343011856079102,1.1334012746810913,1.1334012746810913,0
2025-05-01 11:20:00+00:00,1.1343011856079102,1.1343011856079102,1.1339154243469238,1.1339154243469238,0
2025-05-01 11:25:00+00:00,1.1340440511703491,1.1341726779937744,1.1340440511703491,1.1340440511703491,0
2025-05-01 11:30:00+00:00,1.1340440511703491,1.1341726779937744,1.1340440511703491,1.1341726779937744,0
2025-05-01 11:35:00+00:00,1.1340440511703491,1.1340440511703491,1.1340440511703491,1.1340440511703491,0
2025-05-01 11:40:00+00:00,1.1334012746810913,1.1341726779937744,1.1334012746810913,1.1341726779937744,0
2025-05-01 11:45:00+00:00,1.13237464427948,1.1332728862762451,1.13237464427948,1.1332728862762451,0
2025-05-01 11:50:00+00:00,1.1321182250976562,1.1326310634613037,1.1321182250976562,1.13237464427948,0
2025-05-01 11:55:00+00:00,1.132502794265747,1.132502794265747,1.1321182250976562,1.1322463750839233,0
2025-05-01 12:00:00+00:00,1.13275945186615,1.13275945186615,1.1321182250976562,1.1321182250976562,0
2025-05-01 12:05:00+00:00,1.132502794265747,1.13275945186615,1.13237464427948,1.13275945186615,0
2025-05-01 12:10:00+00:00,1.131733775138855,1.1322463750839233,1.131733775138855,1.1322463750839233,0
2025-05-01 12:15:00+00:00,1.1313496828079224,1.1316057443618774,1.1313496828079224,1.1316057443618774,0
2025-05-01 12:20:00+00:00,1.1314777135849,1.131733775138855,1.1313496828079224,1.1313496828079224,0
2025-05-01 12:25:00+00:00,1.1321182250976562,1.1321182250976562,1.1314777135849,1.1314777135849,0
2025-05-01 12:30:00+00:00,1.133529782295227,1.1337867975234985,1.1332728862762451,1.1332728862762451,0
2025-05-01 12:35:00+00:00,1.1330161094665527,1.1337867975234985,1.1330161094665527,1.1332728862762451,0
2025-05-01 12:40:00+00:00,1.1322463750839233,1.13275945186615,1.1322463750839233,1.13275945186615,0
2025-05-01 12:45:00+00:00,1.1319899559020996,1.132502794265747,1.1319899559020996,1.132502794265747,0
2025-05-01 12:50:00+00:00,1.1326310634613037,1.1326310634613037,1.1322463750839233,1.13237464427948,0
2025-05-01 12:55:00+00:00,1.131861925125122,1.13237464427948,1.131861925125122,1.13237464427948,0
2025-05-01 13:00:00+00:00,1.1321182250976562,1.13237464427948,1.131733775138855,1.131733775138855,0
2025-05-01 13:05:00+00:00,1.132502794265747,1.132502794265747,1.1321182250976562,1.1321182250976562,0
2025-05-01 13:10:00+00:00,1.1326310634613037,1.133144497871399,1.13237464427948,1.13237464427948,0
2025-05-01 13:15:00+00:00,1.132502794265747,1.1326310634613037,1.13237464427948,1.13237464427948,0
2025-05-01 13:20:00+00:00,1.132502794265747,1.1326310634613037,1.132502794265747,1.132502794265747,0
2025-05-01 13:25:00+00:00,1.1326310634613037,1.13275945186615,1.132502794265747,1.132502794265747,0
2025-05-01 13:30:00+00:00,1.13237464427948,1.13275945186615,1.13237464427948,1.132502794265747,0
2025-05-01 13:35:00+00:00,1.1326310634613037,1.13275945186615,1.13237464427948,1.132502794265747,0
2025-05-01 13:40:00+00:00,1.1321182250976562,1.132502794265747,1.1321182250976562,1.132502794265747,0
2025-05-01 13:45:00+00:00,1.1319899559020996,1.1319899559020996,1.1316057443618774,1.131861925125122,0
2025-05-01 13:50:00+00:00,1.13237464427948,1.13237464427948,1.1319899559020996,1.1319899559020996,0
2025-05-01 13:55:00+00:00,1.132502794265747,1.132502794265747,1.1319899559020996,1.1321182250976562,0
2025-05-01 14:00:00+00:00,1.1309658288955688,1.1312217712402344,1.1305822134017944,1.1305822134017944,0
2025-05-01 14:05:00+00:00,1.1296881437301636,1.1314777135849,1.1296881437301636,1.1314777135849,0
2025-05-01 14:10:00+00:00,1.1299434900283813,1.1301988363265991,1.1296881437301636,1.1296881437301636,0
2025-05-01 14:15:00+00:00,1.1293054819107056,1.1298158168792725,1.1293054819107056,1.1296881437301636,0
2025-05-01 14:20:00+00:00,1.1293054819107056,1.1295605897903442,1.1291780471801758,1.1291780471801758,0
2025-05-01 14:25:00+00:00,1.1293054819107056,1.1293054819107056,1.1290504932403564,1.1291780471801758,0
2025-05-01 14:30:00+00:00,1.1287955045700073,1.1291780471801758,1.1287955045700073,1.1290504932403564,0
2025-05-01 14:35:00+00:00,1.1293054819107056,1.1293054819107056,1.1289230585098267,1.1291780471801758,0
2025-05-01 14:40:00+00:00,1.1293054819107056,1.1293054819107056,1.1289230585098267,1.1291780471801758,0
2025-05-01 14:45:00+00:00,1.128668189048767,1.1295605897903442,1.128668189048767,1.129433035850525,0
2025-05-01 14:50:00+00:00,1.1276500225067139,1.1282861232757568,1.1276500225067139,1.1282861232757568,0
2025-05-01 14:55:00+00:00,1.1285407543182373,1.1285407543182373,1.1275228261947632,1.1276500225067139,0
2025-05-01 15:00:00+00:00,1.1282861232757568,1.1289230585098267,1.1282861232757568,1.128668189048767,0
2025-05-01 15:05:00+00:00,1.1289230585098267,1.1290504932403564,1.128668189048767,1.128668189048767,0
2025-05-01 15:10:00+00:00,1.1289230585098267,1.1293054819107056,1.1289230585098267,1.1290504932403564,0
2025-05-01 15:15:00+00:00,1.1282861232757568,1.1291780471801758,1.1282861232757568,1.1290504932403564,0
2025-05-01 15:20:00+00:00,1.128031611442566,1.1282861232757568,1.1279042959213257,1.1282861232757568,0
2025-05-01 15:25:00+00:00,1.1285407543182373,1.1285407543182373,1.1281588077545166,1.1281588077545166,0
2025-05-01 15:30:00+00:00,1.1279042959213257,1.1285407543182373,1.1279042959213257,1.1285407543182373,0
2025-05-01 15:35:00+00:00,1.1275228261947632,1.1279042959213257,1.1275228261947632,1.1276500225067139,0
2025-05-01 15:40:00+00:00,1.1273956298828125,1.1275228261947632,1.127268671989441,1.1275228261947632,0
2025-05-01 15:45:00+00:00,1.1271415948867798,1.127268671989441,1.1270145177841187,1.127268671989441,0
2025-05-01 15:50:00+00:00,1.1270145177841187,1.127268671989441,1.1270145177841187,1.127268671989441,0
2025-05-01 15:55:00+00:00,1.128413438796997,1.128413438796997,1.127268671989441,1.127268671989441,0
2025-05-01 16:00:00+00:00,1.128031611442566,1.1282861232757568,1.1277772188186646,1.1282861232757568,0
2025-05-01 16:05:00+00:00,1.1281588077545166,1.128413438796997,1.1281588077545166,1.1281588077545166,0
2025-05-01 16:10:00+00:00,1.128668189048767,1.128668189048767,1.1281588077545166,1.1282861232757568,0
2025-05-01 16:15:00+00:00,1.128668189048767,1.1287955045700073,1.128668189048767,1.1287955045700073,0
2025-05-01 16:20:00+00:00,1.128031611442566,1.128413438796997,1.128031611442566,1.128413438796997,0
2025-05-01 16:25:00+00:00,1.128413438796997,1.128413438796997,1.1279042959213257,1.128031611442566,0
2025-05-01 16:30:00+00:00,1.128668189048767,1.128668189048767,1.1282861232757568,1.128413438796997,0
2025-05-01 16:35:00+00:00,1.1287955045700073,1.1287955045700073,1.128668189048767,1.1287955045700073,0
2025-05-01 16:40:00+00:00,1.1285407543182373,1.1287955045700073,1.1285407543182373,1.128668189048767,0
2025-05-01 16:45:00+00:00,1.1290504932403564,1.1291780471801758,1.1287955045700073,1.1287955045700073,0
2025-05-01 16:50:00+00:00,1.129433035850525,1.129433035850525,1.1291780471801758,1.1291780471801758,0
2025-05-01 16:55:00+00:00,1.1295605897903442,1.1295605897903442,1.129433035850525,1.129433035850525,0
2025-05-01 17:00:00+00:00,1.1289230585098267,1.129433035850525,1.1289230585098267,1.129433035850525,0
2025-05-01 17:05:00+00:00,1.1290504932403564,1.1290504932403564,1.1289230585098267,1.1289230585098267,0
2025-05-01 17:10:00+00:00,1.129433035850525,1.129433035850525,1.1290504932403564,1.1290504932403564,0
2025-05-01 17:15:00+00:00,1.1293054819107056,1.129433035850525,1.1293054819107056,1.129433035850525,0
2025-05-01 17:20:00+00:00,1.1289230585098267,1.1293054819107056,1.1289230585098267,1.1293054819107056,0
2025-05-01 17:25:00+00:00,1.128668189048767,1.1289230585098267,1.128668189048767,1.1287955045700073,0
2025-05-01 17:30:00+00:00,1.128413438796997,1.128668189048767,1.128413438796997,1.128668189048767,0
2025-05-01 17:35:00+00:00,1.128413438796997,1.1285407543182373,1.128413438796997,1.1285407543182373,0
2025-05-01 17:40:00+00:00,1.128668189048767,1.128668189048767,1.1285407543182373,1.1285407543182373,0
2025-05-01 17:45:00+00:00,1.128668189048767,1.128668189048767,1.128413438796997,1.1285407543182373,0
2025-05-01 17:50:00+00:00,1.128668189048767,1.128668189048767,1.1285407543182373,1.128668189048767,0
2025-05-01 17:55:00+00:00,1.128668189048767,1.128668189048767,1.128668189048767,1.128668189048767,0
2025-05-01 18:00:00+00:00,1.1279042959213257,1.1285407543182373,1.1279042959213257,1.1285407543182373,0
2025-05-01 18:05:00+00:00,1.128668189048767,1.128668189048767,1.1281588077545166,1.1281588077545166,0
2025-05-01 18:10:00+00:00,1.1291780471801758,1.1291780471801758,1.1287955045700073,1.1287955045700073,0
2025-05-01 18:15:00+00:00,1.1290504932403564,1.1293054819107056,1.1290504932403564,1.1290504932403564,0
2025-05-01 18:20:00+00:00,1.128668189048767,1.128668189048767,1.128413438796997,1.128668189048767,0
2025-05-01 18:25:00+00:00,1.128413438796997,1.128413438796997,1.1282861232757568,1.128413438796997,0
2025-05-01 18:30:00+00:00,1.1289230585098267,1.1289230585098267,1.128413438796997,1.128413438796997,0
2025-05-01 18:35:00+00:00,1.1290504932403564,1.1290504932403564,1.1289230585098267,1.1290504932403564,0
2025-05-01 18:40:00+00:00,1.1293054819107056,1.1293054819107056,1.1290504932403564,1.1290504932403564,0
2025-05-01 18:45:00+00:00,1.1296881437301636,1.1296881437301636,1.1293054819107056,1.1293054819107056,0
2025-05-01 18:50:00+00:00,1.1293054819107056,1.129433035850525,1.1293054819107056,1.129433035850525,0
2025-05-01 18:55:00+00:00,1.1289230585098267,1.1289230585098267,1.1287955045700073,1.1287955045700073,0
2025-05-01 19:00:00+00:00,1.1291780471801758,1.1293054819107056,1.1290504932403564,1.1290504932403564,0
2025-05-01 19:05:00+00:00,1.1289230585098267,1.129433035850525,1.1289230585098267,1.1291780471801758,0
2025-05-01 19:10:00+00:00,1.1287955045700073,1.1287955045700073,1.128668189048767,1.1287955045700073,0
2025-05-01 19:15:00+00:00,1.1291780471801758,1.1291780471801758,1.128668189048767,1.128668189048767,0
2025-05-01 19:20:00+00:00,1.1293054819107056,1.1293054819107056,1.1291780471801758,1.1291780471801758,0
2025-05-01 19:25:00+00:00,1.1293054819107056,1.1293054819107056,1.1291780471801758,1.1293054819107056,0
2025-05-01 19:30:00+00:00,1.1291780471801758,1.129433035850525,1.1291780471801758,1.129433035850525,0
2025-05-01 19:35:00+00:00,1.1293054819107056,1.1293054819107056,1.1290504932403564,1.1290504932403564,0
2025-05-01 19:40:00+00:00,1.1293054819107056,1.1293054819107056,1.1290504932403564,1.1293054819107056,0
2025-05-01 19:45:00+00:00,1.1289230585098267,1.1290504932403564,1.1289230585098267,1.1289230585098267,0
2025-05-01 19:50:00+00:00,1.1293054819107056,1.1293054819107056,1.1290504932403564,1.1290504932403564,0
2025-05-01 19:55:00+00:00,1.1291780471801758,1.1295605897903442,1.1291780471801758,1.129433035850525,0
2025-05-01 20:00:00+00:00,1.1296881437301636,1.1296881437301636,1.1291780471801758,1.1291780471801758,0
2025-05-01 20:05:00+00:00,1.1293054819107056,1.1296881437301636,1.1293054819107056,1.1296881437301636,0
2025-05-01 20:10:00+00:00,1.1296881437301636,1.1296881437301636,1.1293054819107056,1.1293054819107056,0
2025-05-01 20:15:00+00:00,1.1296881437301636,1.1296881437301636,1.1295605897903442,1.1295605897903442,0
2025-05-01 20:20:00+00:00,1.129433035850525,1.129433035850525,1.129433035850525,1.129433035850525,0
2025-05-01 20:25:00+00:00,1.1290504932403564,1.129433035850525,1.1290504932403564,1.1293054819107056,0
2025-05-01 20:30:00+00:00,1.1291780471801758,1.1291780471801758,1.1289230585098267,1.1289230585098267,0
2025-05-01 20:35:00+00:00,1.129433035850525,1.129433035850525,1.1293054819107056,1.1293054819107056,0
2025-05-01 20:40:00+00:00,1.1295605897903442,1.1295605897903442,1.1293054819107056,1.1293054819107056,0
2025-05-01 20:45:00+00:00,1.129433035850525,1.1296881437301636,1.129433035850525,1.1296881437301636,0
2025-05-01 20:50:00+00:00,1.1296881437301636,1.1296881437301636,1.129433035850525,1.129433035850525,0
2025-05-01 20:55:00+00:00,1.129433035850525,1.1296881437301636,1.129433035850525,1.1296881437301636,0
2025-05-01 21:00:00+00:00,1.1296881437301636,1.1298158168792725,1.1293054819107056,1.1293054819107056,0
2025-05-01 21:05:00+00:00,1.1298158168792725,1.1298158168792725,1.1298158168792725,1.1298158168792725,0
2025-05-01 21:10:00+00:00,1.1301988363265991,1.1301988363265991,1.1295605897903442,1.1295605897903442,0
2025-05-01 21:15:00+00:00,1.1299434900283813,1.1301988363265991,1.1299434900283813,1.1301988363265991,0
2025-05-01 21:20:00+00:00,1.1303266286849976,1.1303266286849976,1.1299434900283813,1.1300712823867798,0
2025-05-01 21:25:00+00:00,1.1295605897903442,1.1303266286849976,1.1295605897903442,1.1303266286849976,0
2025-05-01 21:30:00+00:00,1.129433035850525,1.1300712823867798,1.129433035850525,1.129433035850525,0
2025-05-01 21:35:00+00:00,1.1295605897903442,1.1295605897903442,1.1291780471801758,1.129433035850525,0
2025-05-01 21:40:00+00:00,1.129433035850525,1.1295605897903442,1.1291780471801758,1.1291780471801758,0
2025-05-01 21:45:00+00:00,1.1293054819107056,1.1296881437301636,1.1293054819107056,1.1296881437301636,0
2025-05-01 21:50:00+00:00,1.1290504932403564,1.1295605897903442,1.1289230585098267,1.1293054819107056,0
2025-05-01 21:55:00+00:00,1.129433035850525,1.129433035850525,1.1291780471801758,1.1291780471801758,0
2025-05-01 22:00:00+00:00,1.1295605897903442,1.1296881437301636,1.1295605897903442,1.1295605897903442,0
2025-05-01 22:05:00+00:00,1.129433035850525,1.1296881437301636,1.129433035850525,1.1296881437301636,0
2025-05-01 22:10:00+00:00,1.129433035850525,1.1295605897903442,1.129433035850525,1.1295605897903442,0
2025-05-01 22:15:00+00:00,1.1296881437301636,1.1296881437301636,1.129433035850525,1.129433035850525,0
2025-05-01 22:20:00+00:00,1.1298158168792725,1.1298158168792725,1.1296881437301636,1.1296881437301636,0
2025-05-01 22:25:00+00:00,1.1299434900283813,1.1299434900283813,1.1298158168792725,1.1298158168792725,0
2025-05-01 22:30:00+00:00,1.1300712823867798,1.1300712823867798,1.1298158168792725,1.1298158168792725,0
2025-05-01 22:35:00+00:00,1.1301988363265991,1.1303266286849976,1.1300712823867798,1.1300712823867798,0
2025-05-01 22:40:00+00:00,1.1300712823867798,1.1301988363265991,1.1300712823867798,1.1300712823867798,0
2025-05-01 22:45:00+00:00,1.1300712823867798,1.1300712823867798,1.1300712823867798,1.1300712823867798,0
2025-05-01 22:50:00+00:00,1.1300712823867798,1.1300712823867798,1.1300712823867798,1.1300712823867798,0
2025-05-01 22:55:00+00:00,1.1298158168792725,1.1298158168792725,1.1298158168792725,1.1298158168792725,0
2025-05-01 23:00:00+00:00,1.1296881437301636,1.1298158168792725,1.1296881437301636,1.1298158168792725,0
2025-05-01 23:05:00+00:00,1.1298158168792725,1.1299434900283813,1.1298158168792725,1.1298158168792725,0
2025-05-01 23:10:00+00:00,1.1298158168792725,1.1298158168792725,1.1296881437301636,1.1296881437301636,0
2025-05-01 23:15:00+00:00,1.1298158168792725,1.1298158168792725,1.1296881437301636,1.1298158168792725,0
2025-05-01 23:20:00+00:00,1.1299434900283813,1.1299434900283813,1.1298158168792725,1.1298158168792725,0
2025-05-01 23:25:00+00:00,1.1299434900283813,1.1299434900283813,1.1298158168792725,1.1298158168792725,0
2025-05-01 23:30:00+00:00,1.1298158168792725,1.1300712823867798,1.1298158168792725,1.1300712823867798,0
2025-05-01 23:35:00+00:00,1.1298158168792725,1.1298158168792725,1.1296881437301636,1.1296881437301636,0
2025-05-01 23:40:00+00:00,1.1296881437301636,1.1296881437301636,1.1296881437301636,1.1296881437301636,0
2025-05-01 23:45:00+00:00,1.1299434900283813,1.1299434900283813,1.1299434900283813,1.1299434900283813,0
2025-05-01 23:50:00+00:00,1.1300712823867798,1.1300712823867798,1.1299434900283813,1.1300712823867798,0
2025-05-01 23:55:00+00:00,1.1299434900283813,1.1300712823867798,1.1299434900283813,1.1300712823867798,0
2025-05-02 00:00:00+00:00,1.1298158168792725,1.1301988363265991,1.1298158168792725,1.1301988363265991,0
2025-05-02 00:05:00+00:00,1.1296881437301636,1.1298158168792725,1.1296881437301636,1.1296881437301636,0
2025-05-02 00:10:00+00:00,1.129433035850525,1.1295605897903442,1.129433035850525,1.1295605897903442,0
2025-05-02 00:15:00+00:00,1.1290504932403564,1.1293054819107056,1.1290504932403564,1.1293054819107056,0
2025-05-02 00:20:00+00:00,1.1291780471801758,1.1291780471801758,1.1290504932403564,1.1290504932403564,0
2025-05-02 00:25:00+00:00,1.128668189048767,1.128668189048767,1.128668189048767,1.128668189048767,0
2025-05-02 00:30:00+00:00,1.1282861232757568,1.128413438796997,1.1281588077545166,1.128413438796997,0
2025-05-02 00:35:00+00:00,1.1281588077545166,1.1285407543182373,1.1281588077545166,1.1282861232757568,0
2025-05-02 00:40:00+00:00,1.1277772188186646,1.1282861232757568,1.1277772188186646,1.1281588077545166,0
2025-05-02 00:45:00+00:00,1.1279042959213257,1.128031611442566,1.1277772188186646,1.128031611442566,0
2025-05-02 00:50:00+00:00,1.1281588077545166,1.1281588077545166,1.1279042959213257,1.128031611442566,0
2025-05-02 00:55:00+00:00,1.128668189048767,1.128668189048767,1.1282861232757568,1.1282861232757568,0
2025-05-02 01:00:00+00:00,1.1287955045700073,1.1289230585098267,1.1285407543182373,1.1285407543182373,0
2025-05-02 01:05:00+00:00,1.1285407543182373,1.128668189048767,1.1285407543182373,1.128668189048767,0
2025-05-02 01:10:00+00:00,1.1289230585098267,1.1289230585098267,1.128413438796997,1.128413438796997,0
2025-05-02 01:15:00+00:00,1.1287955045700073,1.1290504932403564,1.1287955045700073,1.1290504932403564,0
2025-05-02 01:20:00+00:00,1.128668189048767,1.1287955045700073,1.128668189048767,1.128668189048767,0
2025-05-02 01:25:00+00:00,1.128668189048767,1.1287955045700073,1.1285407543182373,1.1285407543182373,0
2025-05-02 01:30:00+00:00,1.128413438796997,1.1285407543182373,1.1282861232757568,1.1285407543182373,0
2025-05-02 01:35:00+00:00,1.1282861232757568,1.1285407543182373,1.1282861232757568,1.128413438796997,0
2025-05-02 01:40:00+00:00,1.1289230585098267,1.1290504932403564,1.1289230585098267,1.1289230585098267,0
2025-05-02 01:45:00+00:00,1.129433035850525,1.129433035850525,1.1290504932403564,1.1290504932403564,0
2025-05-02 01:50:00+00:00,1.1298158168792725,1.1298158168792725,1.129433035850525,1.129433035850525,0
2025-05-02 01:55:00+00:00,1.1298158168792725,1.1298158168792725,1.1295605897903442,1.1296881437301636,0
2025-05-02 02:00:00+00:00,1.1303266286849976,1.1303266286849976,1.1298158168792725,1.1299434900283813,0
2025-05-02 02:05:00+00:00,1.1303266286849976,1.1303266286849976,1.1300712823867798,1.1300712823867798,0
2025-05-02 02:10:00+00:00,1.1301988363265991,1.1303266286849976,1.1299434900283813,1.1303266286849976,0
2025-05-02 02:15:00+00:00,1.1300712823867798,1.1300712823867798,1.1299434900283813,1.1300712823867798,0
2025-05-02 02:20:00+00:00,1.1305822134017944,1.1307101249694824,1.1300712823867798,1.1300712823867798,0
2025-05-02 02:25:00+00:00,1.1303266286849976,1.1307101249694824,1.1303266286849976,1.1307101249694824,0
2025-05-02 02:30:00+00:00,1.1300712823867798,1.1301988363265991,1.1300712823867798,1.1301988363265991,0
2025-05-02 02:35:00+00:00,1.1300712823867798,1.1300712823867798,1.1299434900283813,1.1300712823867798,0
2025-05-02 02:40:00+00:00,1.1300712823867798,1.1300712823867798,1.1298158168792725,1.1298158168792725,0
2025-05-02 02:45:00+00:00,1.1301988363265991,1.1301988363265991,1.1300712823867798,1.1301988363265991,0
2025-05-02 02:50:00+00:00,1.1300712823867798,1.1301988363265991,1.1300712823867798,1.1300712823867798,0
2025-05-02 02:55:00+00:00,1.1298158168792725,1.1300712823867798,1.1296881437301636,1.1300712823867798,0
2025-05-02 03:00:00+00:00,1.1299434900283813,1.1299434900283813,1.1296881437301636,1.1299434900283813,0
2025-05-02 03:05:00+00:00,1.1299434900283813,1.1301988363265991,1.1299434900283813,1.1299434900283813,0
2025-05-02 03:10:00+00:00,1.1299434900283813,1.1299434900283813,1.1298158168792725,1.1298158168792725,0
2025-05-02 03:15:00+00:00,1.1301988363265991,1.130454421043396,1.1298158168792725,1.1298158168792725,0
2025-05-02 03:20:00+00:00,1.1308379173278809,1.1308379173278809,1.1301988363265991,1.1301988363265991,0
2025-05-02 03:25:00+00:00,1.1310937404632568,1.1312217712402344,1.1310937404632568,1.1310937404632568,0
2025-05-02 03:30:00+00:00,1.1316057443618774,1.1316057443618774,1.1312217712402344,1.1312217712402344,0
2025-05-02 03:35:00+00:00,1.131861925125122,1.131861925125122,1.1314777135849,1.1314777135849,0
2025-05-02 03:40:00+00:00,1.1316057443618774,1.1316057443618774,1.1314777135849,1.1316057443618774,0
2025-05-02 03:45:00+00:00,1.1312217712402344,1.1313496828079224,1.1312217712402344,1.1312217712402344,0
2025-05-02 03:50:00+00:00,1.131733775138855,1.131733775138855,1.1312217712402344,1.1312217712402344,0
2025-05-02 03:55:00+00:00,1.131733775138855,1.131733775138855,1.131733775138855,1.131733775138855,0
2025-05-02 04:00:00+00:00,1.1312217712402344,1.1316057443618774,1.1312217712402344,1.1316057443618774,0
2025-05-02 04:05:00+00:00,1.1312217712402344,1.1314777135849,1.1312217712402344,1.1314777135849,0
2025-05-02 04:10:00+00:00,1.1310937404632568,1.1310937404632568,1.1309658288955688,1.1310937404632568,0
2025-05-02 04:15:00+00:00,1.1313496828079224,1.1313496828079224,1.1308379173278809,1.1310937404632568,0
2025-05-02 04:20:00+00:00,1.1313496828079224,1.131733775138855,1.1313496828079224,1.1313496828079224,0
2025-05-02 04:25:00+00:00,1.1312217712402344,1.1312217712402344,1.1312217712402344,1.1312217712402344,0
2025-05-02 04:30:00+00:00,1.1310937404632568,1.1310937404632568,1.1309658288955688,1.1310937404632568,0
2025-05-02 04:35:00+00:00,1.1310937404632568,1.1310937404632568,1.1310937404632568,1.1310937404632568,0
2025-05-02 04:40:00+00:00,1.1309658288955688,1.1310937404632568,1.1309658288955688,1.1309658288955688,0
2025-05-02 04:45:00+00:00,1.1305822134017944,1.1308379173278809,1.1305822134017944,1.1308379173278809,0
2025-05-02 04:50:00+00:00,1.130454421043396,1.1307101249694824,1.130454421043396,1.1305822134017944,0
2025-05-02 04:55:00+00:00,1.1307101249694824,1.1307101249694824,1.1305822134017944,1.1305822134017944,0
2025-05-02 05:00:00+00:00,1.1309658288955688,1.1309658288955688,1.1305822134017944,1.1307101249694824,0
2025-05-02 05:05:00+00:00,1.1310937404632568,1.1310937404632568,1.1308379173278809,1.1308379173278809,0
2025-05-02 05:10:00+00:00,1.1309658288955688,1.1313496828079224,1.1309658288955688,1.1312217712402344,0
2025-05-02 05:15:00+00:00,1.1310937404632568,1.1310937404632568,1.1310937404632568,1.1310937404632568,0
2025-05-02 05:20:00+00:00,1.1310937404632568,1.1312217712402344,1.1309658288955688,1.1309658288955688,0
2025-05-02 05:25:00+00:00,1.1316057443618774,1.131733775138855,1.1309658288955688,1.1309658288955688,0
2025-05-02 05:30:00+00:00,1.1316057443618774,1.1316057443618774,1.1313496828079224,1.1313496828079224,0
2025-05-02 05:35:00+00:00,1.1313496828079224,1.1316057443618774,1.1313496828079224,1.1314777135849,0
2025-05-02 05:40:00+00:00,1.1313496828079224,1.1313496828079224,1.1313496828079224,1.1313496828079224,0
2025-05-02 05:45:00+00:00,1.1308379173278809,1.1313496828079224,1.1308379173278809,1.1313496828079224,0
2025-05-02 05:50:00+00:00,1.1309658288955688,1.1310937404632568,1.1309658288955688,1.1309658288955688,0
2025-05-02 05:55:00+00:00,1.1312217712402344,1.131733775138855,1.1312217712402344,1.1316057443618774,0
2025-05-02 06:00:00+00:00,1.1316057443618774,1.131733775138855,1.1310937404632568,1.1310937404632568,0
2025-05-02 06:05:00+00:00,1.1322463750839233,1.1322463750839233,1.131861925125122,1.1319899559020996,0
2025-05-02 06:10:00+00:00,1.1319899559020996,1.1322463750839233,1.1319899559020996,1.1321182250976562,0
2025-05-02 06:15:00+00:00,1.132502794265747,1.132502794265747,1.1319899559020996,1.1319899559020996,0
2025-05-02 06:20:00+00:00,1.1332728862762451,1.1332728862762451,1.1328877210617065,1.1328877210617065,0
2025-05-02 06:25:00+00:00,1.133144497871399,1.133144497871399,1.1328877210617065,1.1330161094665527,0
2025-05-02 06:30:00+00:00,1.133144497871399,1.1332728862762451,1.1330161094665527,1.133144497871399,0
2025-05-02 06:35:00+00:00,1.13275945186615,1.1332728862762451,1.13275945186615,1.1332728862762451,0
2025-05-02 06:40:00+00:00,1.13237464427948,1.1326310634613037,1.13237464427948,1.1326310634613037,0
2025-05-02 06:45:00+00:00,1.13275945186615,1.13275945186615,1.1322463750839233,1.1322463750839233,0
2025-05-02 06:50:00+00:00,1.13275945186615,1.1332728862762451,1.13275945186615,1.13275945186615,0
2025-05-02 06:55:00+00:00,1.1328877210617065,1.1328877210617065,1.1326310634613037,1.1326310634613037,0
2025-05-02 07:00:00+00:00,1.1330161094665527,1.1330161094665527,1.13275945186615,1.1328877210617065,0
2025-05-02 07:05:00+00:00,1.1332728862762451,1.1334012746810913,1.133144497871399,1.133144497871399,0
2025-05-02 07:10:00+00:00,1.1328877210617065,1.1334012746810913,1.1328877210617065,1.1334012746810913,0
2025-05-02 07:15:00+00:00,1.133144497871399,1.1332728862762451,1.1328877210617065,1.1328877210617065,0
2025-05-02 07:20:00+00:00,1.13237464427948,1.1328877210617065,1.13237464427948,1.1328877210617065,0
2025-05-02 07:25:00+00:00,1.132502794265747,1.132502794265747,1.1322463750839233,1.1322463750839233,0
2025-05-02 07:30:00+00:00,1.13275945186615,1.13275945186615,1.1322463750839233,1.1322463750839233,0
2025-05-02 07:35:00+00:00,1.13275945186615,1.13275945186615,1.132502794265747,1.1326310634613037,0
2025-05-02 07:40:00+00:00,1.1332728862762451,1.1332728862762451,1.1328877210617065,1.1328877210617065,0
2025-05-02 07:45:00+00:00,1.1332728862762451,1.1332728862762451,1.1330161094665527,1.1330161094665527,0
2025-05-02 07:50:00+00:00,1.1336582899093628,1.1337867975234985,1.133144497871399,1.133144497871399,0
2025-05-02 07:55:00+00:00,1.1334012746810913,1.1340440511703491,1.1334012746810913,1.1336582899093628,0
2025-05-02 08:00:00+00:00,1.1328877210617065,1.1330161094665527,1.13275945186615,1.1328877210617065,0
2025-05-02 08:05:00+00:00,1.1322463750839233,1.13275945186615,1.1322463750839233,1.13275945186615,0
2025-05-02 08:10:00+00:00,1.1321182250976562,1.132502794265747,1.1321182250976562,1.13237464427948,0
2025-05-02 08:15:00+00:00,1.132502794265747,1.132502794265747,1.1321182250976562,1.1321182250976562,0
2025-05-02 08:20:00+00:00,1.13275945186615,1.13275945186615,1.13237464427948,1.13237464427948,0
2025-05-02 08:25:00+00:00,1.1330161094665527,1.1330161094665527,1.13275945186615,1.13275945186615,0
2025-05-02 08:30:00+00:00,1.1332728862762451,1.1332728862762451,1.13275945186615,1.13275945186615,0
2025-05-02 08:35:00+00:00,1.1332728862762451,1.133529782295227,1.1332728862762451,1.1334012746810913,0
2025-05-02 08:40:00+00:00,1.133529782295227,1.133529782295227,1.1332728862762451,1.1332728862762451,0
2025-05-02 08:45:00+00:00,1.133529782295227,1.133529782295227,1.1332728862762451,1.133529782295227,0
2025-05-02 08:50:00+00:00,1.133529782295227,1.1337867975234985,1.133529782295227,1.1336582899093628,0
2025-05-02 08:55:00+00:00,1.1337867975234985,1.1337867975234985,1.133529782295227,1.1336582899093628,0
2025-05-02 09:00:00+00:00,1.1334012746810913,1.1337867975234985,1.1334012746810913,1.1336582899093628,0
2025-05-02 09:05:00+00:00,1.133529782295227,1.133529782295227,1.133144497871399,1.1332728862762451,0
2025-05-02 09:10:00+00:00,1.1330161094665527,1.1334012746810913,1.1330161094665527,1.1332728862762451,0
2025-05-02 09:15:00+00:00,1.1332728862762451,1.1332728862762451,1.1330161094665527,1.133144497871399,0
2025-05-02 09:20:00+00:00,1.1332728862762451,1.1332728862762451,1.1330161094665527,1.1330161094665527,0
2025-05-02 09:25:00+00:00,1.1334012746810913,1.1334012746810913,1.133144497871399,1.1332728862762451,0
2025-05-02 09:30:00+00:00,1.1341726779937744,1.1341726779937744,1.1336582899093628,1.1336582899093628,0
2025-05-02 09:35:00+00:00,1.1350737810134888,1.1350737810134888,1.1341726779937744,1.1341726779937744,0
2025-05-02 09:40:00+00:00,1.1349449157714844,1.1352026462554932,1.1349449157714844,1.1349449157714844,0
2025-05-02 09:45:00+00:00,1.135589361190796,1.135589361190796,1.1350737810134888,1.1352026462554932,0
2025-05-02 09:50:00+00:00,1.1354604959487915,1.1358473300933838,1.1354604959487915,1.1354604959487915,0
2025-05-02 09:55:00+00:00,1.1353315114974976,1.135589361190796,1.1352026462554932,1.1353315114974976,0
2025-05-02 10:00:00+00:00,1.1350737810134888,1.1352026462554932,1.1350737810134888,1.1352026462554932,0
2025-05-02 10:05:00+00:00,1.1353315114974976,1.1354604959487915,1.1352026462554932,1.1354604959487915,0
2025-05-02 10:10:00+00:00,1.1350737810134888,1.1352026462554932,1.1348161697387695,1.1348161697387695,0
2025-05-02 10:15:00+00:00,1.1348161697387695,1.1348161697387695,1.1346874237060547,1.1348161697387695,0
2025-05-02 10:20:00+00:00,1.1349449157714844,1.1349449157714844,1.1346874237060547,1.1346874237060547,0
2025-05-02 10:25:00+00:00,1.1346874237060547,1.1346874237060547,1.1346874237060547,1.1346874237060547,0
2025-05-02 10:30:00+00:00,1.1341726779937744,1.1345586776733398,1.1341726779937744,1.1345586776733398,0
2025-05-02 10:35:00+00:00,1.1340440511703491,1.1341726779937744,1.1340440511703491,1.1340440511703491,0
2025-05-02 10:40:00+00:00,1.133529782295227,1.1340440511703491,1.133529782295227,1.1340440511703491,0
2025-05-02 10:45:00+00:00,1.1334012746810913,1.133529782295227,1.133144497871399,1.133529782295227,0
2025-05-02 10:50:00+00:00,1.1336582899093628,1.1337867975234985,1.133529782295227,1.133529782295227,0
2025-05-02 10:55:00+00:00,1.1334012746810913,1.1336582899093628,1.1334012746810913,1.1336582899093628,0
2025-05-02 11:00:00+00:00,1.1334012746810913,1.1336582899093628,1.1334012746810913,1.1336582899093628,0
2025-05-02 11:05:00+00:00,1.133144497871399,1.1334012746810913,1.133144497871399,1.1332728862762451,0
2025-05-02 11:10:00+00:00,1.1330161094665527,1.133144497871399,1.1328877210617065,1.133144497871399,0
2025-05-02 11:15:00+00:00,1.1332728862762451,1.1332728862762451,1.1330161094665527,1.1330161094665527,0
2025-05-02 11:20:00+00:00,1.1340440511703491,1.1340440511703491,1.1334012746810913,1.1334012746810913,0
2025-05-02 11:25:00+00:00,1.1343011856079102,1.134429931640625,1.1341726779937744,1.1343011856079102,0
2025-05-02 11:30:00+00:00,1.1341726779937744,1.134429931640625,1.1341726779937744,1.1343011856079102,0
2025-05-02 11:35:00+00:00,1.1350737810134888,1.1350737810134888,1.1345586776733398,1.1345586776733398,0
2025-05-02 11:40:00+00:00,1.1345586776733398,1.1352026462554932,1.134429931640625,1.1352026462554932,0
2025-05-02 11:45:00+00:00,1.1346874237060547,1.1346874237060547,1.1343011856079102,1.134429931640625,0
2025-05-02 11:50:00+00:00,1.1343011856079102,1.134429931640625,1.1343011856079102,1.1343011856079102,0
2025-05-02 11:55:00+00:00,1.1349449157714844,1.1349449157714844,1.134429931640625,1.134429931640625,0
2025-05-02 12:00:00+00:00,1.1346874237060547,1.1349449157714844,1.1346874237060547,1.1349449157714844,0
2025-05-02 12:05:00+00:00,1.1346874237060547,1.1346874237060547,1.134429931640625,1.134429931640625,0
2025-05-02 12:10:00+00:00,1.1343011856079102,1.1346874237060547,1.1343011856079102,1.1346874237060547,0
2025-05-02 12:15:00+00:00,1.1341726779937744,1.1341726779937744,1.1339154243469238,1.1340440511703491,0
2025-05-02 12:20:00+00:00,1.1337867975234985,1.1343011856079102,1.1337867975234985,1.1341726779937744,0
2025-05-02 12:25:00+00:00,1.1340440511703491,1.1340440511703491,1.1332728862762451,1.1332728862762451,0
2025-05-02 12:30:00+00:00,1.131733775138855,1.1326310634613037,1.1316057443618774,1.132502794265747,0
2025-05-02 12:35:00+00:00,1.1336582899093628,1.1336582899093628,1.131733775138855,1.131733775138855,0
2025-05-02 12:40:00+00:00,1.1334012746810913,1.1339154243469238,1.1332728862762451,1.1334012746810913,0
2025-05-02 12:45:00+00:00,1.13275945186615,1.1330161094665527,1.1322463750839233,1.1330161094665527,0
2025-05-02 12:50:00+00:00,1.1332728862762451,1.1336582899093628,1.1330161094665527,1.1330161094665527,0
2025-05-02 12:55:00+00:00,1.13237464427948,1.1330161094665527,1.131861925125122,1.1330161094665527,0
2025-05-02 13:00:00+00:00,1.1321182250976562,1.13237464427948,1.1321182250976562,1.13237464427948,0
2025-05-02 13:05:00+00:00,1.1326310634613037,1.1328877210617065,1.1326310634613037,1.13275945186615,0
2025-05-02 13:10:00+00:00,1.132502794265747,1.133144497871399,1.132502794265747,1.133144497871399,0
2025-05-02 13:15:00+00:00,1.1336582899093628,1.1336582899093628,1.133144497871399,1.133144497871399,0
2025-05-02 13:20:00+00:00,1.1350737810134888,1.1350737810134888,1.1340440511703491,1.1340440511703491,0
2025-05-02 13:25:00+00:00,1.1354604959487915,1.1361054182052612,1.1350737810134888,1.1350737810134888,0
2025-05-02 13:30:00+00:00,1.1349449157714844,1.1352026462554932,1.1349449157714844,1.1352026462554932,0
2025-05-02 13:35:00+00:00,1.1370097398757935,1.1370097398757935,1.1353315114974976,1.1353315114974976,0
2025-05-02 13:40:00+00:00,1.1371389627456665,1.1373976469039917,1.1366219520568848,1.1373976469039917,0
2025-05-02 13:45:00+00:00,1.138044834136963,1.138044834136963,1.1371389627456665,1.1371389627456665,0
2025-05-02 13:50:00+00:00,1.1373976469039917,1.1383039951324463,1.1371389627456665,1.138044834136963,0
2025-05-02 13:55:00+00:00,1.1376564502716064,1.1376564502716064,1.1370097398757935,1.1373976469039917,0
2025-05-02 14:00:00+00:00,1.1377859115600586,1.1383039951324463,1.1376564502716064,1.1379153728485107,0
2025-05-02 14:05:00+00:00,1.1368803977966309,1.1375269889831543,1.1368803977966309,1.1375269889831543,0
2025-05-02 14:10:00+00:00,1.137268304824829,1.1379153728485107,1.1370097398757935,1.1370097398757935,0
2025-05-02 14:15:00+00:00,1.1368803977966309,1.1370097398757935,1.1363636255264282,1.1370097398757935,0
2025-05-02 14:20:00+00:00,1.1363636255264282,1.1367511749267578,1.1363636255264282,1.1367511749267578,0
2025-05-02 14:25:00+00:00,1.1368803977966309,1.1368803977966309,1.1364928483963013,1.1366219520568848,0
2025-05-02 14:30:00+00:00,1.1367511749267578,1.137268304824829,1.1367511749267578,1.137268304824829,0
2025-05-02 14:35:00+00:00,1.1377859115600586,1.1377859115600586,1.1366219520568848,1.1366219520568848,0
2025-05-02 14:40:00+00:00,1.1364928483963013,1.1373976469039917,1.1364928483963013,1.1373976469039917,0
2025-05-02 14:45:00+00:00,1.1366219520568848,1.1366219520568848,1.1364928483963013,1.1366219520568848,0
2025-05-02 14:50:00+00:00,1.137268304824829,1.137268304824829,1.1364928483963013,1.1364928483963013,0
2025-05-02 14:55:00+00:00,1.137268304824829,1.1375269889831543,1.137268304824829,1.1373976469039917,0
2025-05-02 15:00:00+00:00,1.1370097398757935,1.1371389627456665,1.1370097398757935,1.1370097398757935,0
2025-05-02 15:05:00+00:00,1.1361054182052612,1.1366219520568848,1.1361054182052612,1.1366219520568848,0
2025-05-02 15:10:00+00:00,1.1364928483963013,1.1366219520568848,1.1363636255264282,1.1364928483963013,0
2025-05-02 15:15:00+00:00,1.1357183456420898,1.1363636255264282,1.1357183456420898,1.1363636255264282,0
2025-05-02 15:20:00+00:00,1.1341726779937744,1.1354604959487915,1.1341726779937744,1.1354604959487915,0
2025-05-02 15:25:00+00:00,1.1340440511703491,1.1346874237060547,1.1340440511703491,1.1345586776733398,0
2025-05-02 15:30:00+00:00,1.1343011856079102,1.1343011856079102,1.1339154243469238,1.1340440511703491,0
2025-05-02 15:35:00+00:00,1.1340440511703491,1.1343011856079102,1.1340440511703491,1.1343011856079102,0
2025-05-02 15:40:00+00:00,1.1337867975234985,1.1341726779937744,1.1337867975234985,1.1340440511703491,0
2025-05-02 15:45:00+00:00,1.133144497871399,1.1339154243469238,1.133144497871399,1.1339154243469238,0
2025-05-02 15:50:00+00:00,1.1328877210617065,1.1332728862762451,1.1328877210617065,1.1330161094665527,0
2025-05-02 15:55:00+00:00,1.1332728862762451,1.1332728862762451,1.132502794265747,1.1326310634613037,0
2025-05-02 16:00:00+00:00,1.1326310634613037,1.1334012746810913,1.1326310634613037,1.1334012746810913,0
2025-05-02 16:05:00+00:00,1.1334012746810913,1.1334012746810913,1.1326310634613037,1.1328877210617065,0
2025-05-02 16:10:00+00:00,1.1339154243469238,1.1339154243469238,1.1332728862762451,1.1337867975234985,0
2025-05-02 16:15:00+00:00,1.1336582899093628,1.1343011856079102,1.1336582899093628,1.1340440511703491,0
2025-05-02 16:20:00+00:00,1.133529782295227,1.1336582899093628,1.1332728862762451,1.1332728862762451,0
2025-05-02 16:25:00+00:00,1.1337867975234985,1.1337867975234985,1.133529782295227,1.133529782295227,0
2025-05-02 16:30:00+00:00,1.1336582899093628,1.1337867975234985,1.1334012746810913,1.1337867975234985,0
2025-05-02 16:35:00+00:00,1.1330161094665527,1.1334012746810913,1.1330161094665527,1.1334012746810913,0
2025-05-02 16:40:00+00:00,1.133529782295227,1.133529782295227,1.1332728862762451,1.1332728862762451,0
2025-05-02 16:45:00+00:00,1.1326310634613037,1.1332728862762451,1.1326310634613037,1.1332728862762451,0
2025-05-02 16:50:00+00:00,1.13237464427948,1.13275945186615,1.13237464427948,1.13275945186615,0
2025-05-02 16:55:00+00:00,1.13237464427948,1.13237464427948,1.1322463750839233,1.13237464427948,0
2025-05-02 17:00:00+00:00,1.131733775138855,1.1322463750839233,1.131733775138855,1.1322463750839233,0
2025-05-02 17:05:00+00:00,1.131733775138855,1.131861925125122,1.1316057443618774,1.1316057443618774,0
2025-05-02 17:10:00+00:00,1.1310937404632568,1.1319899559020996,1.1310937404632568,1.1319899559020996,0
2025-05-02 17:15:00+00:00,1.1313496828079224,1.1313496828079224,1.1308379173278809,1.1310937404632568,0
2025-05-02 17:20:00+00:00,1.1319899559020996,1.1319899559020996,1.1312217712402344,1.1312217712402344,0
2025-05-02 17:25:00+00:00,1.131733775138855,1.1319899559020996,1.131733775138855,1.131733775138855,0
2025-05-02 17:30:00+00:00,1.1321182250976562,1.1321182250976562,1.131861925125122,1.131861925125122,0
2025-05-02 17:35:00+00:00,1.1319899559020996,1.13237464427948,1.1319899559020996,1.13237464427948,0
2025-05-02 17:40:00+00:00,1.1309658288955688,1.131861925125122,1.1307101249694824,1.131861925125122,0
2025-05-02 17:45:00+00:00,1.1309658288955688,1.1309658288955688,1.1305822134017944,1.1308379173278809,0
2025-05-02 17:50:00+00:00,1.1313496828079224,1.1313496828079224,1.1308379173278809,1.1308379173278809,0
2025-05-02 17:55:00+00:00,1.1308379173278809,1.1312217712402344,1.1307101249694824,1.1312217712402344,0
2025-05-02 18:00:00+00:00,1.1309658288955688,1.1310937404632568,1.1308379173278809,1.1310937404632568,0
2025-05-02 18:05:00+00:00,1.1310937404632568,1.1312217712402344,1.1310937404632568,1.1310937404632568,0
2025-05-02 18:10:00+00:00,1.1308379173278809,1.1310937404632568,1.1308379173278809,1.1310937404632568,0
2025-05-02 18:15:00+00:00,1.1305822134017944,1.1309658288955688,1.1305822134017944,1.1309658288955688,0
2025-05-02 18:20:00+00:00,1.1308379173278809,1.1308379173278809,1.130454421043396,1.130454421043396,0
2025-05-02 18:25:00+00:00,1.1309658288955688,1.1310937404632568,1.1308379173278809,1.1308379173278809,0
2025-05-02 18:30:00+00:00,1.1305822134017944,1.1308379173278809,1.1305822134017944,1.1308379173278809,0
2025-05-02 18:35:00+00:00,1.130454421043396,1.1307101249694824,1.130454421043396,1.1305822134017944,0
2025-05-02 18:40:00+00:00,1.1299434900283813,1.1303266286849976,1.1298158168792725,1.1303266286849976,0
2025-05-02 18:45:00+00:00,1.1300712823867798,1.1301988363265991,1.1298158168792725,1.1298158168792725,0
2025-05-02 18:50:00+00:00,1.1296881437301636,1.1298158168792725,1.1296881437301636,1.1296881437301636,0
2025-05-02 18:55:00+00:00,1.1303266286849976,1.1303266286849976,1.1298158168792725,1.1298158168792725,0
2025-05-02 19:00:00+00:00,1.1308379173278809,1.1308379173278809,1.1305822134017944,1.1305822134017944,0
2025-05-02 19:05:00+00:00,1.1310937404632568,1.1310937404632568,1.1308379173278809,1.1308379173278809,0
2025-05-02 19:10:00+00:00,1.1310937404632568,1.1312217712402344,1.1310937404632568,1.1310937404632568,0
2025-05-02 19:15:00+00:00,1.1310937404632568,1.1312217712402344,1.1309658288955688,1.1310937404632568,0
2025-05-02 19:20:00+00:00,1.1309658288955688,1.1312217712402344,1.1309658288955688,1.1310937404632568,0
2025-05-02 19:25:00+00:00,1.1305822134017944,1.1308379173278809,1.1305822134017944,1.1308379173278809,0
2025-05-02 19:30:00+00:00,1.1307101249694824,1.1307101249694824,1.1305822134017944,1.1305822134017944,0
2025-05-02 19:35:00+00:00,1.1307101249694824,1.1307101249694824,1.130454421043396,1.1305822134017944,0
2025-05-02 19:40:00+00:00,1.1310937404632568,1.1310937404632568,1.1308379173278809,1.1308379173278809,0
2025-05-02 19:45:00+00:00,1.1309658288955688,1.1310937404632568,1.1309658288955688,1.1310937404632568,0
2025-05-02 19:50:00+00:00,1.1308379173278809,1.1310937404632568,1.1308379173278809,1.1309658288955688,0
2025-05-02 19:55:00+00:00,1.1308379173278809,1.1309658288955688,1.1308379173278809,1.1308379173278809,0
2025-05-02 20:00:00+00:00,1.1307101249694824,1.1308379173278809,1.1307101249694824,1.1307101249694824,0
2025-05-02 20:05:00+00:00,1.1307101249694824,1.1308379173278809,1.130454421043396,1.1307101249694824,0
2025-05-02 20:10:00+00:00,1.1305822134017944,1.1305822134017944,1.1305822134017944,1.1305822134017944,0
2025-05-02 20:15:00+00:00,1.1305822134017944,1.1305822134017944,1.130454421043396,1.130454421043396,0
2025-05-02 20:20:00+00:00,1.1303266286849976,1.130454421043396,1.1303266286849976,1.130454421043396,0
2025-05-02 20:25:00+00:00,1.1303266286849976,1.1303266286849976,1.1303266286849976,1.1303266286849976,0
2025-05-02 20:30:00+00:00,1.1301988363265991,1.1303266286849976,1.1300712823867798,1.1303266286849976,0
2025-05-02 20:35:00+00:00,1.1300712823867798,1.1300712823867798,1.1299434900283813,1.1299434900283813,0
2025-05-02 20:40:00+00:00,1.1299434900283813,1.1299434900283813,1.1298158168792725,1.1298158168792725,0
2025-05-02 20:45:00+00:00,1.1298158168792725,1.1298158168792725,1.1298158168792725,1.1298158168792725,0
2025-05-02 20:50:00+00:00,1.1301988363265991,1.1303266286849976,1.1300712823867798,1.1300712823867798,0
2025-05-02 20:55:00+00:00,1.130454421043396,1.130454421043396,1.1303266286849976,1.130454421043396,0
2025-05-02 21:00:00+00:00,1.1303266286849976,1.1303266286849976,1.1303266286849976,1.1303266286849976,0
2025-05-02 21:05:00+00:00,1.1303266286849976,1.1303266286849976,1.1303266286849976,1.1303266286849976,0
2025-05-02 21:10:00+00:00,1.1303266286849976,1.1303266286849976,1.1303266286849976,1.1303266286849976,0
2025-05-02 21:15:00+00:00,1.1303266286849976,1.1303266286849976,1.1303266286849976,1.1303266286849976,0
2025-05-02 21:20:00+00:00,1.1303266286849976,1.1303266286849976,1.1303266286849976,1.1303266286849976,0
2025-05-02 21:25:00+00:00,1.1303266286849976,1.1303266286849976,1.1303266286849976,1.1303266286849976,0
2025-05-04 23:00:00+00:00,1.1308379173278809,1.1308379173278809,1.1305822134017944,1.1308379173278809,0
2025-05-04 23:05:00+00:00,1.1305822134017944,1.1308379173278809,1.1305822134017944,1.1308379173278809,0
2025-05-04 23:10:00+00:00,1.1305822134017944,1.1307101249694824,1.1305822134017944,1.1307101249694824,0
2025-05-04 23:15:00+00:00,1.1309658288955688,1.1309658288955688,1.1307101249694824,1.1307101249694824,0
2025-05-04 23:20:00+00:00,1.1314777135849,1.1314777135849,1.1308379173278809,1.1308379173278809,0
2025-05-04 23:25:00+00:00,1.1314777135849,1.1314777135849,1.1313496828079224,1.1313496828079224,0
2025-05-04 23:30:00+00:00,1.131861925125122,1.131861925125122,1.1314777135849,1.1314777135849,0
2025-05-04 23:35:00+00:00,1.1319899559020996,1.1319899559020996,1.131733775138855,1.131861925125122,0
2025-05-04 23:40:00+00:00,1.13237464427948,1.13237464427948,1.1321182250976562,1.1321182250976562,0
2025-05-04 23:45:00+00:00,1.1326310634613037,1.1330161094665527,1.1326310634613037,1.1326310634613037,0
2025-05-04 23:50:00+00:00,1.1326310634613037,1.1328877210617065,1.1326310634613037,1.13275945186615,0
2025-05-04 23:55:00+00:00,1.132502794265747,1.13275945186615,1.132502794265747,1.1326310634613037,0
2025-05-05 00:00:00+00:00,1.13237464427948,1.1326310634613037,1.1322463750839233,1.13237464427948,0
2025-05-05 00:05:00+00:00,1.1319899559020996,1.1322463750839233,1.1319899559020996,1.1322463750839233,0
2025-05-05 00:10:00+00:00,1.13237464427948,1.13237464427948,1.1321182250976562,1.1321182250976562,0
2025-05-05 00:15:00+00:00,1.13237464427948,1.13237464427948,1.1321182250976562,1.1322463750839233,0
2025-05-05 00:20:00+00:00,1.1321182250976562,1.1322463750839233,1.1321182250976562,1.1322463750839233,0
2025-05-05 00:25:00+00:00,1.131861925125122,1.1321182250976562,1.131861925125122,1.1321182250976562,0
2025-05-05 00:30:00+00:00,1.1319899559020996,1.1319899559020996,1.131861925125122,1.131861925125122,0
2025-05-05 00:35:00+00:00,1.131861925125122,1.1319899559020996,1.131861925125122,1.131861925125122,0
2025-05-05 00:40:00+00:00,1.1319899559020996,1.1321182250976562,1.131861925125122,1.131861925125122,0
2025-05-05 00:45:00+00:00,1.1322463750839233,1.1322463750839233,1.131861925125122,1.1321182250976562,0
2025-05-05 00:50:00+00:00,1.1322463750839233,1.13237464427948,1.1321182250976562,1.1322463750839233,0
2025-05-05 00:55:00+00:00,1.132502794265747,1.132502794265747,1.1322463750839233,1.1322463750839233,0
2025-05-05 01:00:00+00:00,1.13275945186615,1.1330161094665527,1.1326310634613037,1.1326310634613037,0
2025-05-05 01:05:00+00:00,1.1332728862762451,1.1334012746810913,1.1330161094665527,1.1330161094665527,0
2025-05-05 01:10:00+00:00,1.1334012746810913,1.133529782295227,1.1328877210617065,1.1332728862762451,0
2025-05-05 01:15:00+00:00,1.1336582899093628,1.1336582899093628,1.133529782295227,1.133529782295227,0
2025-05-05 01:20:00+00:00,1.1343011856079102,1.1343011856079102,1.1337867975234985,1.1337867975234985,0
2025-05-05 01:25:00+00:00,1.1341726779937744,1.1341726779937744,1.1337867975234985,1.1337867975234985,0
2025-05-05 01:30:00+00:00,1.1339154243469238,1.1341726779937744,1.1339154243469238,1.1340440511703491,0
2025-05-05 01:35:00+00:00,1.1334012746810913,1.1336582899093628,1.1332728862762451,1.1336582899093628,0
2025-05-05 01:40:00+00:00,1.1330161094665527,1.133529782295227,1.1330161094665527,1.133529782295227,0
2025-05-05 01:45:00+00:00,1.133144497871399,1.133144497871399,1.1330161094665527,1.133144497871399,0
2025-05-05 01:50:00+00:00,1.1336582899093628,1.1336582899093628,1.133144497871399,1.133144497871399,0
2025-05-05 01:55:00+00:00,1.1336582899093628,1.1337867975234985,1.1336582899093628,1.1336582899093628,0
2025-05-05 02:00:00+00:00,1.1341726779937744,1.1341726779937744,1.1337867975234985,1.1339154243469238,0
2025-05-05 02:05:00+00:00,1.1341726779937744,1.1341726779937744,1.1340440511703491,1.1341726779937744,0
2025-05-05 02:10:00+00:00,1.1336582899093628,1.1339154243469238,1.1336582899093628,1.1339154243469238,0
2025-05-05 02:15:00+00:00,1.1336582899093628,1.1337867975234985,1.133529782295227,1.1337867975234985,0
2025-05-05 02:20:00+00:00,1.134429931640625,1.134429931640625,1.1340440511703491,1.1340440511703491,0
2025-05-05 02:25:00+00:00,1.1341726779937744,1.134429931640625,1.1341726779937744,1.134429931640625,0
2025-05-05 02:30:00+00:00,1.1346874237060547,1.1346874237060547,1.1343011856079102,1.1343011856079102,0
2025-05-05 02:35:00+00:00,1.1345586776733398,1.1349449157714844,1.134429931640625,1.1348161697387695,0
2025-05-05 02:40:00+00:00,1.1346874237060547,1.1346874237060547,1.1343011856079102,1.1343011856079102,0
2025-05-05 02:45:00+00:00,1.1343011856079102,1.1345586776733398,1.1343011856079102,1.1345586776733398,0
2025-05-05 02:50:00+00:00,1.134429931640625,1.134429931640625,1.1343011856079102,1.134429931640625,0
2025-05-05 02:55:00+00:00,1.1345586776733398,1.1349449157714844,1.134429931640625,1.134429931640625,0
2025-05-05 03:00:00+00:00,1.134429931640625,1.1345586776733398,1.1343011856079102,1.1345586776733398,0
2025-05-05 03:05:00+00:00,1.1339154243469238,1.1341726779937744,1.1339154243469238,1.1341726779937744,0
2025-05-05 03:10:00+00:00,1.1336582899093628,1.1337867975234985,1.1336582899093628,1.1336582899093628,0
2025-05-05 03:15:00+00:00,1.133529782295227,1.1337867975234985,1.133529782295227,1.1336582899093628,0
2025-05-05 03:20:00+00:00,1.1337867975234985,1.1337867975234985,1.133529782295227,1.133529782295227,0
2025-05-05 03:25:00+00:00,1.1337867975234985,1.1339154243469238,1.1336582899093628,1.1336582899093628,0
2025-05-05 03:30:00+00:00,1.1336582899093628,1.1339154243469238,1.1336582899093628,1.1337867975234985,0
2025-05-05 03:35:00+00:00,1.1332728862762451,1.1334012746810913,1.1332728862762451,1.1334012746810913,0
2025-05-05 03:40:00+00:00,1.1332728862762451,1.1334012746810913,1.1332728862762451,1.1332728862762451,0
2025-05-05 03:45:00+00:00,1.1332728862762451,1.1334012746810913,1.1332728862762451,1.1332728862762451,0
2025-05-05 03:50:00+00:00,1.1334012746810913,1.1334012746810913,1.1334012746810913,1.1334012746810913,0
2025-05-05 03:55:00+00:00,1.133529782295227,1.133529782295227,1.1334012746810913,1.1334012746810913,0
2025-05-05 04:00:00+00:00,1.133529782295227,1.1336582899093628,1.133529782295227,1.133529782295227,0
2025-05-05 04:05:00+00:00,1.1341726779937744,1.1341726779937744,1.133529782295227,1.133529782295227,0
2025-05-05 04:10:00+00:00,1.1340440511703491,1.1340440511703491,1.1337867975234985,1.1340440511703491,0
2025-05-05 04:15:00+00:00,1.1339154243469238,1.1340440511703491,1.1339154243469238,1.1340440511703491,0
2025-05-05 04:20:00+00:00,1.1339154243469238,1.1339154243469238,1.1337867975234985,1.1337867975234985,0
2025-05-05 04:25:00+00:00,1.1339154243469238,1.1339154243469238,1.1337867975234985,1.1337867975234985,0
2025-05-05 04:30:00+00:00,1.1337867975234985,1.1340440511703491,1.1337867975234985,1.1340440511703491,0
2025-05-05 04:35:00+00:00,1.133529782295227,1.1336582899093628,1.133529782295227,1.1336582899093628,0
2025-05-05 04:40:00+00:00,1.1337867975234985,1.1337867975234985,1.1332728862762451,1.1332728862762451,0
2025-05-05 04:45:00+00:00,1.1339154243469238,1.1340440511703491,1.1337867975234985,1.1337867975234985,0
2025-05-05 04:50:00+00:00,1.1339154243469238,1.1339154243469238,1.1337867975234985,1.1337867975234985,0
2025-05-05 04:55:00+00:00,1.1340440511703491,1.1340440511703491,1.1340440511703491,1.1340440511703491,0
2025-05-05 05:00:00+00:00,1.1340440511703491,1.1340440511703491,1.1339154243469238,1.1339154243469238,0
2025-05-05 05:05:00+00:00,1.134429931640625,1.134429931640625,1.1340440511703491,1.1340440511703491,0
2025-05-05 05:10:00+00:00,1.1346874237060547,1.1346874237060547,1.134429931640625,1.1346874237060547,0
2025-05-05 05:15:00+00:00,1.1349449157714844,1.1349449157714844,1.1349449157714844,1.1349449157714844,0
2025-05-05 05:20:00+00:00,1.1348161697387695,1.1348161697387695,1.1346874237060547,1.1346874237060547,0
2025-05-05 05:25:00+00:00,1.1348161697387695,1.1348161697387695,1.1346874237060547,1.1346874237060547,0
2025-05-05 05:30:00+00:00,1.1345586776733398,1.1348161697387695,1.134429931640625,1.1348161697387695,0
2025-05-05 05:35:00+00:00,1.1349449157714844,1.1349449157714844,1.134429931640625,1.1346874237060547,0
2025-05-05 05:40:00+00:00,1.134429931640625,1.1350737810134888,1.134429931640625,1.1349449157714844,0
2025-05-05 05:45:00+00:00,1.1334012746810913,1.1337867975234985,1.1334012746810913,1.1336582899093628,0
2025-05-05 05:50:00+00:00,1.1337867975234985,1.1337867975234985,1.1334012746810913,1.1334012746810913,0
2025-05-05 05:55:00+00:00,1.1339154243469238,1.1341726779937744,1.1339154243469238,1.1341726779937744,0
2025-05-05 06:00:00+00:00,1.1332728862762451,1.1336582899093628,1.133144497871399,1.1332728862762451,0
2025-05-05 06:05:00+00:00,1.1339154243469238,1.1339154243469238,1.133529782295227,1.133529782295227,0
2025-05-05 06:10:00+00:00,1.1336582899093628,1.1336582899093628,1.1332728862762451,1.1336582899093628,0
2025-05-05 06:15:00+00:00,1.1337867975234985,1.1340440511703491,1.133529782295227,1.133529782295227,0
2025-05-05 06:20:00+00:00,1.1334012746810913,1.1334012746810913,1.1328877210617065,1.1330161094665527,0
2025-05-05 06:25:00+00:00,1.1328877210617065,1.1334012746810913,1.1328877210617065,1.1334012746810913,0
2025-05-05 06:30:00+00:00,1.13237464427948,1.1328877210617065,1.13237464427948,1.1328877210617065,0
2025-05-05 06:35:00+00:00,1.1328877210617065,1.1328877210617065,1.13237464427948,1.13237464427948,0
2025-05-05 06:40:00+00:00,1.1330161094665527,1.133144497871399,1.1328877210617065,1.1330161094665527,0
2025-05-05 06:45:00+00:00,1.13275945186615,1.1328877210617065,1.13275945186615,1.1328877210617065,0
2025-05-05 06:50:00+00:00,1.1322463750839233,1.132502794265747,1.1322463750839233,1.132502794265747,0
2025-05-05 06:55:00+00:00,1.1332728862762451,1.1332728862762451,1.132502794265747,1.132502794265747,0
2025-05-05 07:00:00+00:00,1.13275945186615,1.133144497871399,1.13275945186615,1.133144497871399,0
2025-05-05 07:05:00+00:00,1.1326310634613037,1.1326310634613037,1.1322463750839233,1.13237464427948,0
2025-05-05 07:10:00+00:00,1.1328877210617065,1.1330161094665527,1.1326310634613037,1.1326310634613037,0
2025-05-05 07:15:00+00:00,1.1332728862762451,1.1332728862762451,1.1326310634613037,1.1326310634613037,0
2025-05-05 07:20:00+00:00,1.1330161094665527,1.1332728862762451,1.1330161094665527,1.1332728862762451,0
2025-05-05 07:25:00+00:00,1.13237464427948,1.133144497871399,1.13237464427948,1.133144497871399,0
2025-05-05 07:30:00+00:00,1.1326310634613037,1.13275945186615,1.13237464427948,1.132502794265747,0
2025-05-05 07:35:00+00:00,1.1330161094665527,1.1330161094665527,1.132502794265747,1.1326310634613037,0
2025-05-05 07:40:00+00:00,1.1326310634613037,1.1328877210617065,1.132502794265747,1.13275945186615,0
2025-05-05 07:45:00+00:00,1.13237464427948,1.13275945186615,1.1322463750839233,1.13275945186615,0
2025-05-05 07:50:00+00:00,1.13237464427948,1.13237464427948,1.1322463750839233,1.1322463750839233,0
2025-05-05 07:55:00+00:00,1.131733775138855,1.13237464427948,1.131733775138855,1.13237464427948,0
2025-05-05 08:00:00+00:00,1.1319899559020996,1.1319899559020996,1.131733775138855,1.131733775138855,0
2025-05-05 08:05:00+00:00,1.1322463750839233,1.13237464427948,1.1316057443618774,1.1316057443618774,0
2025-05-05 08:10:00+00:00,1.13275945186615,1.13275945186615,1.132502794265747,1.132502794265747,0
2025-05-05 08:15:00+00:00,1.13275945186615,1.1328877210617065,1.132502794265747,1.13275945186615,0
2025-05-05 08:20:00+00:00,1.1326310634613037,1.1328877210617065,1.1326310634613037,1.13275945186615,0
2025-05-05 08:25:00+00:00,1.13275945186615,1.13275945186615,1.132502794265747,1.132502794265747,0
2025-05-05 08:30:00+00:00,1.132502794265747,1.1328877210617065,1.132502794265747,1.1328877210617065,0
2025-05-05 08:35:00+00:00,1.1328877210617065,1.1328877210617065,1.1326310634613037,1.1326310634613037,0
2025-05-05 08:40:00+00:00,1.1328877210617065,1.1328877210617065,1.1326310634613037,1.1326310634613037,0
2025-05-05 08:45:00+00:00,1.133529782295227,1.133529782295227,1.133144497871399,1.133144497871399,0
2025-05-05 08:50:00+00:00,1.1334012746810913,1.133529782295227,1.1334012746810913,1.1334012746810913,0
2025-05-05 08:55:00+00:00,1.13275945186615,1.13275945186615,1.132502794265747,1.1326310634613037,0
2025-05-05 09:00:00+00:00,1.133529782295227,1.133529782295227,1.1330161094665527,1.1330161094665527,0
2025-05-05 09:05:00+00:00,1.1340440511703491,1.1341726779937744,1.1337867975234985,1.1337867975234985,0
2025-05-05 09:10:00+00:00,1.1337867975234985,1.1340440511703491,1.1337867975234985,1.1339154243469238,0
2025-05-05 09:15:00+00:00,1.1340440511703491,1.134429931640625,1.1340440511703491,1.1341726779937744,0
2025-05-05 09:20:00+00:00,1.133529782295227,1.1339154243469238,1.133529782295227,1.1339154243469238,0
2025-05-05 09:25:00+00:00,1.1341726779937744,1.1341726779937744,1.1337867975234985,1.1337867975234985,0
2025-05-05 09:30:00+00:00,1.1343011856079102,1.134429931640625,1.1341726779937744,1.1343011856079102,0
2025-05-05 09:35:00+00:00,1.1343011856079102,1.1345586776733398,1.1343011856079102,1.134429931640625,0
2025-05-05 09:40:00+00:00,1.134429931640625,1.1345586776733398,1.134429931640625,1.134429931640625,0
2025-05-05 09:45:00+00:00,1.1343011856079102,1.1343011856079102,1.1341726779937744,1.1343011856079102,0
2025-05-05 09:50:00+00:00,1.1340440511703491,1.1343011856079102,1.1339154243469238,1.1343011856079102,0
2025-05-05 09:55:00+00:00,1.1343011856079102,1.1343011856079102,1.1340440511703491,1.1341726779937744,0
2025-05-05 10:00:00+00:00,1.1346874237060547,1.1348161697387695,1.1345586776733398,1.1346874237060547,0
2025-05-05 10:05:00+00:00,1.1341726779937744,1.1345586776733398,1.1339154243469238,1.1345586776733398,0
2025-05-05 10:10:00+00:00,1.1337867975234985,1.1339154243469238,1.1337867975234985,1.1339154243469238,0
2025-05-05 10:15:00+00:00,1.1337867975234985,1.1337867975234985,1.1336582899093628,1.1337867975234985,0
2025-05-05 10:20:00+00:00,1.1341726779937744,1.1343011856079102,1.1340440511703491,1.1340440511703491,0
2025-05-05 10:25:00+00:00,1.1343011856079102,1.1343011856079102,1.1341726779937744,1.1341726779937744,0
2025-05-05 10:30:00+00:00,1.134429931640625,1.1345586776733398,1.1341726779937744,1.1341726779937744,0
2025-05-05 10:35:00+00:00,1.1339154243469238,1.1341726779937744,1.1339154243469238,1.1341726779937744,0
2025-05-05 10:40:00+00:00,1.1343011856079102,1.1343011856079102,1.1341726779937744,1.1341726779937744,0
2025-05-05 10:45:00+00:00,1.1345586776733398,1.1346874237060547,1.1345586776733398,1.1345586776733398,0
2025-05-05 10:50:00+00:00,1.1345586776733398,1.1345586776733398,1.1340440511703491,1.134429931640625,0
2025-05-05 10:55:00+00:00,1.1346874237060547,1.1346874237060547,1.1345586776733398,1.1346874237060547,0
2025-05-05 11:00:00+00:00,1.1349449157714844,1.1349449157714844,1.1348161697387695,1.1348161697387695,0
2025-05-05 11:05:00+00:00,1.1354604959487915,1.1354604959487915,1.1349449157714844,1.1350737810134888,0
2025-05-05 11:10:00+00:00,1.1357183456420898,1.1359764337539673,1.135589361190796,1.135589361190796,0
2025-05-05 11:15:00+00:00,1.1358473300933838,1.1358473300933838,1.135589361190796,1.135589361190796,0
2025-05-05 11:20:00+00:00,1.1357183456420898,1.1358473300933838,1.1357183456420898,1.1358473300933838,0
2025-05-05 11:25:00+00:00,1.1354604959487915,1.1359764337539673,1.1354604959487915,1.1359764337539673,0
2025-05-05 11:30:00+00:00,1.1345586776733398,1.1352026462554932,1.1345586776733398,1.1352026462554932,0
2025-05-05 11:35:00+00:00,1.1346874237060547,1.1348161697387695,1.1345586776733398,1.1348161697387695,0
2025-05-05 11:40:00+00:00,1.134429931640625,1.1346874237060547,1.134429931640625,1.1345586776733398,0
2025-05-05 11:45:00+00:00,1.1346874237060547,1.1346874237060547,1.134429931640625,1.134429931640625,0
2025-05-05 11:50:00+00:00,1.1350737810134888,1.1350737810134888,1.1346874237060547,1.1349449157714844,0
2025-05-05 11:55:00+00:00,1.1345586776733398,1.1348161697387695,1.134429931640625,1.1348161697387695,0
2025-05-05 12:00:00+00:00,1.1352026462554932,1.1352026462554932,1.1346874237060547,1.1346874237060547,0
2025-05-05 12:05:00+00:00,1.1345586776733398,1.1348161697387695,1.1345586776733398,1.1348161697387695,0
2025-05-05 12:10:00+00:00,1.1348161697387695,1.1349449157714844,1.1346874237060547,1.1346874237060547,0
2025-05-05 12:15:00+00:00,1.1349449157714844,1.1349449157714844,1.1345586776733398,1.1345586776733398,0
2025-05-05 12:20:00+00:00,1.1358473300933838,1.1358473300933838,1.1349449157714844,1.1349449157714844,0
2025-05-05 12:25:00+00:00,1.1363636255264282,1.1363636255264282,1.1359764337539673,1.1362345218658447,0
2025-05-05 12:30:00+00:00,1.1358473300933838,1.1361054182052612,1.1358473300933838,1.1361054182052612,0
2025-05-05 12:35:00+00:00,1.1359764337539673,1.1361054182052612,1.1358473300933838,1.1358473300933838,0
2025-05-05 12:40:00+00:00,1.1353315114974976,1.1359764337539673,1.1353315114974976,1.1357183456420898,0
2025-05-05 12:45:00+00:00,1.1357183456420898,1.1357183456420898,1.1353315114974976,1.1354604959487915,0
2025-05-05 12:50:00+00:00,1.1359764337539673,1.1359764337539673,1.1358473300933838,1.1358473300933838,0
2025-05-05 12:55:00+00:00,1.1363636255264282,1.1366219520568848,1.1359764337539673,1.1359764337539673,0
2025-05-05 13:00:00+00:00,1.1362345218658447,1.1363636255264282,1.1361054182052612,1.1363636255264282,0
2025-05-05 13:05:00+00:00,1.1364928483963013,1.1367511749267578,1.1362345218658447,1.1362345218658447,0
2025-05-05 13:10:00+00:00,1.1363636255264282,1.1363636255264282,1.1361054182052612,1.1362345218658447,0
2025-05-05 13:15:00+00:00,1.1362345218658447,1.1364928483963013,1.1362345218658447,1.1364928483963013,0
2025-05-05 13:20:00+00:00,1.1362345218658447,1.1363636255264282,1.1362345218658447,1.1362345218658447,0
2025-05-05 13:25:00+00:00,1.1361054182052612,1.1363636255264282,1.1359764337539673,1.1359764337539673,0
2025-05-05 13:30:00+00:00,1.1359764337539673,1.1359764337539673,1.1359764337539673,1.1359764337539673,0
2025-05-05 13:35:00+00:00,1.1359764337539673,1.1359764337539673,1.1358473300933838,1.1359764337539673,0
2025-05-05 13:40:00+00:00,1.1359764337539673,1.1363636255264282,1.1359764337539673,1.1361054182052612,0
2025-05-05 13:45:00+00:00,1.1359764337539673,1.1359764337539673,1.1357183456420898,1.1357183456420898,0
2025-05-05 13:50:00+00:00,1.1362345218658447,1.1362345218658447,1.1361054182052612,1.1361054182052612,0
2025-05-05 13:55:00+00:00,1.135589361190796,1.1361054182052612,1.135589361190796,1.1361054182052612,0
2025-05-05 14:00:00+00:00,1.1349449157714844,1.1349449157714844,1.1340440511703491,1.1341726779937744,0
2025-05-05 14:05:00+00:00,1.1354604959487915,1.1354604959487915,1.1349449157714844,1.1349449157714844,0
2025-05-05 14:10:00+00:00,1.1348161697387695,1.1353315114974976,1.1348161697387695,1.1353315114974976,0
2025-05-05 14:15:00+00:00,1.1346874237060547,1.1346874237060547,1.1345586776733398,1.1345586776733398,0
2025-05-05 14:20:00+00:00,1.1346874237060547,1.1348161697387695,1.1345586776733398,1.1345586776733398,0
2025-05-05 14:25:00+00:00,1.1348161697387695,1.1348161697387695,1.134429931640625,1.1346874237060547,0
2025-05-05 14:30:00+00:00,1.1339154243469238,1.1346874237060547,1.1339154243469238,1.1346874237060547,0
2025-05-05 14:35:00+00:00,1.1339154243469238,1.1339154243469238,1.1336582899093628,1.1336582899093628,0
2025-05-05 14:40:00+00:00,1.1345586776733398,1.1345586776733398,1.1339154243469238,1.1339154243469238,0
2025-05-05 14:45:00+00:00,1.1343011856079102,1.134429931640625,1.1343011856079102,1.1343011856079102,0
2025-05-05 14:50:00+00:00,1.1340440511703491,1.134429931640625,1.1340440511703491,1.134429931640625,0
2025-05-05 14:55:00+00:00,1.1341726779937744,1.1343011856079102,1.1337867975234985,1.1337867975234985,0
2025-05-05 15:00:00+00:00,1.1336582899093628,1.1343011856079102,1.1336582899093628,1.1343011856079102,0
2025-05-05 15:05:00+00:00,1.133529782295227,1.1339154243469238,1.1332728862762451,1.1339154243469238,0
2025-05-05 15:10:00+00:00,1.133529782295227,1.1336582899093628,1.133529782295227,1.1336582899093628,0
2025-05-05 15:15:00+00:00,1.133529782295227,1.133529782295227,1.133529782295227,1.133529782295227,0
2025-05-05 15:20:00+00:00,1.1332728862762451,1.1334012746810913,1.1332728862762451,1.1334012746810913,0
2025-05-05 15:25:00+00:00,1.1334012746810913,1.133529782295227,1.1332728862762451,1.1332728862762451,0
2025-05-05 15:30:00+00:00,1.1330161094665527,1.1334012746810913,1.1330161094665527,1.1332728862762451,0
2025-05-05 15:35:00+00:00,1.1326310634613037,1.1328877210617065,1.132502794265747,1.13275945186615,0
2025-05-05 15:40:00+00:00,1.1322463750839233,1.13275945186615,1.1321182250976562,1.13275945186615,0
2025-05-05 15:45:00+00:00,1.1321182250976562,1.1322463750839233,1.1321182250976562,1.1322463750839233,0
2025-05-05 15:50:00+00:00,1.1322463750839233,1.13237464427948,1.1322463750839233,1.13237464427948,0
2025-05-05 15:55:00+00:00,1.131733775138855,1.131861925125122,1.131733775138855,1.131861925125122,0
2025-05-05 16:00:00+00:00,1.1316057443618774,1.1316057443618774,1.1313496828079224,1.1313496828079224,0
2025-05-05 16:05:00+00:00,1.130454421043396,1.1314777135849,1.130454421043396,1.1313496828079224,0
2025-05-05 16:10:00+00:00,1.1303266286849976,1.1307101249694824,1.1303266286849976,1.130454421043396,0
2025-05-05 16:15:00+00:00,1.1307101249694824,1.1307101249694824,1.130454421043396,1.130454421043396,0
2025-05-05 16:20:00+00:00,1.1305822134017944,1.1307101249694824,1.1305822134017944,1.1307101249694824,0
2025-05-05 16:25:00+00:00,1.1303266286849976,1.1307101249694824,1.1303266286849976,1.1307101249694824,0
2025-05-05 16:30:00+00:00,1.1305822134017944,1.1305822134017944,1.1305822134017944,1.1305822134017944,0
2025-05-05 16:40:00+00:00,1.1310937404632568,1.1310937404632568,1.1307101249694824,1.1308379173278809,0
2025-05-05 16:45:00+00:00,1.1305822134017944,1.1310937404632568,1.1305822134017944,1.1310937404632568,0
2025-05-05 16:50:00+00:00,1.1307101249694824,1.1307101249694824,1.130454421043396,1.130454421043396,0
2025-05-05 16:55:00+00:00,1.1305822134017944,1.1305822134017944,1.1303266286849976,1.1305822134017944,0
2025-05-05 17:00:00+00:00,1.1309658288955688,1.1309658288955688,1.1305822134017944,1.1305822134017944,0
2025-05-05 17:05:00+00:00,1.1310937404632568,1.1310937404632568,1.1308379173278809,1.1309658288955688,0
2025-05-05 17:10:00+00:00,1.1309658288955688,1.1310937404632568,1.1308379173278809,1.1309658288955688,0
2025-05-05 17:15:00+00:00,1.1309658288955688,1.1309658288955688,1.1308379173278809,1.1309658288955688,0
2025-05-05 17:20:00+00:00,1.1310937404632568,1.1310937404632568,1.1309658288955688,1.1309658288955688,0
2025-05-05 17:25:00+00:00,1.1313496828079224,1.1313496828079224,1.1310937404632568,1.1310937404632568,0
2025-05-05 17:30:00+00:00,1.1313496828079224,1.1314777135849,1.1310937404632568,1.1313496828079224,0
2025-05-05 17:35:00+00:00,1.1307101249694824,1.1310937404632568,1.1307101249694824,1.1310937404632568,0
2025-05-05 17:40:00+00:00,1.1305822134017944,1.1307101249694824,1.1305822134017944,1.1305822134017944,0
2025-05-05 17:45:00+00:00,1.1305822134017944,1.1305822134017944,1.130454421043396,1.130454421043396,0
2025-05-05 17:50:00+00:00,1.1307101249694824,1.1307101249694824,1.1305822134017944,1.1305822134017944,0
2025-05-05 17:55:00+00:00,1.1303266286849976,1.1305822134017944,1.1303266286849976,1.1305822134017944,0
2025-05-05 18:00:00+00:00,1.1303266286849976,1.1303266286849976,1.1301988363265991,1.1303266286849976,0
2025-05-05 18:05:00+00:00,1.130454421043396,1.1305822134017944,1.130454421043396,1.130454421043396,0
2025-05-05 18:10:00+00:00,1.130454421043396,1.1305822134017944,1.130454421043396,1.130454421043396,0
2025-05-05 18:15:00+00:00,1.1305822134017944,1.1305822134017944,1.130454421043396,1.130454421043396,0
2025-05-05 18:20:00+00:00,1.1305822134017944,1.1305822134017944,1.130454421043396,1.1305822134017944,0
2025-05-05 18:25:00+00:00,1.130454421043396,1.1305822134017944,1.130454421043396,1.1305822134017944,0
2025-05-05 18:30:00+00:00,1.1305822134017944,1.1308379173278809,1.1305822134017944,1.1307101249694824,0
2025-05-05 18:35:00+00:00,1.1305822134017944,1.1305822134017944,1.130454421043396,1.130454421043396,0
2025-05-05 18:40:00+00:00,1.1307101249694824,1.1307101249694824,1.1305822134017944,1.1305822134017944,0
2025-05-05 18:45:00+00:00,1.1307101249694824,1.1308379173278809,1.1305822134017944,1.1305822134017944,0
2025-05-05 18:50:00+00:00,1.1316057443618774,1.1316057443618774,1.1308379173278809,1.1308379173278809,0
2025-05-05 18:55:00+00:00,1.131733775138855,1.131861925125122,1.131733775138855,1.131733775138855,0
2025-05-05 19:00:00+00:00,1.1316057443618774,1.1316057443618774,1.1314777135849,1.1314777135849,0
2025-05-05 19:05:00+00:00,1.1322463750839233,1.1322463750839233,1.131861925125122,1.131861925125122,0
2025-05-05 19:10:00+00:00,1.1321182250976562,1.13237464427948,1.1321182250976562,1.13237464427948,0
2025-05-05 19:15:00+00:00,1.1322463750839233,1.1322463750839233,1.1319899559020996,1.1319899559020996,0
2025-05-05 19:20:00+00:00,1.1321182250976562,1.1321182250976562,1.1319899559020996,1.1319899559020996,0
2025-05-05 19:25:00+00:00,1.1321182250976562,1.13237464427948,1.1321182250976562,1.1321182250976562,0
2025-05-05 19:30:00+00:00,1.1319899559020996,1.1321182250976562,1.1319899559020996,1.1321182250976562,0
2025-05-05 19:35:00+00:00,1.1322463750839233,1.13237464427948,1.1319899559020996,1.1319899559020996,0
2025-05-05 19:40:00+00:00,1.1319899559020996,1.13237464427948,1.1319899559020996,1.1322463750839233,0
2025-05-05 19:45:00+00:00,1.1321182250976562,1.1321182250976562,1.131733775138855,1.131861925125122,0
2025-05-05 19:50:00+00:00,1.1321182250976562,1.1321182250976562,1.131861925125122,1.1319899559020996,0
2025-05-05 19:55:00+00:00,1.1319899559020996,1.13237464427948,1.1319899559020996,1.13237464427948,0
2025-05-05 20:00:00+00:00,1.1321182250976562,1.1321182250976562,1.131861925125122,1.1319899559020996,0
2025-05-05 20:05:00+00:00,1.1322463750839233,1.13237464427948,1.1321182250976562,1.1322463750839233,0
2025-05-05 20:10:00+00:00,1.1319899559020996,1.1322463750839233,1.1319899559020996,1.1321182250976562,0
2025-05-05 20:15:00+00:00,1.131861925125122,1.1319899559020996,1.131861925125122,1.1319899559020996,0
2025-05-05 20:20:00+00:00,1.1316057443618774,1.1319899559020996,1.1316057443618774,1.1319899559020996,0
2025-05-05 20:25:00+00:00,1.1316057443618774,1.131733775138855,1.1316057443618774,1.1316057443618774,0
2025-05-05 20:30:00+00:00,1.131733775138855,1.131733775138855,1.1314777135849,1.1314777135849,0
2025-05-05 20:35:00+00:00,1.131733775138855,1.131733775138855,1.1316057443618774,1.131733775138855,0
2025-05-05 20:40:00+00:00,1.131861925125122,1.131861925125122,1.131733775138855,1.131733775138855,0
2025-05-05 20:45:00+00:00,1.131861925125122,1.131861925125122,1.131861925125122,1.131861925125122,0
2025-05-05 20:50:00+00:00,1.131733775138855,1.1319899559020996,1.131733775138855,1.131861925125122,0
2025-05-05 20:55:00+00:00,1.131861925125122,1.131861925125122,1.131733775138855,1.131733775138855,0
2025-05-05 21:00:00+00:00,1.1319899559020996,1.1319899559020996,1.1319899559020996,1.1319899559020996,0
2025-05-05 21:05:00+00:00,1.1319899559020996,1.1319899559020996,1.131733775138855,1.1319899559020996,0
2025-05-05 21:10:00+00:00,1.131861925125122,1.131861925125122,1.131861925125122,1.131861925125122,0
2025-05-05 21:15:00+00:00,1.1321182250976562,1.1321182250976562,1.131861925125122,1.1319899559020996,0
2025-05-05 21:20:00+00:00,1.1322463750839233,1.1322463750839233,1.1321182250976562,1.1321182250976562,0
2025-05-05 21:25:00+00:00,1.1321182250976562,1.13237464427948,1.1321182250976562,1.13237464427948,0
2025-05-05 21:30:00+00:00,1.1319899559020996,1.1321182250976562,1.1319899559020996,1.1321182250976562,0
2025-05-05 21:35:00+00:00,1.1319899559020996,1.1319899559020996,1.1319899559020996,1.1319899559020996,0
2025-05-05 21:40:00+00:00,1.1321182250976562,1.1322463750839233,1.1319899559020996,1.1322463750839233,0
2025-05-05 21:45:00+00:00,1.1322463750839233,1.1322463750839233,1.1321182250976562,1.1321182250976562,0
2025-05-05 21:50:00+00:00,1.1321182250976562,1.1321182250976562,1.1319899559020996,1.1321182250976562,0
2025-05-05 21:55:00+00:00,1.1322463750839233,1.1322463750839233,1.1319899559020996,1.1319899559020996,0
2025-05-05 22:00:00+00:00,1.1321182250976562,1.1321182250976562,1.1319899559020996,1.1319899559020996,0
2025-05-05 22:05:00+00:00,1.1321182250976562,1.1322463750839233,1.1321182250976562,1.1321182250976562,0
2025-05-05 22:10:00+00:00,1.1322463750839233,1.1322463750839233,1.1321182250976562,1.1321182250976562,0
2025-05-05 22:15:00+00:00,1.1321182250976562,1.1322463750839233,1.1321182250976562,1.1322463750839233,0
2025-05-05 22:20:00+00:00,1.1322463750839233,1.1322463750839233,1.1321182250976562,1.1322463750839233,0
2025-05-05 22:25:00+00:00,1.1321182250976562,1.1322463750839233,1.1321182250976562,1.1322463750839233,0
2025-05-05 22:30:00+00:00,1.1321182250976562,1.1321182250976562,1.1321182250976562,1.1321182250976562,0
2025-05-05 22:35:00+00:00,1.131861925125122,1.1321182250976562,1.131861925125122,1.1321182250976562,0
2025-05-05 22:40:00+00:00,1.1316057443618774,1.131861925125122,1.1316057443618774,1.131861925125122,0
2025-05-05 22:45:00+00:00,1.131733775138855,1.131733775138855,1.1316057443618774,1.131733775138855,0
2025-05-05 22:50:00+00:00,1.131733775138855,1.131733775138855,1.131733775138855,1.131733775138855,0
2025-05-05 22:55:00+00:00,1.131861925125122,1.131861925125122,1.131733775138855,1.131733775138855,0
2025-05-05 23:00:00+00:00,1.131733775138855,1.131861925125122,1.131733775138855,1.131733775138855,0
2025-05-05 23:05:00+00:00,1.1314777135849,1.131733775138855,1.1313496828079224,1.131733775138855,0
2025-05-05 23:10:00+00:00,1.1314777135849,1.1314777135849,1.1313496828079224,1.1314777135849,0
2025-05-05 23:15:00+00:00,1.1314777135849,1.1316057443618774,1.1313496828079224,1.1314777135849,0
2025-05-05 23:20:00+00:00,1.131733775138855,1.131861925125122,1.1316057443618774,1.1316057443618774,0
2025-05-05 23:25:00+00:00,1.131733775138855,1.131861925125122,1.131733775138855,1.131861925125122,0
2025-05-05 23:30:00+00:00,1.131861925125122,1.131861925125122,1.131733775138855,1.131733775138855,0
2025-05-05 23:35:00+00:00,1.131861925125122,1.131861925125122,1.131733775138855,1.131861925125122,0
2025-05-05 23:40:00+00:00,1.1319899559020996,1.1319899559020996,1.131861925125122,1.131861925125122,0
2025-05-05 23:45:00+00:00,1.131861925125122,1.1319899559020996,1.131861925125122,1.1319899559020996,0
2025-05-05 23:50:00+00:00,1.131861925125122,1.131861925125122,1.131733775138855,1.131861925125122,0
2025-05-05 23:55:00+00:00,1.1316057443618774,1.131861925125122,1.1316057443618774,1.131861925125122,0
2025-05-06 00:00:00+00:00,1.1314777135849,1.1314777135849,1.1314777135849,1.1314777135849,0
2025-05-06 00:05:00+00:00,1.1308379173278809,1.1314777135849,1.1308379173278809,1.1314777135849,0
2025-05-06 00:10:00+00:00,1.1303266286849976,1.1308379173278809,1.1303266286849976,1.1308379173278809,0
2025-05-06 00:15:00+00:00,1.129433035850525,1.1301988363265991,1.129433035850525,1.1301988363265991,0
2025-05-06 00:20:00+00:00,1.1290504932403564,1.1298158168792725,1.1290504932403564,1.1298158168792725,0
2025-05-06 00:25:00+00:00,1.1290504932403564,1.1290504932403564,1.128413438796997,1.128413438796997,0
2025-05-06 00:30:00+00:00,1.1295605897903442,1.1295605897903442,1.1293054819107056,1.1293054819107056,0
2025-05-06 00:35:00+00:00,1.1290504932403564,1.1295605897903442,1.1290504932403564,1.1295605897903442,0
2025-05-06 00:40:00+00:00,1.1289230585098267,1.1291780471801758,1.1289230585098267,1.1291780471801758,0
2025-05-06 00:45:00+00:00,1.1289230585098267,1.1291780471801758,1.1289230585098267,1.1290504932403564,0
2025-05-06 00:50:00+00:00,1.1289230585098267,1.1290504932403564,1.1289230585098267,1.1289230585098267,0
2025-05-06 00:55:00+00:00,1.1287955045700073,1.1291780471801758,1.1287955045700073,1.1291780471801758,0
2025-05-06 01:00:00+00:00,1.1282861232757568,1.128668189048767,1.1282861232757568,1.128668189048767,0
2025-05-06 01:05:00+00:00,1.1293054819107056,1.1293054819107056,1.128668189048767,1.128668189048767,0
2025-05-06 01:10:00+00:00,1.1293054819107056,1.1295605897903442,1.1291780471801758,1.1293054819107056,0
2025-05-06 01:15:00+00:00,1.1289230585098267,1.1290504932403564,1.1289230585098267,1.1290504932403564,0
2025-05-06 01:20:00+00:00,1.128413438796997,1.1289230585098267,1.128413438796997,1.1289230585098267,0
2025-05-06 01:25:00+00:00,1.1291780471801758,1.1291780471801758,1.1289230585098267,1.1289230585098267,0
2025-05-06 01:30:00+00:00,1.1290504932403564,1.1290504932403564,1.128413438796997,1.1289230585098267,0
2025-05-06 01:35:00+00:00,1.1290504932403564,1.1291780471801758,1.1289230585098267,1.1290504932403564,0
2025-05-06 01:40:00+00:00,1.129433035850525,1.1295605897903442,1.1293054819107056,1.1293054819107056,0
2025-05-06 01:45:00+00:00,1.1291780471801758,1.129433035850525,1.1291780471801758,1.129433035850525,0
2025-05-06 01:50:00+00:00,1.1295605897903442,1.1298158168792725,1.1291780471801758,1.1291780471801758,0
2025-05-06 01:55:00+00:00,1.129433035850525,1.1299434900283813,1.129433035850525,1.1298158168792725,0
2025-05-06 02:00:00+00:00,1.1299434900283813,1.1300712823867798,1.1298158168792725,1.1298158168792725,0
2025-05-06 02:05:00+00:00,1.1309658288955688,1.1309658288955688,1.1301988363265991,1.1301988363265991,0
2025-05-06 02:10:00+00:00,1.1309658288955688,1.1310937404632568,1.1308379173278809,1.1308379173278809,0
2025-05-06 02:15:00+00:00,1.1312217712402344,1.1312217712402344,1.1310937404632568,1.1310937404632568,0
2025-05-06 02:20:00+00:00,1.1313496828079224,1.131733775138855,1.1310937404632568,1.131733775138855,0
2025-05-06 02:25:00+00:00,1.1316057443618774,1.1316057443618774,1.1310937404632568,1.1312217712402344,0
2025-05-06 02:30:00+00:00,1.1313496828079224,1.1316057443618774,1.1312217712402344,1.1316057443618774,0
2025-05-06 02:35:00+00:00,1.1310937404632568,1.1313496828079224,1.1310937404632568,1.1313496828079224,0
2025-05-06 02:40:00+00:00,1.1310937404632568,1.1312217712402344,1.1309658288955688,1.1310937404632568,0
2025-05-06 02:45:00+00:00,1.1310937404632568,1.1313496828079224,1.1310937404632568,1.1310937404632568,0
2025-05-06 02:50:00+00:00,1.1310937404632568,1.1312217712402344,1.1309658288955688,1.1309658288955688,0
2025-05-06 02:55:00+00:00,1.1310937404632568,1.1312217712402344,1.1309658288955688,1.1312217712402344,0
2025-05-06 03:00:00+00:00,1.1307101249694824,1.1310937404632568,1.1307101249694824,1.1310937404632568,0
2025-05-06 03:05:00+00:00,1.1312217712402344,1.1312217712402344,1.1308379173278809,1.1308379173278809,0
2025-05-06 03:10:00+00:00,1.1310937404632568,1.1316057443618774,1.1310937404632568,1.1316057443618774,0
2025-05-06 03:15:00+00:00,1.1313496828079224,1.1313496828079224,1.1309658288955688,1.1309658288955688,0
2025-05-06 03:20:00+00:00,1.1316057443618774,1.1316057443618774,1.1312217712402344,1.1312217712402344,0
2025-05-06 03:25:00+00:00,1.1316057443618774,1.131861925125122,1.1314777135849,1.1316057443618774,0
2025-05-06 03:30:00+00:00,1.1319899559020996,1.1319899559020996,1.1316057443618774,1.1316057443618774,0
2025-05-06 03:35:00+00:00,1.1314777135849,1.131733775138855,1.1314777135849,1.131733775138855,0
2025-05-06 03:40:00+00:00,1.1314777135849,1.1316057443618774,1.1314777135849,1.1314777135849,0
2025-05-06 03:45:00+00:00,1.131861925125122,1.131861925125122,1.1313496828079224,1.1314777135849,0
2025-05-06 03:50:00+00:00,1.131733775138855,1.131733775138855,1.1314777135849,1.131733775138855,0
2025-05-06 03:55:00+00:00,1.131861925125122,1.1321182250976562,1.1316057443618774,1.1316057443618774,0
2025-05-06 04:00:00+00:00,1.1319899559020996,1.1319899559020996,1.131861925125122,1.131861925125122,0
2025-05-06 04:05:00+00:00,1.1319899559020996,1.1319899559020996,1.131861925125122,1.131861925125122,0
2025-05-06 04:10:00+00:00,1.1321182250976562,1.1321182250976562,1.131861925125122,1.131861925125122,0
2025-05-06 04:15:00+00:00,1.1326310634613037,1.1326310634613037,1.1322463750839233,1.13237464427948,0
2025-05-06 04:20:00+00:00,1.1326310634613037,1.13275945186615,1.132502794265747,1.1326310634613037,0
2025-05-06 04:25:00+00:00,1.13237464427948,1.1326310634613037,1.13237464427948,1.1326310634613037,0
2025-05-06 04:30:00+00:00,1.1321182250976562,1.1322463750839233,1.1321182250976562,1.1322463750839233,0
2025-05-06 04:35:00+00:00,1.13237464427948,1.13237464427948,1.1321182250976562,1.1321182250976562,0
2025-05-06 04:40:00+00:00,1.1326310634613037,1.1326310634613037,1.13237464427948,1.132502794265747,0
2025-05-06 04:45:00+00:00,1.132502794265747,1.13275945186615,1.132502794265747,1.1326310634613037,0
2025-05-06 04:50:00+00:00,1.13275945186615,1.13275945186615,1.1326310634613037,1.1326310634613037,0
2025-05-06 04:55:00+00:00,1.1328877210617065,1.133144497871399,1.1328877210617065,1.1328877210617065,0
2025-05-06 05:00:00+00:00,1.13275945186615,1.1328877210617065,1.1326310634613037,1.13275945186615,0
2025-05-06 05:05:00+00:00,1.132502794265747,1.1326310634613037,1.132502794265747,1.1326310634613037,0
2025-05-06 05:10:00+00:00,1.13275945186615,1.13275945186615,1.132502794265747,1.132502794265747,0
2025-05-06 05:15:00+00:00,1.132502794265747,1.13275945186615,1.132502794265747,1.13275945186615,0
2025-05-06 05:20:00+00:00,1.13237464427948,1.132502794265747,1.1321182250976562,1.132502794265747,0
2025-05-06 05:25:00+00:00,1.1322463750839233,1.1322463750839233,1.1321182250976562,1.1321182250976562,0
2025-05-06 05:30:00+00:00,1.1322463750839233,1.1322463750839233,1.1321182250976562,1.1321182250976562,0
2025-05-06 05:35:00+00:00,1.1319899559020996,1.13237464427948,1.1319899559020996,1.13237464427948,0
2025-05-06 05:40:00+00:00,1.1321182250976562,1.1321182250976562,1.131733775138855,1.1319899559020996,0
2025-05-06 05:45:00+00:00,1.1321182250976562,1.1321182250976562,1.1319899559020996,1.1319899559020996,0
2025-05-06 05:50:00+00:00,1.1319899559020996,1.1321182250976562,1.131733775138855,1.1321182250976562,0
2025-05-06 05:55:00+00:00,1.1319899559020996,1.1322463750839233,1.131733775138855,1.131733775138855,0
2025-05-06 06:00:00+00:00,1.131733775138855,1.1319899559020996,1.131733775138855,1.131861925125122,0
2025-05-06 06:05:00+00:00,1.1322463750839233,1.1322463750839233,1.131733775138855,1.131733775138855,0
2025-05-06 06:10:00+00:00,1.1322463750839233,1.1326310634613037,1.1321182250976562,1.1321182250976562,0
2025-05-06 06:15:00+00:00,1.13237464427948,1.13237464427948,1.1319899559020996,1.1322463750839233,0
2025-05-06 06:20:00+00:00,1.1322463750839233,1.13237464427948,1.1321182250976562,1.1321182250976562,0
2025-05-06 06:25:00+00:00,1.13237464427948,1.1326310634613037,1.1322463750839233,1.1322463750839233,0
2025-05-06 06:30:00+00:00,1.132502794265747,1.13275945186615,1.13237464427948,1.13237464427948,0
2025-05-06 06:35:00+00:00,1.1334012746810913,1.1334012746810913,1.1326310634613037,1.1326310634613037,0
2025-05-06 06:40:00+00:00,1.1336582899093628,1.1336582899093628,1.133144497871399,1.133144497871399,0
2025-05-06 06:45:00+00:00,1.1332728862762451,1.133529782295227,1.1332728862762451,1.133529782295227,0
2025-05-06 06:50:00+00:00,1.1332728862762451,1.133529782295227,1.133144497871399,1.133144497871399,0
2025-05-06 06:55:00+00:00,1.1328877210617065,1.1330161094665527,1.13275945186615,1.1330161094665527,0
2025-05-06 07:00:00+00:00,1.1334012746810913,1.1337867975234985,1.133144497871399,1.133144497871399,0
2025-05-06 07:05:00+00:00,1.133144497871399,1.1334012746810913,1.133144497871399,1.1334012746810913,0
2025-05-06 07:10:00+00:00,1.133144497871399,1.1334012746810913,1.1330161094665527,1.1330161094665527,0
2025-05-06 07:15:00+00:00,1.1328877210617065,1.1332728862762451,1.1326310634613037,1.133144497871399,0
2025-05-06 07:20:00+00:00,1.1336582899093628,1.1336582899093628,1.1330161094665527,1.133144497871399,0
2025-05-06 07:25:00+00:00,1.1337867975234985,1.1341726779937744,1.1337867975234985,1.1337867975234985,0
2025-05-06 07:30:00+00:00,1.1341726779937744,1.1341726779937744,1.1340440511703491,1.1340440511703491,0
2025-05-06 07:35:00+00:00,1.1346874237060547,1.1346874237060547,1.1340440511703491,1.1341726779937744,0
2025-05-06 07:40:00+00:00,1.1348161697387695,1.1348161697387695,1.1345586776733398,1.1348161697387695,0
2025-05-06 07:45:00+00:00,1.1350737810134888,1.1350737810134888,1.1346874237060547,1.1348161697387695,0
2025-05-06 07:50:00+00:00,1.1346874237060547,1.1349449157714844,1.1346874237060547,1.1349449157714844,0
2025-05-06 07:55:00+00:00,1.1341726779937744,1.1346874237060547,1.1341726779937744,1.1346874237060547,0
2025-05-06 08:00:00+00:00,1.1341726779937744,1.134429931640625,1.1340440511703491,1.1340440511703491,0
2025-05-06 08:05:00+00:00,1.1339154243469238,1.1340440511703491,1.1330161094665527,1.1340440511703491,0
2025-05-06 08:10:00+00:00,1.1343011856079102,1.1343011856079102,1.1334012746810913,1.1341726779937744,0
2025-05-06 08:15:00+00:00,1.1350737810134888,1.1350737810134888,1.1346874237060547,1.1346874237060547,0
2025-05-06 08:20:00+00:00,1.1349449157714844,1.1350737810134888,1.1346874237060547,1.1350737810134888,0
2025-05-06 08:25:00+00:00,1.1343011856079102,1.1349449157714844,1.1343011856079102,1.1349449157714844,0
2025-05-06 08:30:00+00:00,1.1337867975234985,1.1343011856079102,1.1337867975234985,1.1343011856079102,0
2025-05-06 08:35:00+00:00,1.1340440511703491,1.1343011856079102,1.1337867975234985,1.1340440511703491,0
2025-05-06 08:40:00+00:00,1.1337867975234985,1.1340440511703491,1.1337867975234985,1.1340440511703491,0
2025-05-06 08:45:00+00:00,1.1337867975234985,1.1341726779937744,1.1337867975234985,1.1339154243469238,0
2025-05-06 08:50:00+00:00,1.133529782295227,1.1341726779937744,1.133529782295227,1.1340440511703491,0
2025-05-06 08:55:00+00:00,1.1330161094665527,1.133529782295227,1.1328877210617065,1.133529782295227,0
2025-05-06 09:00:00+00:00,1.133144497871399,1.133144497871399,1.1330161094665527,1.1330161094665527,0
2025-05-06 09:05:00+00:00,1.1330161094665527,1.1330161094665527,1.132502794265747,1.1330161094665527,0
2025-05-06 09:10:00+00:00,1.1328877210617065,1.1332728862762451,1.1328877210617065,1.1332728862762451,0
2025-05-06 09:15:00+00:00,1.1328877210617065,1.1328877210617065,1.1326310634613037,1.1326310634613037,0
2025-05-06 09:20:00+00:00,1.13275945186615,1.13275945186615,1.132502794265747,1.1326310634613037,0
2025-05-06 09:25:00+00:00,1.1321182250976562,1.13237464427948,1.1321182250976562,1.13237464427948,0
2025-05-06 09:30:00+00:00,1.132502794265747,1.132502794265747,1.1321182250976562,1.1321182250976562,0
2025-05-06 09:35:00+00:00,1.132502794265747,1.132502794265747,1.1322463750839233,1.13237464427948,0
2025-05-06 09:40:00+00:00,1.1322463750839233,1.13275945186615,1.1322463750839233,1.13237464427948,0
2025-05-06 09:45:00+00:00,1.131861925125122,1.13237464427948,1.131861925125122,1.13237464427948,0
2025-05-06 09:50:00+00:00,1.1309658288955688,1.1316057443618774,1.1309658288955688,1.1316057443618774,0
2025-05-06 09:55:00+00:00,1.1313496828079224,1.1313496828079224,1.1310937404632568,1.1310937404632568,0
2025-05-06 10:00:00+00:00,1.131861925125122,1.131861925125122,1.1313496828079224,1.1314777135849,0
2025-05-06 10:05:00+00:00,1.1321182250976562,1.1322463750839233,1.131733775138855,1.131733775138855,0
2025-05-06 10:10:00+00:00,1.1319899559020996,1.1322463750839233,1.1319899559020996,1.1319899559020996,0
2025-05-06 10:15:00+00:00,1.131733775138855,1.131861925125122,1.131733775138855,1.131861925125122,0
2025-05-06 10:20:00+00:00,1.131861925125122,1.1319899559020996,1.1316057443618774,1.131861925125122,0
2025-05-06 10:25:00+00:00,1.131861925125122,1.1319899559020996,1.131861925125122,1.131861925125122,0
2025-05-06 10:30:00+00:00,1.1322463750839233,1.1322463750839233,1.131733775138855,1.131733775138855,0
2025-05-06 10:35:00+00:00,1.131861925125122,1.1322463750839233,1.131861925125122,1.1322463750839233,0
2025-05-06 10:40:00+00:00,1.1326310634613037,1.1326310634613037,1.1319899559020996,1.1319899559020996,0
2025-05-06 10:45:00+00:00,1.1322463750839233,1.132502794265747,1.1322463750839233,1.132502794265747,0
2025-05-06 10:50:00+00:00,1.132502794265747,1.132502794265747,1.1319899559020996,1.1322463750839233,0
2025-05-06 10:55:00+00:00,1.1328877210617065,1.1328877210617065,1.132502794265747,1.132502794265747,0
2025-05-06 11:00:00+00:00,1.1330161094665527,1.1330161094665527,1.13275945186615,1.13275945186615,0
2025-05-06 11:05:00+00:00,1.1330161094665527,1.133144497871399,1.13275945186615,1.13275945186615,0
2025-05-06 11:10:00+00:00,1.133144497871399,1.1332728862762451,1.13275945186615,1.13275945186615,0
2025-05-06 11:15:00+00:00,1.133144497871399,1.1334012746810913,1.133144497871399,1.133144497871399,0
2025-05-06 11:20:00+00:00,1.1334012746810913,1.133529782295227,1.1332728862762451,1.1332728862762451,0
2025-05-06 11:25:00+00:00,1.1330161094665527,1.1334012746810913,1.1330161094665527,1.1334012746810913,0
2025-05-06 11:30:00+00:00,1.133529782295227,1.133529782295227,1.133144497871399,1.133144497871399,0
2025-05-06 11:35:00+00:00,1.133529782295227,1.1337867975234985,1.133529782295227,1.1337867975234985,0
2025-05-06 11:40:00+00:00,1.1334012746810913,1.1336582899093628,1.1334012746810913,1.1336582899093628,0
2025-05-06 11:45:00+00:00,1.133144497871399,1.1334012746810913,1.133144497871399,1.1334012746810913,0
2025-05-06 11:50:00+00:00,1.1332728862762451,1.1334012746810913,1.1330161094665527,1.1330161094665527,0
2025-05-06 11:55:00+00:00,1.1328877210617065,1.133529782295227,1.1328877210617065,1.1332728862762451,0
2025-05-06 12:00:00+00:00,1.1322463750839233,1.133144497871399,1.1322463750839233,1.133144497871399,0
2025-05-06 12:05:00+00:00,1.1328877210617065,1.1328877210617065,1.1322463750839233,1.1322463750839233,0
2025-05-06 12:10:00+00:00,1.133144497871399,1.133144497871399,1.13275945186615,1.13275945186615,0
2025-05-06 12:15:00+00:00,1.1330161094665527,1.1332728862762451,1.1330161094665527,1.133144497871399,0
2025-05-06 12:20:00+00:00,1.1337867975234985,1.1337867975234985,1.133144497871399,1.133144497871399,0
2025-05-06 12:25:00+00:00,1.133529782295227,1.1336582899093628,1.133529782295227,1.1336582899093628,0
2025-05-06 12:30:00+00:00,1.1340440511703491,1.1341726779937744,1.1337867975234985,1.1337867975234985,0
2025-05-06 12:35:00+00:00,1.134429931640625,1.134429931640625,1.1340440511703491,1.1341726779937744,0
2025-05-06 12:40:00+00:00,1.1343011856079102,1.1345586776733398,1.1343011856079102,1.134429931640625,0
2025-05-06 12:45:00+00:00,1.134429931640625,1.134429931640625,1.1339154243469238,1.1339154243469238,0
2025-05-06 12:50:00+00:00,1.1345586776733398,1.1345586776733398,1.1341726779937744,1.1341726779937744,0
2025-05-06 12:55:00+00:00,1.1345586776733398,1.1345586776733398,1.134429931640625,1.1345586776733398,0
2025-05-06 13:00:00+00:00,1.1339154243469238,1.1343011856079102,1.1337867975234985,1.1343011856079102,0
2025-05-06 13:05:00+00:00,1.1334012746810913,1.1337867975234985,1.133144497871399,1.1337867975234985,0
2025-05-06 13:10:00+00:00,1.1332728862762451,1.1334012746810913,1.1330161094665527,1.133144497871399,0
2025-05-06 13:15:00+00:00,1.1339154243469238,1.1339154243469238,1.1332728862762451,1.1332728862762451,0
2025-05-06 13:20:00+00:00,1.1343011856079102,1.1343011856079102,1.1336582899093628,1.1336582899093628,0
2025-05-06 13:25:00+00:00,1.1348161697387695,1.1348161697387695,1.1345586776733398,1.1346874237060547,0
2025-05-06 13:30:00+00:00,1.1343011856079102,1.1345586776733398,1.1341726779937744,1.1345586776733398,0
2025-05-06 13:35:00+00:00,1.1348161697387695,1.1349449157714844,1.1348161697387695,1.1348161697387695,0
2025-05-06 13:40:00+00:00,1.1348161697387695,1.1348161697387695,1.1345586776733398,1.1345586776733398,0
2025-05-06 13:45:00+00:00,1.1359764337539673,1.1359764337539673,1.1349449157714844,1.1349449157714844,0
2025-05-06 13:50:00+00:00,1.1358473300933838,1.1358473300933838,1.135589361190796,1.1357183456420898,0
2025-05-06 13:55:00+00:00,1.1354604959487915,1.1357183456420898,1.1352026462554932,1.1357183456420898,0
2025-05-06 14:00:00+00:00,1.1350737810134888,1.1357183456420898,1.1348161697387695,1.1357183456420898,0
2025-05-06 14:05:00+00:00,1.1350737810134888,1.1352026462554932,1.1348161697387695,1.1348161697387695,0
2025-05-06 14:10:00+00:00,1.1354604959487915,1.1358473300933838,1.1350737810134888,1.1350737810134888,0
2025-05-06 14:15:00+00:00,1.1354604959487915,1.1367511749267578,1.1353315114974976,1.1353315114974976,0
2025-05-06 14:20:00+00:00,1.1352026462554932,1.1354604959487915,1.1350737810134888,1.1352026462554932,0
2025-05-06 14:25:00+00:00,1.1349449157714844,1.1352026462554932,1.1346874237060547,1.1352026462554932,0
2025-05-06 14:30:00+00:00,1.1359764337539673,1.1359764337539673,1.1349449157714844,1.1349449157714844,0
2025-05-06 14:35:00+00:00,1.1362345218658447,1.1363636255264282,1.1357183456420898,1.1357183456420898,0
2025-05-06 14:40:00+00:00,1.1354604959487915,1.1363636255264282,1.1354604959487915,1.1363636255264282,0
2025-05-06 14:45:00+00:00,1.1357183456420898,1.1357183456420898,1.1353315114974976,1.1353315114974976,0
2025-05-06 14:50:00+00:00,1.1348161697387695,1.1354604959487915,1.1348161697387695,1.1354604959487915,0
2025-05-06 14:55:00+00:00,1.1346874237060547,1.1350737810134888,1.1346874237060547,1.1348161697387695,0
2025-05-06 15:00:00+00:00,1.1343011856079102,1.1345586776733398,1.1343011856079102,1.1343011856079102,0
2025-05-06 15:10:00+00:00,1.1346874237060547,1.1346874237060547,1.1346874237060547,1.1346874237060547,0
2025-05-06 15:15:00+00:00,1.1348161697387695,1.1349449157714844,1.1348161697387695,1.1348161697387695,0
2025-05-06 15:20:00+00:00,1.1353315114974976,1.1353315114974976,1.1345586776733398,1.1345586776733398,0
2025-05-06 15:25:00+00:00,1.1350737810134888,1.1350737810134888,1.1348161697387695,1.1349449157714844,0
2025-05-06 15:30:00+00:00,1.1346874237060547,1.1352026462554932,1.1346874237060547,1.1352026462554932,0
2025-05-06 15:35:00+00:00,1.134429931640625,1.1350737810134888,1.134429931640625,1.1348161697387695,0
2025-05-06 15:40:00+00:00,1.1345586776733398,1.1345586776733398,1.1343011856079102,1.1345586776733398,0
2025-05-06 15:45:00+00:00,1.1341726779937744,1.134429931640625,1.1340440511703491,1.134429931640625,0
2025-05-06 15:50:00+00:00,1.1343011856079102,1.134429931640625,1.1340440511703491,1.1340440511703491,0
2025-05-06 15:55:00+00:00,1.1348161697387695,1.1348161697387695,1.134429931640625,1.134429931640625,0
2025-05-06 16:00:00+00:00,1.1343011856079102,1.1346874237060547,1.1341726779937744,1.1346874237060547,0
2025-05-06 16:05:00+00:00,1.1337867975234985,1.1339154243469238,1.133529782295227,1.1339154243469238,0
2025-05-06 16:10:00+00:00,1.133529782295227,1.1337867975234985,1.133529782295227,1.1337867975234985,0
2025-05-06 16:15:00+00:00,1.134429931640625,1.134429931640625,1.1336582899093628,1.1336582899093628,0
2025-05-06 16:20:00+00:00,1.1346874237060547,1.1348161697387695,1.1343011856079102,1.1343011856079102,0
2025-05-06 16:25:00+00:00,1.1352026462554932,1.1352026462554932,1.1348161697387695,1.1348161697387695,0
2025-05-06 16:30:00+00:00,1.1352026462554932,1.1353315114974976,1.1350737810134888,1.1353315114974976,0
2025-05-06 16:35:00+00:00,1.1354604959487915,1.1357183456420898,1.1354604959487915,1.1354604959487915,0
2025-05-06 16:40:00+00:00,1.1354604959487915,1.135589361190796,1.1353315114974976,1.1353315114974976,0
2025-05-06 16:45:00+00:00,1.1349449157714844,1.1352026462554932,1.1349449157714844,1.1352026462554932,0
2025-05-06 16:50:00+00:00,1.1357183456420898,1.1357183456420898,1.1350737810134888,1.1350737810134888,0
2025-05-06 16:55:00+00:00,1.1352026462554932,1.1358473300933838,1.1350737810134888,1.1358473300933838,0
2025-05-06 17:00:00+00:00,1.1358473300933838,1.1358473300933838,1.1352026462554932,1.1354604959487915,0
2025-05-06 17:05:00+00:00,1.1366219520568848,1.1366219520568848,1.1361054182052612,1.1361054182052612,0
2025-05-06 17:10:00+00:00,1.1366219520568848,1.1366219520568848,1.1366219520568848,1.1366219520568848,0
2025-05-06 17:15:00+00:00,1.137268304824829,1.137268304824829,1.1367511749267578,1.1367511749267578,0
2025-05-06 17:20:00+00:00,1.1371389627456665,1.137268304824829,1.1370097398757935,1.137268304824829,0
2025-05-06 17:25:00+00:00,1.1371389627456665,1.137268304824829,1.1370097398757935,1.137268304824829,0
2025-05-06 17:30:00+00:00,1.1367511749267578,1.1371389627456665,1.1367511749267578,1.1370097398757935,0
2025-05-06 17:35:00+00:00,1.1367511749267578,1.1368803977966309,1.1367511749267578,1.1368803977966309,0
2025-05-06 17:40:00+00:00,1.1371389627456665,1.1371389627456665,1.1368803977966309,1.1368803977966309,0
2025-05-06 17:45:00+00:00,1.1367511749267578,1.1368803977966309,1.1367511749267578,1.1368803977966309,0
2025-05-06 17:50:00+00:00,1.1364928483963013,1.1368803977966309,1.1364928483963013,1.1368803977966309,0
2025-05-06 17:55:00+00:00,1.1367511749267578,1.1367511749267578,1.1363636255264282,1.1363636255264282,0
2025-05-06 18:00:00+00:00,1.1362345218658447,1.1366219520568848,1.1362345218658447,1.1366219520568848,0
2025-05-06 18:05:00+00:00,1.1359764337539673,1.1361054182052612,1.1358473300933838,1.1361054182052612,0
2025-05-06 18:10:00+00:00,1.1363636255264282,1.1363636255264282,1.1358473300933838,1.1359764337539673,0
2025-05-06 18:15:00+00:00,1.1362345218658447,1.1362345218658447,1.1361054182052612,1.1362345218658447,0
2025-05-06 18:20:00+00:00,1.1362345218658447,1.1362345218658447,1.1361054182052612,1.1362345218658447,0
2025-05-06 18:25:00+00:00,1.1362345218658447,1.1362345218658447,1.1361054182052612,1.1362345218658447,0
2025-05-06 18:30:00+00:00,1.1367511749267578,1.1367511749267578,1.1363636255264282,1.1363636255264282,0
2025-05-06 18:35:00+00:00,1.1370097398757935,1.1370097398757935,1.1368803977966309,1.1368803977966309,0
2025-05-06 18:40:00+00:00,1.1368803977966309,1.1370097398757935,1.1368803977966309,1.1368803977966309,0
2025-05-06 18:45:00+00:00,1.1366219520568848,1.1368803977966309,1.1366219520568848,1.1368803977966309,0
2025-05-06 18:50:00+00:00,1.1368803977966309,1.1370097398757935,1.1367511749267578,1.1367511749267578,0
2025-05-06 18:55:00+00:00,1.1373976469039917,1.1373976469039917,1.1370097398757935,1.1370097398757935,0
2025-05-06 19:00:00+00:00,1.137268304824829,1.1375269889831543,1.137268304824829,1.1375269889831543,0
2025-05-06 19:05:00+00:00,1.1371389627456665,1.1371389627456665,1.1370097398757935,1.1371389627456665,0
2025-05-06 19:10:00+00:00,1.137268304824829,1.137268304824829,1.1371389627456665,1.1371389627456665,0
2025-05-06 19:15:00+00:00,1.1375269889831543,1.1375269889831543,1.137268304824829,1.1373976469039917,0
2025-05-06 19:20:00+00:00,1.1376564502716064,1.1376564502716064,1.1375269889831543,1.1375269889831543,0
2025-05-06 19:25:00+00:00,1.1379153728485107,1.1379153728485107,1.1375269889831543,1.1375269889831543,0
2025-05-06 19:30:00+00:00,1.137268304824829,1.1379153728485107,1.137268304824829,1.1379153728485107,0
2025-05-06 19:35:00+00:00,1.1376564502716064,1.1376564502716064,1.137268304824829,1.137268304824829,0
2025-05-06 19:40:00+00:00,1.1381744146347046,1.1381744146347046,1.1376564502716064,1.1376564502716064,0
2025-05-06 19:45:00+00:00,1.1381744146347046,1.1383039951324463,1.1381744146347046,1.1383039951324463,0
2025-05-06 19:50:00+00:00,1.1377859115600586,1.1381744146347046,1.1377859115600586,1.1381744146347046,0
2025-05-06 19:55:00+00:00,1.1376564502716064,1.1379153728485107,1.1375269889831543,1.1379153728485107,0
2025-05-06 20:00:00+00:00,1.1379153728485107,1.1379153728485107,1.1377859115600586,1.1377859115600586,0
2025-05-06 20:05:00+00:00,1.138044834136963,1.1381744146347046,1.1379153728485107,1.1379153728485107,0
2025-05-06 20:10:00+00:00,1.138044834136963,1.138044834136963,1.138044834136963,1.138044834136963,0
2025-05-06 20:15:00+00:00,1.1383039951324463,1.1383039951324463,1.1381744146347046,1.1381744146347046,0
2025-05-06 20:20:00+00:00,1.1381744146347046,1.1381744146347046,1.1381744146347046,1.1381744146347046,0
2025-05-06 20:25:00+00:00,1.1377859115600586,1.138044834136963,1.1377859115600586,1.138044834136963,0
2025-05-06 20:30:00+00:00,1.137268304824829,1.1373976469039917,1.1370097398757935,1.1373976469039917,0
2025-05-06 20:35:00+00:00,1.1375269889831543,1.1375269889831543,1.1371389627456665,1.1371389627456665,0
2025-05-06 20:40:00+00:00,1.137268304824829,1.1375269889831543,1.137268304824829,1.1375269889831543,0
2025-05-06 20:45:00+00:00,1.1373976469039917,1.1373976469039917,1.137268304824829,1.137268304824829,0
2025-05-06 20:50:00+00:00,1.1375269889831543,1.1376564502716064,1.1375269889831543,1.1375269889831543,0
2025-05-06 20:55:00+00:00,1.1373976469039917,1.1376564502716064,1.1373976469039917,1.1375269889831543,0
2025-05-06 21:00:00+00:00,1.135589361190796,1.1368803977966309,1.135589361190796,1.1368803977966309,0
2025-05-06 21:05:00+00:00,1.1371389627456665,1.137268304824829,1.1371389627456665,1.137268304824829,0
2025-05-06 21:10:00+00:00,1.1371389627456665,1.1377859115600586,1.1371389627456665,1.1373976469039917,0
2025-05-06 21:15:00+00:00,1.1371389627456665,1.1373976469039917,1.1371389627456665,1.1373976469039917,0
2025-05-06 21:20:00+00:00,1.1371389627456665,1.137268304824829,1.1371389627456665,1.137268304824829,0
2025-05-06 21:25:00+00:00,1.1376564502716064,1.1376564502716064,1.137268304824829,1.137268304824829,0
2025-05-06 21:30:00+00:00,1.1375269889831543,1.1375269889831543,1.1375269889831543,1.1375269889831543,0
2025-05-06 21:35:00+00:00,1.137268304824829,1.1375269889831543,1.137268304824829,1.1373976469039917,0
2025-05-06 21:40:00+00:00,1.1375269889831543,1.1375269889831543,1.137268304824829,1.137268304824829,0
2025-05-06 21:45:00+00:00,1.1375269889831543,1.1375269889831543,1.137268304824829,1.1373976469039917,0
2025-05-06 21:50:00+00:00,1.1376564502716064,1.1376564502716064,1.1375269889831543,1.1376564502716064,0
2025-05-06 21:55:00+00:00,1.1376564502716064,1.1376564502716064,1.1373976469039917,1.1376564502716064,0
2025-05-06 22:00:00+00:00,1.1357183456420898,1.1376564502716064,1.1357183456420898,1.1376564502716064,0
2025-05-06 22:05:00+00:00,1.1341726779937744,1.1358473300933838,1.1341726779937744,1.1358473300933838,0
2025-05-06 22:10:00+00:00,1.1340440511703491,1.1343011856079102,1.1339154243469238,1.1339154243469238,0
2025-05-06 22:15:00+00:00,1.1334012746810913,1.134429931640625,1.1334012746810913,1.134429931640625,0
2025-05-06 22:20:00+00:00,1.1336582899093628,1.1339154243469238,1.1336582899093628,1.1339154243469238,0
2025-05-06 22:25:00+00:00,1.133529782295227,1.133529782295227,1.1330161094665527,1.133529782295227,0
2025-05-06 22:30:00+00:00,1.134429931640625,1.134429931640625,1.1330161094665527,1.1330161094665527,0
2025-05-06 22:35:00+00:00,1.1346874237060547,1.1350737810134888,1.134429931640625,1.1349449157714844,0
2025-05-06 22:40:00+00:00,1.1349449157714844,1.1349449157714844,1.1346874237060547,1.1346874237060547,0
2025-05-06 22:45:00+00:00,1.1349449157714844,1.1350737810134888,1.1349449157714844,1.1350737810134888,0
2025-05-06 22:50:00+00:00,1.1349449157714844,1.1352026462554932,1.1349449157714844,1.1352026462554932,0
2025-05-06 22:55:00+00:00,1.134429931640625,1.1350737810134888,1.134429931640625,1.1350737810134888,0
2025-05-06 23:00:00+00:00,1.1340440511703491,1.134429931640625,1.1340440511703491,1.134429931640625,0
2025-05-06 23:05:00+00:00,1.1337867975234985,1.1341726779937744,1.1337867975234985,1.1341726779937744,0
2025-05-06 23:10:00+00:00,1.1343011856079102,1.134429931640625,1.1340440511703491,1.1340440511703491,0
2025-05-06 23:15:00+00:00,1.1341726779937744,1.1345586776733398,1.1341726779937744,1.134429931640625,0
2025-05-06 23:20:00+00:00,1.1340440511703491,1.1340440511703491,1.1337867975234985,1.1339154243469238,0
2025-05-06 23:25:00+00:00,1.1345586776733398,1.1345586776733398,1.1340440511703491,1.1340440511703491,0
2025-05-06 23:30:00+00:00,1.1346874237060547,1.1346874237060547,1.134429931640625,1.1345586776733398,0
2025-05-06 23:35:00+00:00,1.1345586776733398,1.1348161697387695,1.1345586776733398,1.1348161697387695,0
2025-05-06 23:40:00+00:00,1.1343011856079102,1.134429931640625,1.1341726779937744,1.1343011856079102,0
2025-05-06 23:45:00+00:00,1.134429931640625,1.1345586776733398,1.1343011856079102,1.1343011856079102,0
2025-05-06 23:50:00+00:00,1.1345586776733398,1.1345586776733398,1.134429931640625,1.134429931640625,0
2025-05-06 23:55:00+00:00,1.1343011856079102,1.1345586776733398,1.1343011856079102,1.1343011856079102,0
2025-05-07 00:00:00+00:00,1.1352026462554932,1.1352026462554932,1.1343011856079102,1.1343011856079102,0
2025-05-07 00:05:00+00:00,1.1346874237060547,1.1353315114974976,1.1346874237060547,1.1353315114974976,0
2025-05-07 00:10:00+00:00,1.1352026462554932,1.1353315114974976,1.1346874237060547,1.1346874237060547,0
2025-05-07 00:15:00+00:00,1.1349449157714844,1.1352026462554932,1.1346874237060547,1.1352026462554932,0
2025-05-07 00:20:00+00:00,1.1328877210617065,1.1346874237060547,1.1328877210617065,1.1346874237060547,0
2025-05-07 00:25:00+00:00,1.1332728862762451,1.1332728862762451,1.1330161094665527,1.1332728862762451,0
2025-05-07 00:30:00+00:00,1.1337867975234985,1.1339154243469238,1.1334012746810913,1.1334012746810913,0
2025-05-07 00:35:00+00:00,1.1341726779937744,1.1341726779937744,1.133529782295227,1.1336582899093628,0
2025-05-07 00:40:00+00:00,1.1341726779937744,1.1341726779937744,1.1340440511703491,1.1340440511703491,0
2025-05-07 00:45:00+00:00,1.1337867975234985,1.1341726779937744,1.1337867975234985,1.1339154243469238,0
2025-05-07 00:50:00+00:00,1.1341726779937744,1.1341726779937744,1.1336582899093628,1.1339154243469238,0
2025-05-07 00:55:00+00:00,1.134429931640625,1.134429931640625,1.1343011856079102,1.1343011856079102,0
2025-05-07 01:00:00+00:00,1.1341726779937744,1.1345586776733398,1.1340440511703491,1.1345586776733398,0
2025-05-07 01:05:00+00:00,1.1340440511703491,1.1340440511703491,1.1334012746810913,1.1336582899093628,0
2025-05-07 01:10:00+00:00,1.1352026462554932,1.1352026462554932,1.1343011856079102,1.1343011856079102,0
2025-05-07 01:15:00+00:00,1.1348161697387695,1.1352026462554932,1.1348161697387695,1.1352026462554932,0
2025-05-07 01:20:00+00:00,1.1343011856079102,1.1346874237060547,1.1343011856079102,1.1346874237060547,0
2025-05-07 01:25:00+00:00,1.1337867975234985,1.1341726779937744,1.1336582899093628,1.1341726779937744,0
2025-05-07 01:30:00+00:00,1.133144497871399,1.1336582899093628,1.1330161094665527,1.1336582899093628,0
2025-05-07 01:35:00+00:00,1.1339154243469238,1.1340440511703491,1.1336582899093628,1.1336582899093628,0
2025-05-07 01:40:00+00:00,1.134429931640625,1.134429931640625,1.1339154243469238,1.1341726779937744,0
2025-05-07 01:45:00+00:00,1.134429931640625,1.1345586776733398,1.1343011856079102,1.1345586776733398,0
2025-05-07 01:50:00+00:00,1.1343011856079102,1.1343011856079102,1.1340440511703491,1.1341726779937744,0
2025-05-07 01:55:00+00:00,1.1345586776733398,1.1348161697387695,1.1345586776733398,1.1345586776733398,0
2025-05-07 02:00:00+00:00,1.134429931640625,1.134429931640625,1.1341726779937744,1.134429931640625,0
2025-05-07 02:05:00+00:00,1.1340440511703491,1.134429931640625,1.1340440511703491,1.1341726779937744,0
2025-05-07 02:10:00+00:00,1.1340440511703491,1.1343011856079102,1.1340440511703491,1.1340440511703491,0
2025-05-07 02:15:00+00:00,1.134429931640625,1.1345586776733398,1.1341726779937744,1.1343011856079102,0
2025-05-07 02:20:00+00:00,1.1346874237060547,1.1348161697387695,1.134429931640625,1.134429931640625,0
2025-05-07 02:25:00+00:00,1.1346874237060547,1.1349449157714844,1.1346874237060547,1.1349449157714844,0
2025-05-07 02:30:00+00:00,1.1349449157714844,1.1350737810134888,1.1346874237060547,1.1346874237060547,0
2025-05-07 02:35:00+00:00,1.1352026462554932,1.1352026462554932,1.1349449157714844,1.1349449157714844,0
2025-05-07 02:40:00+00:00,1.1350737810134888,1.1350737810134888,1.1349449157714844,1.1350737810134888,0
2025-05-07 02:45:00+00:00,1.134429931640625,1.1349449157714844,1.1341726779937744,1.1349449157714844,0
2025-05-07 02:50:00+00:00,1.1346874237060547,1.1346874237060547,1.134429931640625,1.134429931640625,0
2025-05-07 02:55:00+00:00,1.134429931640625,1.134429931640625,1.1343011856079102,1.134429931640625,0
2025-05-07 03:00:00+00:00,1.1346874237060547,1.1346874237060547,1.134429931640625,1.134429931640625,0
2025-05-07 03:05:00+00:00,1.1341726779937744,1.1346874237060547,1.1341726779937744,1.1346874237060547,0
2025-05-07 03:10:00+00:00,1.1343011856079102,1.134429931640625,1.1343011856079102,1.1343011856079102,0
2025-05-07 03:15:00+00:00,1.1346874237060547,1.1346874237060547,1.1343011856079102,1.1343011856079102,0
2025-05-07 03:20:00+00:00,1.1345586776733398,1.1345586776733398,1.134429931640625,1.134429931640625,0
2025-05-07 03:25:00+00:00,1.1341726779937744,1.134429931640625,1.1341726779937744,1.134429931640625,0
2025-05-07 03:30:00+00:00,1.134429931640625,1.134429931640625,1.1341726779937744,1.1341726779937744,0
2025-05-07 03:35:00+00:00,1.1341726779937744,1.1345586776733398,1.1341726779937744,1.1345586776733398,0
2025-05-07 03:40:00+00:00,1.1340440511703491,1.1343011856079102,1.1340440511703491,1.1341726779937744,0
2025-05-07 03:45:00+00:00,1.1343011856079102,1.134429931640625,1.1340440511703491,1.1340440511703491,0
2025-05-07 03:50:00+00:00,1.1348161697387695,1.1348161697387695,1.1343011856079102,1.1343011856079102,0
2025-05-07 03:55:00+00:00,1.1349449157714844,1.1349449157714844,1.1346874237060547,1.1346874237060547,0
2025-05-07 04:00:00+00:00,1.1350737810134888,1.1350737810134888,1.1346874237060547,1.1348161697387695,0
2025-05-07 04:05:00+00:00,1.1352026462554932,1.1352026462554932,1.1349449157714844,1.1349449157714844,0
2025-05-07 04:10:00+00:00,1.1353315114974976,1.1354604959487915,1.1353315114974976,1.1353315114974976,0
2025-05-07 04:15:00+00:00,1.1352026462554932,1.1354604959487915,1.1352026462554932,1.1354604959487915,0
2025-05-07 04:20:00+00:00,1.1353315114974976,1.1353315114974976,1.1352026462554932,1.1353315114974976,0
2025-05-07 04:25:00+00:00,1.1352026462554932,1.1354604959487915,1.1352026462554932,1.1353315114974976,0
2025-05-07 04:30:00+00:00,1.1352026462554932,1.1352026462554932,1.1350737810134888,1.1350737810134888,0
2025-05-07 04:35:00+00:00,1.1350737810134888,1.1352026462554932,1.1349449157714844,1.1352026462554932,0
2025-05-07 04:40:00+00:00,1.1349449157714844,1.1350737810134888,1.1349449157714844,1.1350737810134888,0
2025-05-07 04:45:00+00:00,1.1348161697387695,1.1349449157714844,1.1346874237060547,1.1349449157714844,0
2025-05-07 04:50:00+00:00,1.1349449157714844,1.1349449157714844,1.1346874237060547,1.1346874237060547,0
2025-05-07 04:55:00+00:00,1.1346874237060547,1.1349449157714844,1.1346874237060547,1.1349449157714844,0
2025-05-07 05:00:00+00:00,1.1348161697387695,1.1348161697387695,1.1346874237060547,1.1346874237060547,0
2025-05-07 05:05:00+00:00,1.1352026462554932,1.1352026462554932,1.1349449157714844,1.1349449157714844,0
2025-05-07 05:10:00+00:00,1.135589361190796,1.135589361190796,1.1350737810134888,1.1350737810134888,0
2025-05-07 05:15:00+00:00,1.135589361190796,1.1357183456420898,1.135589361190796,1.1357183456420898,0
2025-05-07 05:20:00+00:00,1.1358473300933838,1.1359764337539673,1.1358473300933838,1.1358473300933838,0
2025-05-07 05:25:00+00:00,1.1357183456420898,1.1359764337539673,1.135589361190796,1.1359764337539673,0
2025-05-07 05:30:00+00:00,1.135589361190796,1.1358473300933838,1.135589361190796,1.1357183456420898,0
2025-05-07 05:35:00+00:00,1.1358473300933838,1.1358473300933838,1.135589361190796,1.135589361190796,0
2025-05-07 05:40:00+00:00,1.1358473300933838,1.1358473300933838,1.1357183456420898,1.1357183456420898,0
2025-05-07 05:45:00+00:00,1.1362345218658447,1.1362345218658447,1.1359764337539673,1.1359764337539673,0
2025-05-07 05:50:00+00:00,1.1363636255264282,1.1366219520568848,1.1363636255264282,1.1364928483963013,0
2025-05-07 05:55:00+00:00,1.1368803977966309,1.1370097398757935,1.1364928483963013,1.1364928483963013,0
2025-05-07 06:00:00+00:00,1.1370097398757935,1.1371389627456665,1.1368803977966309,1.1371389627456665,0
2025-05-07 06:05:00+00:00,1.1366219520568848,1.1367511749267578,1.1366219520568848,1.1367511749267578,0
2025-05-07 06:10:00+00:00,1.137268304824829,1.137268304824829,1.1362345218658447,1.1362345218658447,0
2025-05-07 06:15:00+00:00,1.1368803977966309,1.1371389627456665,1.1367511749267578,1.1368803977966309,0
2025-05-07 06:20:00+00:00,1.1368803977966309,1.1375269889831543,1.1368803977966309,1.1368803977966309,0
2025-05-07 06:25:00+00:00,1.1368803977966309,1.1371389627456665,1.1367511749267578,1.1368803977966309,0
2025-05-07 06:30:00+00:00,1.1368803977966309,1.1370097398757935,1.1366219520568848,1.1368803977966309,0
2025-05-07 06:35:00+00:00,1.1370097398757935,1.1371389627456665,1.1368803977966309,1.1368803977966309,0
2025-05-07 06:40:00+00:00,1.1375269889831543,1.1377859115600586,1.1370097398757935,1.1370097398757935,0
2025-05-07 06:45:00+00:00,1.1371389627456665,1.137268304824829,1.1370097398757935,1.137268304824829,0
2025-05-07 06:50:00+00:00,1.1379153728485107,1.138044834136963,1.137268304824829,1.137268304824829,0
2025-05-07 06:55:00+00:00,1.138044834136963,1.138044834136963,1.1375269889831543,1.1376564502716064,0
2025-05-07 07:00:00+00:00,1.1373976469039917,1.1375269889831543,1.1373976469039917,1.1375269889831543,0
2025-05-07 07:05:00+00:00,1.1368803977966309,1.1371389627456665,1.1367511749267578,1.1367511749267578,0
2025-05-07 07:10:00+00:00,1.1371389627456665,1.1371389627456665,1.1368803977966309,1.1368803977966309,0
2025-05-07 07:15:00+00:00,1.1368803977966309,1.1371389627456665,1.1366219520568848,1.1371389627456665,0
2025-05-07 07:20:00+00:00,1.1367511749267578,1.1368803977966309,1.1367511749267578,1.1367511749267578,0
2025-05-07 07:25:00+00:00,1.1363636255264282,1.1366219520568848,1.1363636255264282,1.1366219520568848,0
2025-05-07 07:30:00+00:00,1.1361054182052612,1.1363636255264282,1.1361054182052612,1.1363636255264282,0
2025-05-07 07:35:00+00:00,1.1361054182052612,1.1363636255264282,1.1361054182052612,1.1361054182052612,0
2025-05-07 07:40:00+00:00,1.1363636255264282,1.1363636255264282,1.1361054182052612,1.1361054182052612,0
2025-05-07 07:45:00+00:00,1.1362345218658447,1.1367511749267578,1.1362345218658447,1.1364928483963013,0
2025-05-07 07:50:00+00:00,1.1364928483963013,1.1367511749267578,1.1364928483963013,1.1366219520568848,0
2025-05-07 07:55:00+00:00,1.1363636255264282,1.1366219520568848,1.1362345218658447,1.1362345218658447,0
2025-05-07 08:00:00+00:00,1.1361054182052612,1.1366219520568848,1.1358473300933838,1.1366219520568848,0
2025-05-07 08:05:00+00:00,1.1361054182052612,1.1362345218658447,1.1358473300933838,1.1362345218658447,0
2025-05-07 08:10:00+00:00,1.1366219520568848,1.1366219520568848,1.1359764337539673,1.1359764337539673,0
2025-05-07 08:15:00+00:00,1.1367511749267578,1.1368803977966309,1.1366219520568848,1.1366219520568848,0
2025-05-07 08:20:00+00:00,1.1371389627456665,1.1371389627456665,1.1366219520568848,1.1367511749267578,0
2025-05-07 08:25:00+00:00,1.1368803977966309,1.1370097398757935,1.1368803977966309,1.1370097398757935,0
2025-05-07 08:30:00+00:00,1.1371389627456665,1.137268304824829,1.1368803977966309,1.1368803977966309,0
2025-05-07 08:35:00+00:00,1.1375269889831543,1.1375269889831543,1.137268304824829,1.1375269889831543,0
2025-05-07 08:40:00+00:00,1.1376564502716064,1.1376564502716064,1.137268304824829,1.137268304824829,0
2025-05-07 08:45:00+00:00,1.1370097398757935,1.1373976469039917,1.1370097398757935,1.1373976469039917,0
2025-05-07 08:50:00+00:00,1.1367511749267578,1.1370097398757935,1.1367511749267578,1.1370097398757935,0
2025-05-07 08:55:00+00:00,1.1362345218658447,1.1366219520568848,1.1362345218658447,1.1366219520568848,0
2025-05-07 09:00:00+00:00,1.1361054182052612,1.1363636255264282,1.1361054182052612,1.1362345218658447,0
2025-05-07 09:05:00+00:00,1.1352026462554932,1.1359764337539673,1.1352026462554932,1.1358473300933838,0
2025-05-07 09:10:00+00:00,1.1354604959487915,1.1354604959487915,1.1350737810134888,1.1350737810134888,0
2025-05-07 09:15:00+00:00,1.1352026462554932,1.1353315114974976,1.1352026462554932,1.1353315114974976,0
2025-05-07 09:20:00+00:00,1.1352026462554932,1.1354604959487915,1.1352026462554932,1.1353315114974976,0
2025-05-07 09:25:00+00:00,1.1361054182052612,1.1361054182052612,1.1352026462554932,1.1352026462554932,0
2025-05-07 09:30:00+00:00,1.1362345218658447,1.1362345218658447,1.1359764337539673,1.1361054182052612,0
2025-05-07 09:35:00+00:00,1.1359764337539673,1.1362345218658447,1.1359764337539673,1.1359764337539673,0
2025-05-07 09:40:00+00:00,1.1363636255264282,1.1363636255264282,1.1359764337539673,1.1359764337539673,0
2025-05-07 09:45:00+00:00,1.1361054182052612,1.1361054182052612,1.1359764337539673,1.1361054182052612,0
2025-05-07 09:50:00+00:00,1.1358473300933838,1.1359764337539673,1.1358473300933838,1.1359764337539673,0
2025-05-07 09:55:00+00:00,1.1361054182052612,1.1361054182052612,1.1357183456420898,1.1357183456420898,0
2025-05-07 10:00:00+00:00,1.1364928483963013,1.1364928483963013,1.1359764337539673,1.1359764337539673,0
2025-05-07 10:05:00+00:00,1.1370097398757935,1.1370097398757935,1.1366219520568848,1.1367511749267578,0
2025-05-07 10:10:00+00:00,1.1367511749267578,1.1368803977966309,1.1366219520568848,1.1368803977966309,0
2025-05-07 10:15:00+00:00,1.1364928483963013,1.1368803977966309,1.1364928483963013,1.1368803977966309,0
2025-05-07 10:20:00+00:00,1.1364928483963013,1.1366219520568848,1.1363636255264282,1.1363636255264282,0
2025-05-07 10:25:00+00:00,1.1361054182052612,1.1363636255264282,1.1361054182052612,1.1363636255264282,0
2025-05-07 10:30:00+00:00,1.1359764337539673,1.1363636255264282,1.1359764337539673,1.1363636255264282,0
2025-05-07 10:35:00+00:00,1.1362345218658447,1.1362345218658447,1.1361054182052612,1.1361054182052612,0
2025-05-07 10:40:00+00:00,1.1366219520568848,1.1366219520568848,1.1363636255264282,1.1363636255264282,0
2025-05-07 10:45:00+00:00,1.1370097398757935,1.1370097398757935,1.1367511749267578,1.1367511749267578,0
2025-05-07 10:50:00+00:00,1.1366219520568848,1.1368803977966309,1.1366219520568848,1.1367511749267578,0
2025-05-07 10:55:00+00:00,1.1367511749267578,1.1367511749267578,1.1366219520568848,1.1367511749267578,0
2025-05-07 11:00:00+00:00,1.1370097398757935,1.1370097398757935,1.1367511749267578,1.1368803977966309,0
2025-05-07 11:05:00+00:00,1.1370097398757935,1.1373976469039917,1.1370097398757935,1.137268304824829,0
2025-05-07 11:10:00+00:00,1.1371389627456665,1.1371389627456665,1.1370097398757935,1.1370097398757935,0
2025-05-07 11:15:00+00:00,1.1370097398757935,1.1371389627456665,1.1370097398757935,1.1371389627456665,0
2025-05-07 11:20:00+00:00,1.1375269889831543,1.1375269889831543,1.1370097398757935,1.1370097398757935,0
2025-05-07 11:25:00+00:00,1.1371389627456665,1.1373976469039917,1.1371389627456665,1.1373976469039917,0
2025-05-07 11:30:00+00:00,1.1367511749267578,1.1370097398757935,1.1367511749267578,1.1370097398757935,0
2025-05-07 11:35:00+00:00,1.1364928483963013,1.1368803977966309,1.1364928483963013,1.1366219520568848,0
2025-05-07 11:40:00+00:00,1.137268304824829,1.1373976469039917,1.1364928483963013,1.1364928483963013,0
2025-05-07 11:45:00+00:00,1.1363636255264282,1.1370097398757935,1.1363636255264282,1.1367511749267578,0
2025-05-07 11:50:00+00:00,1.1363636255264282,1.1368803977966309,1.1362345218658447,1.1364928483963013,0
2025-05-07 11:55:00+00:00,1.1361054182052612,1.1366219520568848,1.1359764337539673,1.1366219520568848,0
2025-05-07 12:00:00+00:00,1.1364928483963013,1.1364928483963013,1.1361054182052612,1.1361054182052612,0
2025-05-07 12:05:00+00:00,1.1363636255264282,1.1363636255264282,1.1361054182052612,1.1363636255264282,0
2025-05-07 12:10:00+00:00,1.1366219520568848,1.1366219520568848,1.1364928483963013,1.1364928483963013,0
2025-05-07 12:15:00+00:00,1.1364928483963013,1.1364928483963013,1.1362345218658447,1.1364928483963013,0
2025-05-07 12:20:00+00:00,1.1364928483963013,1.1367511749267578,1.1364928483963013,1.1367511749267578,0
2025-05-07 12:25:00+00:00,1.1367511749267578,1.1367511749267578,1.1363636255264282,1.1363636255264282,0
2025-05-07 12:30:00+00:00,1.1364928483963013,1.1366219520568848,1.1363636255264282,1.1366219520568848,0
2025-05-07 12:35:00+00:00,1.1363636255264282,1.1366219520568848,1.1363636255264282,1.1364928483963013,0
2025-05-07 12:40:00+00:00,1.1361054182052612,1.1362345218658447,1.1361054182052612,1.1362345218658447,0
2025-05-07 12:45:00+00:00,1.1363636255264282,1.1363636255264282,1.1362345218658447,1.1362345218658447,0
2025-05-07 12:50:00+00:00,1.1367511749267578,1.1367511749267578,1.1362345218658447,1.1362345218658447,0
2025-05-07 12:55:00+00:00,1.1363636255264282,1.1367511749267578,1.1362345218658447,1.1366219520568848,0
2025-05-07 13:00:00+00:00,1.1363636255264282,1.1363636255264282,1.1362345218658447,1.1363636255264282,0
2025-05-07 13:05:00+00:00,1.1362345218658447,1.1364928483963013,1.1362345218658447,1.1363636255264282,0
2025-05-07 13:10:00+00:00,1.1361054182052612,1.1363636255264282,1.1359764337539673,1.1363636255264282,0
2025-05-07 13:15:00+00:00,1.1367511749267578,1.1367511749267578,1.1361054182052612,1.1361054182052612,0
2025-05-07 13:20:00+00:00,1.1367511749267578,1.1367511749267578,1.1366219520568848,1.1367511749267578,0
2025-05-07 13:25:00+00:00,1.1364928483963013,1.1367511749267578,1.1363636255264282,1.1367511749267578,0
2025-05-07 13:30:00+00:00,1.1362345218658447,1.1364928483963013,1.1361054182052612,1.1364928483963013,0
2025-05-07 13:35:00+00:00,1.1361054182052612,1.1362345218658447,1.1359764337539673,1.1362345218658447,0
2025-05-07 13:40:00+00:00,1.1357183456420898,1.1361054182052612,1.1357183456420898,1.1358473300933838,0
2025-05-07 13:45:00+00:00,1.1362345218658447,1.1362345218658447,1.1358473300933838,1.1358473300933838,0
2025-05-07 13:50:00+00:00,1.1364928483963013,1.1366219520568848,1.1364928483963013,1.1364928483963013,0
2025-05-07 13:55:00+00:00,1.1371389627456665,1.1371389627456665,1.1367511749267578,1.1367511749267578,0
2025-05-07 14:00:00+00:00,1.1366219520568848,1.1368803977966309,1.1366219520568848,1.1368803977966309,0
2025-05-07 14:05:00+00:00,1.1359764337539673,1.1366219520568848,1.1359764337539673,1.1366219520568848,0
2025-05-07 14:10:00+00:00,1.1358473300933838,1.1362345218658447,1.1358473300933838,1.1361054182052612,0
2025-05-07 14:15:00+00:00,1.1359764337539673,1.1362345218658447,1.1358473300933838,1.1359764337539673,0
2025-05-07 14:20:00+00:00,1.1361054182052612,1.1362345218658447,1.1358473300933838,1.1359764337539673,0
2025-05-07 14:25:00+00:00,1.1363636255264282,1.1364928483963013,1.1361054182052612,1.1361054182052612,0
2025-05-07 14:30:00+00:00,1.1366219520568848,1.1368803977966309,1.1364928483963013,1.1364928483963013,0
2025-05-07 14:35:00+00:00,1.1367511749267578,1.1367511749267578,1.1363636255264282,1.1366219520568848,0
2025-05-07 14:40:00+00:00,1.1370097398757935,1.1370097398757935,1.1367511749267578,1.1367511749267578,0
2025-05-07 14:45:00+00:00,1.1368803977966309,1.1371389627456665,1.1363636255264282,1.1371389627456665,0
2025-05-07 14:50:00+00:00,1.1373976469039917,1.1373976469039917,1.1368803977966309,1.1368803977966309,0
2025-05-07 14:55:00+00:00,1.1368803977966309,1.1373976469039917,1.1368803977966309,1.1373976469039917,0
2025-05-07 15:00:00+00:00,1.1366219520568848,1.1371389627456665,1.1366219520568848,1.1371389627456665,0
2025-05-07 15:05:00+00:00,1.1368803977966309,1.1368803977966309,1.1366219520568848,1.1366219520568848,0
2025-05-07 15:10:00+00:00,1.1368803977966309,1.1370097398757935,1.1368803977966309,1.1370097398757935,0
2025-05-07 15:15:00+00:00,1.1363636255264282,1.1367511749267578,1.1361054182052612,1.1367511749267578,0
2025-05-07 15:20:00+00:00,1.1350737810134888,1.1359764337539673,1.1350737810134888,1.1359764337539673,0
2025-05-07 15:25:00+00:00,1.1346874237060547,1.1354604959487915,1.1346874237060547,1.1354604959487915,0
2025-05-07 15:30:00+00:00,1.1350737810134888,1.1353315114974976,1.1348161697387695,1.1348161697387695,0
2025-05-07 15:35:00+00:00,1.1348161697387695,1.1349449157714844,1.1345586776733398,1.1348161697387695,0
2025-05-07 15:40:00+00:00,1.1352026462554932,1.1352026462554932,1.1350737810134888,1.1352026462554932,0
2025-05-07 15:45:00+00:00,1.1353315114974976,1.1353315114974976,1.1349449157714844,1.1349449157714844,0
2025-05-07 15:50:00+00:00,1.1350737810134888,1.1353315114974976,1.1350737810134888,1.1350737810134888,0
2025-05-07 15:55:00+00:00,1.1350737810134888,1.1352026462554932,1.1349449157714844,1.1349449157714844,0
2025-05-07 16:00:00+00:00,1.1343011856079102,1.1346874237060547,1.1343011856079102,1.1346874237060547,0
2025-05-07 16:05:00+00:00,1.1341726779937744,1.1343011856079102,1.1340440511703491,1.1340440511703491,0
2025-05-07 16:10:00+00:00,1.134429931640625,1.134429931640625,1.1341726779937744,1.1343011856079102,0
2025-05-07 16:15:00+00:00,1.1345586776733398,1.1345586776733398,1.1343011856079102,1.134429931640625,0
2025-05-07 16:20:00+00:00,1.1348161697387695,1.1348161697387695,1.134429931640625,1.1345586776733398,0
2025-05-07 16:25:00+00:00,1.1350737810134888,1.1350737810134888,1.1349449157714844,1.1349449157714844,0
2025-05-07 16:30:00+00:00,1.1350737810134888,1.1350737810134888,1.1350737810134888,1.1350737810134888,0
2025-05-07 16:35:00+00:00,1.1353315114974976,1.1353315114974976,1.1352026462554932,1.1353315114974976,0
2025-05-07 16:40:00+00:00,1.1352026462554932,1.135589361190796,1.1352026462554932,1.1353315114974976,0
2025-05-07 16:45:00+00:00,1.1353315114974976,1.1354604959487915,1.1350737810134888,1.1350737810134888,0
2025-05-07 16:50:00+00:00,1.1357183456420898,1.1357183456420898,1.1354604959487915,1.135589361190796,0
2025-05-07 16:55:00+00:00,1.1353315114974976,1.1357183456420898,1.1353315114974976,1.1354604959487915,0
2025-05-07 17:00:00+00:00,1.1349449157714844,1.1352026462554932,1.1349449157714844,1.1350737810134888,0
2025-05-07 17:05:00+00:00,1.1348161697387695,1.1350737810134888,1.1348161697387695,1.1350737810134888,0
2025-05-07 17:10:00+00:00,1.1349449157714844,1.1349449157714844,1.1348161697387695,1.1348161697387695,0
2025-05-07 17:15:00+00:00,1.134429931640625,1.1349449157714844,1.134429931640625,1.1349449157714844,0
2025-05-07 17:20:00+00:00,1.1343011856079102,1.1343011856079102,1.1341726779937744,1.1343011856079102,0
2025-05-07 17:25:00+00:00,1.1343011856079102,1.134429931640625,1.1343011856079102,1.134429931640625,0
2025-05-07 17:30:00+00:00,1.134429931640625,1.134429931640625,1.1340440511703491,1.1340440511703491,0
2025-05-07 17:35:00+00:00,1.1348161697387695,1.1348161697387695,1.134429931640625,1.134429931640625,0
2025-05-07 17:40:00+00:00,1.1341726779937744,1.1348161697387695,1.1341726779937744,1.1348161697387695,0
2025-05-07 17:45:00+00:00,1.1340440511703491,1.1341726779937744,1.1337867975234985,1.1341726779937744,0
2025-05-07 17:50:00+00:00,1.1348161697387695,1.1349449157714844,1.1340440511703491,1.1340440511703491,0
2025-05-07 17:55:00+00:00,1.134429931640625,1.134429931640625,1.134429931640625,1.134429931640625,0
2025-05-07 18:00:00+00:00,1.1349449157714844,1.1353315114974976,1.1343011856079102,1.1343011856079102,0
2025-05-07 18:05:00+00:00,1.1362345218658447,1.1362345218658447,1.1352026462554932,1.1352026462554932,0
2025-05-07 18:10:00+00:00,1.1358473300933838,1.1361054182052612,1.1358473300933838,1.1359764337539673,0
2025-05-07 18:15:00+00:00,1.1353315114974976,1.1364928483963013,1.1353315114974976,1.1364928483963013,0
2025-05-07 18:20:00+00:00,1.1353315114974976,1.135589361190796,1.1353315114974976,1.1354604959487915,0
2025-05-07 18:25:00+00:00,1.1352026462554932,1.135589361190796,1.1352026462554932,1.135589361190796,0
2025-05-07 18:30:00+00:00,1.1348161697387695,1.1353315114974976,1.1348161697387695,1.1353315114974976,0
2025-05-07 18:35:00+00:00,1.135589361190796,1.1363636255264282,1.1354604959487915,1.1354604959487915,0
2025-05-07 18:40:00+00:00,1.1345586776733398,1.1366219520568848,1.1345586776733398,1.1366219520568848,0
2025-05-07 18:45:00+00:00,1.1330161094665527,1.1337867975234985,1.132502794265747,1.1337867975234985,0
2025-05-07 18:50:00+00:00,1.1343011856079102,1.1343011856079102,1.1336582899093628,1.1339154243469238,0
2025-05-07 18:55:00+00:00,1.1336582899093628,1.1339154243469238,1.133529782295227,1.1339154243469238,0
2025-05-07 19:00:00+00:00,1.1322463750839233,1.133529782295227,1.1322463750839233,1.133529782295227,0
2025-05-07 19:05:00+00:00,1.1326310634613037,1.1328877210617065,1.132502794265747,1.1326310634613037,0
2025-05-07 19:10:00+00:00,1.1316057443618774,1.1328877210617065,1.1316057443618774,1.1328877210617065,0
2025-05-07 19:15:00+00:00,1.13237464427948,1.13237464427948,1.1312217712402344,1.1316057443618774,0
2025-05-07 19:20:00+00:00,1.1312217712402344,1.1321182250976562,1.1312217712402344,1.1321182250976562,0
2025-05-07 19:25:00+00:00,1.1319899559020996,1.1319899559020996,1.1312217712402344,1.1312217712402344,0
2025-05-07 19:30:00+00:00,1.1321182250976562,1.1322463750839233,1.131861925125122,1.131861925125122,0
2025-05-07 19:35:00+00:00,1.1319899559020996,1.1321182250976562,1.131861925125122,1.1321182250976562,0
2025-05-07 19:40:00+00:00,1.1313496828079224,1.131861925125122,1.1308379173278809,1.131861925125122,0
2025-05-07 19:45:00+00:00,1.1316057443618774,1.1316057443618774,1.1308379173278809,1.1308379173278809,0
2025-05-07 19:50:00+00:00,1.1314777135849,1.131733775138855,1.1309658288955688,1.131733775138855,0
2025-05-07 19:55:00+00:00,1.1309658288955688,1.1314777135849,1.1308379173278809,1.1314777135849,0
2025-05-07 20:00:00+00:00,1.1303266286849976,1.1309658288955688,1.1303266286849976,1.1309658288955688,0
2025-05-07 20:05:00+00:00,1.1300712823867798,1.1303266286849976,1.1300712823867798,1.1301988363265991,0
2025-05-07 20:10:00+00:00,1.1298158168792725,1.1299434900283813,1.1298158168792725,1.1299434900283813,0
2025-05-07 20:15:00+00:00,1.1300712823867798,1.1300712823867798,1.1296881437301636,1.1296881437301636,0
2025-05-07 20:20:00+00:00,1.1301988363265991,1.1301988363265991,1.1298158168792725,1.1298158168792725,0
2025-05-07 20:25:00+00:00,1.1301988363265991,1.1303266286849976,1.1300712823867798,1.1301988363265991,0
2025-05-07 20:30:00+00:00,1.130454421043396,1.1305822134017944,1.130454421043396,1.130454421043396,0
2025-05-07 20:35:00+00:00,1.1301988363265991,1.130454421043396,1.1301988363265991,1.130454421043396,0
2025-05-07 20:40:00+00:00,1.1303266286849976,1.1303266286849976,1.1300712823867798,1.1300712823867798,0
2025-05-07 20:45:00+00:00,1.1303266286849976,1.1303266286849976,1.1300712823867798,1.1303266286849976,0
2025-05-07 20:50:00+00:00,1.1305822134017944,1.1305822134017944,1.1303266286849976,1.1303266286849976,0
2025-05-07 20:55:00+00:00,1.130454421043396,1.1307101249694824,1.130454421043396,1.130454421043396,0
2025-05-07 21:00:00+00:00,1.1312217712402344,1.1312217712402344,1.1298158168792725,1.1301988363265991,0
2025-05-07 21:05:00+00:00,1.1310937404632568,1.1316057443618774,1.1310937404632568,1.1316057443618774,0
2025-05-07 21:10:00+00:00,1.1310937404632568,1.1310937404632568,1.1310937404632568,1.1310937404632568,0
2025-05-07 21:15:00+00:00,1.131733775138855,1.131733775138855,1.1312217712402344,1.1312217712402344,0
2025-05-07 21:20:00+00:00,1.131861925125122,1.131861925125122,1.1314777135849,1.1314777135849,0
2025-05-07 21:25:00+00:00,1.1319899559020996,1.1319899559020996,1.1314777135849,1.131733775138855,0
2025-05-07 21:30:00+00:00,1.131861925125122,1.1319899559020996,1.131733775138855,1.131733775138855,0
2025-05-07 21:35:00+00:00,1.131733775138855,1.131861925125122,1.131733775138855,1.131861925125122,0
2025-05-07 21:40:00+00:00,1.1314777135849,1.1316057443618774,1.1314777135849,1.1316057443618774,0
2025-05-07 21:45:00+00:00,1.1316057443618774,1.1316057443618774,1.1313496828079224,1.1313496828079224,0
2025-05-07 21:50:00+00:00,1.131733775138855,1.131733775138855,1.1316057443618774,1.1316057443618774,0
2025-05-07 21:55:00+00:00,1.131733775138855,1.131733775138855,1.1316057443618774,1.131733775138855,0
2025-05-07 22:00:00+00:00,1.1309658288955688,1.1310937404632568,1.1309658288955688,1.1310937404632568,0
2025-05-07 22:05:00+00:00,1.1308379173278809,1.1309658288955688,1.1305822134017944,1.1305822134017944,0
2025-05-07 22:10:00+00:00,1.1309658288955688,1.1310937404632568,1.1308379173278809,1.1308379173278809,0
2025-05-07 22:15:00+00:00,1.1310937404632568,1.1312217712402344,1.1310937404632568,1.1310937404632568,0
2025-05-07 22:20:00+00:00,1.1310937404632568,1.1310937404632568,1.1309658288955688,1.1309658288955688,0
2025-05-07 22:25:00+00:00,1.1310937404632568,1.1312217712402344,1.1310937404632568,1.1312217712402344,0
2025-05-07 22:30:00+00:00,1.1308379173278809,1.1309658288955688,1.1308379173278809,1.1309658288955688,0
2025-05-07 22:35:00+00:00,1.1309658288955688,1.1309658288955688,1.1309658288955688,1.1309658288955688,0
2025-05-07 22:40:00+00:00,1.1310937404632568,1.1310937404632568,1.1310937404632568,1.1310937404632568,0
2025-05-07 22:45:00+00:00,1.1307101249694824,1.1310937404632568,1.1307101249694824,1.1310937404632568,0
2025-05-07 22:50:00+00:00,1.130454421043396,1.1305822134017944,1.130454421043396,1.1305822134017944,0
2025-05-07 22:55:00+00:00,1.130454421043396,1.130454421043396,1.130454421043396,1.130454421043396,0
2025-05-07 23:00:00+00:00,1.1307101249694824,1.1307101249694824,1.130454421043396,1.130454421043396,0
2025-05-07 23:05:00+00:00,1.1307101249694824,1.1308379173278809,1.1307101249694824,1.1307101249694824,0
2025-05-07 23:10:00+00:00,1.1308379173278809,1.1309658288955688,1.1307101249694824,1.1307101249694824,0
2025-05-07 23:15:00+00:00,1.1310937404632568,1.1312217712402344,1.1309658288955688,1.1309658288955688,0
2025-05-07 23:20:00+00:00,1.1308379173278809,1.1310937404632568,1.1308379173278809,1.1309658288955688,0
2025-05-07 23:25:00+00:00,1.1308379173278809,1.1309658288955688,1.1308379173278809,1.1308379173278809,0
2025-05-07 23:30:00+00:00,1.1310937404632568,1.1310937404632568,1.1308379173278809,1.1308379173278809,0
2025-05-07 23:35:00+00:00,1.1312217712402344,1.1312217712402344,1.1310937404632568,1.1310937404632568,0
2025-05-07 23:40:00+00:00,1.1312217712402344,1.1312217712402344,1.1310937404632568,1.1312217712402344,0
2025-05-07 23:45:00+00:00,1.1309658288955688,1.1310937404632568,1.1308379173278809,1.1310937404632568,0
2025-05-07 23:50:00+00:00,1.1309658288955688,1.1310937404632568,1.1309658288955688,1.1309658288955688,0
2025-05-07 23:55:00+00:00,1.1308379173278809,1.1309658288955688,1.1308379173278809,1.1309658288955688,0
2025-05-08 00:00:00+00:00,1.1310937404632568,1.1310937404632568,1.1305822134017944,1.1305822134017944,0
2025-05-08 00:05:00+00:00,1.1313496828079224,1.1313496828079224,1.1310937404632568,1.1310937404632568,0
2025-05-08 00:10:00+00:00,1.1313496828079224,1.1316057443618774,1.1313496828079224,1.1313496828079224,0
2025-05-08 00:15:00+00:00,1.1313496828079224,1.1314777135849,1.1313496828079224,1.1314777135849,0
2025-05-08 00:20:00+00:00,1.1319899559020996,1.1319899559020996,1.1316057443618774,1.131733775138855,0
2025-05-08 00:25:00+00:00,1.131861925125122,1.1321182250976562,1.131861925125122,1.1321182250976562,0
2025-05-08 00:30:00+00:00,1.131733775138855,1.131861925125122,1.131733775138855,1.131733775138855,0
2025-05-08 00:35:00+00:00,1.1319899559020996,1.1319899559020996,1.1316057443618774,1.1316057443618774,0
2025-05-08 00:40:00+00:00,1.131733775138855,1.1321182250976562,1.131733775138855,1.1319899559020996,0
2025-05-08 00:45:00+00:00,1.1321182250976562,1.1322463750839233,1.1316057443618774,1.1316057443618774,0
2025-05-08 00:50:00+00:00,1.13237464427948,1.13237464427948,1.1321182250976562,1.1321182250976562,0
2025-05-08 00:55:00+00:00,1.1316057443618774,1.13237464427948,1.1316057443618774,1.1322463750839233,0
2025-05-08 01:00:00+00:00,1.131733775138855,1.131861925125122,1.1313496828079224,1.1313496828079224,0
2025-05-08 01:05:00+00:00,1.1319899559020996,1.1319899559020996,1.131733775138855,1.131733775138855,0
2025-05-08 01:10:00+00:00,1.13237464427948,1.13237464427948,1.131733775138855,1.131733775138855,0
2025-05-08 01:15:00+00:00,1.1321182250976562,1.1322463750839233,1.1321182250976562,1.1322463750839233,0
2025-05-08 01:20:00+00:00,1.131861925125122,1.1321182250976562,1.131861925125122,1.1319899559020996,0
2025-05-08 01:25:00+00:00,1.131733775138855,1.131733775138855,1.1313496828079224,1.131733775138855,0
2025-05-08 01:30:00+00:00,1.1316057443618774,1.1319899559020996,1.1316057443618774,1.1316057443618774,0
2025-05-08 01:35:00+00:00,1.131733775138855,1.131733775138855,1.1316057443618774,1.1316057443618774,0
2025-05-08 01:40:00+00:00,1.1314777135849,1.1321182250976562,1.1314777135849,1.1319899559020996,0
2025-05-08 01:45:00+00:00,1.1321182250976562,1.1321182250976562,1.1316057443618774,1.1316057443618774,0
2025-05-08 01:50:00+00:00,1.1330161094665527,1.133144497871399,1.1319899559020996,1.1319899559020996,0
2025-05-08 01:55:00+00:00,1.1336582899093628,1.1336582899093628,1.1328877210617065,1.1328877210617065,0
2025-05-08 02:00:00+00:00,1.1334012746810913,1.1336582899093628,1.1334012746810913,1.1336582899093628,0
2025-05-08 02:05:00+00:00,1.133144497871399,1.1334012746810913,1.133144497871399,1.1334012746810913,0
2025-05-08 02:10:00+00:00,1.13275945186615,1.1330161094665527,1.13275945186615,1.13275945186615,0
2025-05-08 02:15:00+00:00,1.133529782295227,1.133529782295227,1.1326310634613037,1.1326310634613037,0
2025-05-08 02:20:00+00:00,1.1332728862762451,1.1336582899093628,1.1332728862762451,1.1336582899093628,0
2025-05-08 02:25:00+00:00,1.1332728862762451,1.1332728862762451,1.1328877210617065,1.1330161094665527,0
2025-05-08 02:30:00+00:00,1.1332728862762451,1.133529782295227,1.133144497871399,1.1334012746810913,0
2025-05-08 02:35:00+00:00,1.133144497871399,1.133529782295227,1.133144497871399,1.1334012746810913,0
2025-05-08 02:40:00+00:00,1.1330161094665527,1.1332728862762451,1.1330161094665527,1.1332728862762451,0
2025-05-08 02:45:00+00:00,1.1330161094665527,1.1330161094665527,1.1330161094665527,1.1330161094665527,0
2025-05-08 02:50:00+00:00,1.133144497871399,1.133144497871399,1.1330161094665527,1.1330161094665527,0
2025-05-08 02:55:00+00:00,1.1326310634613037,1.133144497871399,1.1326310634613037,1.133144497871399,0
2025-05-08 03:00:00+00:00,1.1330161094665527,1.1330161094665527,1.1326310634613037,1.1326310634613037,0
2025-05-08 03:05:00+00:00,1.133529782295227,1.133529782295227,1.1330161094665527,1.1330161094665527,0
2025-05-08 03:10:00+00:00,1.1337867975234985,1.1339154243469238,1.1336582899093628,1.1336582899093628,0
2025-05-08 03:15:00+00:00,1.1339154243469238,1.1339154243469238,1.133529782295227,1.1336582899093628,0
2025-05-08 03:20:00+00:00,1.1334012746810913,1.1336582899093628,1.1334012746810913,1.1336582899093628,0
2025-05-08 03:25:00+00:00,1.1334012746810913,1.1334012746810913,1.133144497871399,1.1332728862762451,0
2025-05-08 03:30:00+00:00,1.1332728862762451,1.133529782295227,1.1332728862762451,1.1334012746810913,0
2025-05-08 03:35:00+00:00,1.1330161094665527,1.133144497871399,1.1330161094665527,1.133144497871399,0
2025-05-08 03:40:00+00:00,1.1332728862762451,1.1332728862762451,1.1328877210617065,1.1328877210617065,0
2025-05-08 03:45:00+00:00,1.1328877210617065,1.1332728862762451,1.1328877210617065,1.1332728862762451,0
2025-05-08 03:50:00+00:00,1.1328877210617065,1.1328877210617065,1.1328877210617065,1.1328877210617065,0
2025-05-08 03:55:00+00:00,1.1330161094665527,1.133144497871399,1.1328877210617065,1.1328877210617065,0
2025-05-08 04:00:00+00:00,1.1332728862762451,1.1332728862762451,1.1330161094665527,1.133144497871399,0
2025-05-08 04:05:00+00:00,1.1330161094665527,1.133144497871399,1.1330161094665527,1.133144497871399,0
2025-05-08 04:10:00+00:00,1.1330161094665527,1.1330161094665527,1.13275945186615,1.13275945186615,0
2025-05-08 04:15:00+00:00,1.1330161094665527,1.1330161094665527,1.1328877210617065,1.1330161094665527,0
2025-05-08 04:20:00+00:00,1.133144497871399,1.133144497871399,1.1330161094665527,1.1330161094665527,0
2025-05-08 04:25:00+00:00,1.133144497871399,1.1334012746810913,1.133144497871399,1.133144497871399,0
2025-05-08 04:30:00+00:00,1.13275945186615,1.133144497871399,1.13275945186615,1.133144497871399,0
2025-05-08 04:35:00+00:00,1.1330161094665527,1.1330161094665527,1.1326310634613037,1.13275945186615,0
2025-05-08 04:40:00+00:00,1.13275945186615,1.133144497871399,1.13275945186615,1.133144497871399,0
2025-05-08 04:45:00+00:00,1.1326310634613037,1.13275945186615,1.132502794265747,1.13275945186615,0
2025-05-08 04:50:00+00:00,1.13237464427948,1.1326310634613037,1.13237464427948,1.1326310634613037,0
2025-05-08 04:55:00+00:00,1.1322463750839233,1.13237464427948,1.1321182250976562,1.13237464427948,0
2025-05-08 05:00:00+00:00,1.131733775138855,1.1321182250976562,1.131733775138855,1.1321182250976562,0
2025-05-08 05:05:00+00:00,1.1312217712402344,1.131733775138855,1.1312217712402344,1.131733775138855,0
2025-05-08 05:10:00+00:00,1.1305822134017944,1.1312217712402344,1.1303266286849976,1.1312217712402344,0
2025-05-08 05:15:00+00:00,1.1303266286849976,1.1307101249694824,1.1303266286849976,1.1305822134017944,0
2025-05-08 05:20:00+00:00,1.1305822134017944,1.1308379173278809,1.1303266286849976,1.1303266286849976,0
2025-05-08 05:25:00+00:00,1.1309658288955688,1.1309658288955688,1.1305822134017944,1.1307101249694824,0
2025-05-08 05:30:00+00:00,1.1310937404632568,1.1312217712402344,1.1309658288955688,1.1309658288955688,0
2025-05-08 05:35:00+00:00,1.1310937404632568,1.1310937404632568,1.1309658288955688,1.1309658288955688,0
2025-05-08 05:40:00+00:00,1.1307101249694824,1.1310937404632568,1.1307101249694824,1.1309658288955688,0
2025-05-08 05:45:00+00:00,1.1307101249694824,1.1307101249694824,1.130454421043396,1.1307101249694824,0
2025-05-08 05:50:00+00:00,1.1301988363265991,1.1305822134017944,1.1301988363265991,1.130454421043396,0
2025-05-08 05:55:00+00:00,1.1308379173278809,1.1308379173278809,1.130454421043396,1.130454421043396,0
2025-05-08 06:00:00+00:00,1.1308379173278809,1.1309658288955688,1.1305822134017944,1.1305822134017944,0
2025-05-08 06:05:00+00:00,1.1305822134017944,1.1309658288955688,1.1305822134017944,1.1309658288955688,0
2025-05-08 06:10:00+00:00,1.1299434900283813,1.1307101249694824,1.1299434900283813,1.1307101249694824,0
2025-05-08 06:15:00+00:00,1.1291780471801758,1.1299434900283813,1.1291780471801758,1.1299434900283813,0
2025-05-08 06:20:00+00:00,1.1287955045700073,1.1291780471801758,1.1287955045700073,1.1290504932403564,0
2025-05-08 06:25:00+00:00,1.1287955045700073,1.1290504932403564,1.1285407543182373,1.1285407543182373,0
2025-05-08 06:30:00+00:00,1.1282861232757568,1.1290504932403564,1.1282861232757568,1.1290504932403564,0
2025-05-08 06:35:00+00:00,1.128413438796997,1.128668189048767,1.128413438796997,1.128413438796997,0
2025-05-08 06:40:00+00:00,1.128031611442566,1.1285407543182373,1.128031611442566,1.128413438796997,0
2025-05-08 06:45:00+00:00,1.1287955045700073,1.1287955045700073,1.128413438796997,1.128413438796997,0
2025-05-08 06:50:00+00:00,1.1290504932403564,1.1290504932403564,1.1287955045700073,1.1290504932403564,0
2025-05-08 06:55:00+00:00,1.1285407543182373,1.1289230585098267,1.1285407543182373,1.1289230585098267,0
2025-05-08 07:00:00+00:00,1.1279042959213257,1.1285407543182373,1.1279042959213257,1.1285407543182373,0
2025-05-08 07:05:00+00:00,1.1277772188186646,1.1282861232757568,1.1276500225067139,1.1282861232757568,0
2025-05-08 07:10:00+00:00,1.128031611442566,1.1282861232757568,1.1279042959213257,1.1279042959213257,0
2025-05-08 07:15:00+00:00,1.128668189048767,1.128668189048767,1.1282861232757568,1.1282861232757568,0
2025-05-08 07:20:00+00:00,1.1289230585098267,1.1289230585098267,1.128668189048767,1.1287955045700073,0
2025-05-08 07:25:00+00:00,1.1291780471801758,1.1291780471801758,1.128668189048767,1.1289230585098267,0
2025-05-08 07:30:00+00:00,1.1290504932403564,1.1291780471801758,1.1289230585098267,1.1291780471801758,0
2025-05-08 07:35:00+00:00,1.1296881437301636,1.1296881437301636,1.1287955045700073,1.1290504932403564,0
2025-05-08 07:40:00+00:00,1.129433035850525,1.129433035850525,1.1293054819107056,1.129433035850525,0
2025-05-08 07:45:00+00:00,1.1298158168792725,1.1298158168792725,1.129433035850525,1.129433035850525,0
2025-05-08 07:50:00+00:00,1.1296881437301636,1.1298158168792725,1.1295605897903442,1.1296881437301636,0
2025-05-08 07:55:00+00:00,1.1300712823867798,1.1300712823867798,1.1296881437301636,1.1298158168792725,0
2025-05-08 08:00:00+00:00,1.1303266286849976,1.130454421043396,1.1299434900283813,1.1299434900283813,0
2025-05-08 08:05:00+00:00,1.1298158168792725,1.1305822134017944,1.1298158168792725,1.1303266286849976,0
2025-05-08 08:10:00+00:00,1.1298158168792725,1.1299434900283813,1.1298158168792725,1.1299434900283813,0
2025-05-08 08:15:00+00:00,1.1293054819107056,1.1295605897903442,1.1291780471801758,1.1291780471801758,0
2025-05-08 08:20:00+00:00,1.1298158168792725,1.1298158168792725,1.129433035850525,1.129433035850525,0
2025-05-08 08:25:00+00:00,1.1295605897903442,1.1298158168792725,1.129433035850525,1.1298158168792725,0
2025-05-08 08:30:00+00:00,1.1290504932403564,1.1290504932403564,1.1290504932403564,1.1290504932403564,0
2025-05-08 08:35:00+00:00,1.1293054819107056,1.1293054819107056,1.1287955045700073,1.1289230585098267,0
2025-05-08 08:40:00+00:00,1.1295605897903442,1.1295605897903442,1.129433035850525,1.129433035850525,0
2025-05-08 08:45:00+00:00,1.1295605897903442,1.1295605897903442,1.1291780471801758,1.1293054819107056,0
2025-05-08 08:50:00+00:00,1.1293054819107056,1.1293054819107056,1.1291780471801758,1.1293054819107056,0
2025-05-08 08:55:00+00:00,1.1291780471801758,1.1293054819107056,1.1290504932403564,1.1293054819107056,0
2025-05-08 09:00:00+00:00,1.1291780471801758,1.1291780471801758,1.1289230585098267,1.1290504932403564,0
2025-05-08 09:05:00+00:00,1.1295605897903442,1.1295605897903442,1.1291780471801758,1.1291780471801758,0
2025-05-08 09:10:00+00:00,1.1296881437301636,1.1298158168792725,1.1295605897903442,1.1296881437301636,0
2025-05-08 09:15:00+00:00,1.1298158168792725,1.1300712823867798,1.1295605897903442,1.1300712823867798,0
2025-05-08 09:20:00+00:00,1.129433035850525,1.1296881437301636,1.129433035850525,1.1296881437301636,0
2025-05-08 09:25:00+00:00,1.1291780471801758,1.1293054819107056,1.1289230585098267,1.1293054819107056,0
2025-05-08 09:30:00+00:00,1.1290504932403564,1.1293054819107056,1.1290504932403564,1.1290504932403564,0
2025-05-08 09:35:00+00:00,1.1287955045700073,1.1289230585098267,1.1287955045700073,1.1289230585098267,0
2025-05-08 09:40:00+00:00,1.1290504932403564,1.1290504932403564,1.1289230585098267,1.1290504932403564,0
2025-05-08 09:45:00+00:00,1.1296881437301636,1.1296881437301636,1.1291780471801758,1.1291780471801758,0
2025-05-08 09:50:00+00:00,1.1295605897903442,1.1295605897903442,1.1293054819107056,1.129433035850525,0
2025-05-08 09:55:00+00:00,1.128668189048767,1.1290504932403564,1.128668189048767,1.1290504932403564,0
2025-05-08 10:00:00+00:00,1.1289230585098267,1.1290504932403564,1.128413438796997,1.128413438796997,0
2025-05-08 10:05:00+00:00,1.1285407543182373,1.1285407543182373,1.1285407543182373,1.1285407543182373,0
2025-05-08 10:10:00+00:00,1.128031611442566,1.128413438796997,1.128031611442566,1.128413438796997,0
2025-05-08 10:15:00+00:00,1.1285407543182373,1.1285407543182373,1.1281588077545166,1.1282861232757568,0
2025-05-08 10:20:00+00:00,1.1291780471801758,1.1291780471801758,1.128668189048767,1.128668189048767,0
2025-05-08 10:25:00+00:00,1.1296881437301636,1.1296881437301636,1.1291780471801758,1.1293054819107056,0
2025-05-08 10:30:00+00:00,1.1295605897903442,1.1295605897903442,1.1293054819107056,1.129433035850525,0
2025-05-08 10:35:00+00:00,1.1301988363265991,1.1301988363265991,1.1298158168792725,1.1298158168792725,0
2025-05-08 10:40:00+00:00,1.1300712823867798,1.1301988363265991,1.1300712823867798,1.1301988363265991,0
2025-05-08 10:45:00+00:00,1.1295605897903442,1.1300712823867798,1.1295605897903442,1.1300712823867798,0
2025-05-08 10:50:00+00:00,1.1291780471801758,1.1295605897903442,1.1291780471801758,1.1293054819107056,0
2025-05-08 10:55:00+00:00,1.1290504932403564,1.1291780471801758,1.1290504932403564,1.1291780471801758,0
2025-05-08 11:00:00+00:00,1.1295605897903442,1.1295605897903442,1.1291780471801758,1.1291780471801758,0
2025-05-08 11:05:00+00:00,1.1293054819107056,1.1296881437301636,1.1293054819107056,1.1295605897903442,0
2025-05-08 11:10:00+00:00,1.1295605897903442,1.1299434900283813,1.1295605897903442,1.1295605897903442,0
2025-05-08 11:15:00+00:00,1.1301988363265991,1.1301988363265991,1.129433035850525,1.129433035850525,0
2025-05-08 11:20:00+00:00,1.1303266286849976,1.1308379173278809,1.1303266286849976,1.1303266286849976,0
2025-05-08 11:25:00+00:00,1.1293054819107056,1.1301988363265991,1.1293054819107056,1.1301988363265991,0
2025-05-08 11:30:00+00:00,1.1291780471801758,1.129433035850525,1.1291780471801758,1.1293054819107056,0
2025-05-08 11:35:00+00:00,1.1290504932403564,1.129433035850525,1.1290504932403564,1.1293054819107056,0
2025-05-08 11:40:00+00:00,1.1291780471801758,1.1293054819107056,1.1289230585098267,1.1290504932403564,0
2025-05-08 11:45:00+00:00,1.1290504932403564,1.1293054819107056,1.1290504932403564,1.1293054819107056,0
2025-05-08 11:50:00+00:00,1.1295605897903442,1.1299434900283813,1.1290504932403564,1.1290504932403564,0
2025-05-08 11:55:00+00:00,1.1299434900283813,1.1299434900283813,1.1296881437301636,1.1296881437301636,0
2025-05-08 12:00:00+00:00,1.1299434900283813,1.1300712823867798,1.1298158168792725,1.1299434900283813,0
2025-05-08 12:05:00+00:00,1.1301988363265991,1.1301988363265991,1.1299434900283813,1.1299434900283813,0
2025-05-08 12:10:00+00:00,1.1308379173278809,1.1308379173278809,1.1300712823867798,1.1300712823867798,0
2025-05-08 12:15:00+00:00,1.1308379173278809,1.1312217712402344,1.1308379173278809,1.1312217712402344,0
2025-05-08 12:20:00+00:00,1.1308379173278809,1.1308379173278809,1.1307101249694824,1.1308379173278809,0
2025-05-08 12:25:00+00:00,1.1309658288955688,1.1309658288955688,1.1308379173278809,1.1309658288955688,0
2025-05-08 12:30:00+00:00,1.1298158168792725,1.130454421043396,1.1298158168792725,1.130454421043396,0
2025-05-08 12:35:00+00:00,1.1319899559020996,1.1319899559020996,1.1301988363265991,1.1301988363265991,0
2025-05-08 12:40:00+00:00,1.1316057443618774,1.1322463750839233,1.1316057443618774,1.1322463750839233,0
2025-05-08 12:45:00+00:00,1.1310937404632568,1.1313496828079224,1.1308379173278809,1.1313496828079224,0
2025-05-08 12:50:00+00:00,1.1305822134017944,1.1308379173278809,1.1299434900283813,1.1308379173278809,0
2025-05-08 12:55:00+00:00,1.1300712823867798,1.1307101249694824,1.1300712823867798,1.1303266286849976,0
2025-05-08 13:00:00+00:00,1.1309658288955688,1.1309658288955688,1.130454421043396,1.130454421043396,0
2025-05-08 13:05:00+00:00,1.1309658288955688,1.1313496828079224,1.1308379173278809,1.1309658288955688,0
2025-05-08 13:10:00+00:00,1.1309658288955688,1.1309658288955688,1.1305822134017944,1.1308379173278809,0
2025-05-08 13:15:00+00:00,1.1309658288955688,1.1310937404632568,1.130454421043396,1.1308379173278809,0
2025-05-08 13:20:00+00:00,1.1309658288955688,1.1309658288955688,1.1307101249694824,1.1309658288955688,0
2025-05-08 13:25:00+00:00,1.1310937404632568,1.1313496828079224,1.1308379173278809,1.1308379173278809,0
2025-05-08 13:30:00+00:00,1.1310937404632568,1.1313496828079224,1.1308379173278809,1.1313496828079224,0
2025-05-08 13:35:00+00:00,1.1308379173278809,1.1309658288955688,1.1308379173278809,1.1309658288955688,0
2025-05-08 13:40:00+00:00,1.1299434900283813,1.1308379173278809,1.1299434900283813,1.1308379173278809,0
2025-05-08 13:45:00+00:00,1.1308379173278809,1.1308379173278809,1.1299434900283813,1.1300712823867798,0
2025-05-08 13:50:00+00:00,1.1309658288955688,1.1312217712402344,1.1309658288955688,1.1310937404632568,0
2025-05-08 13:55:00+00:00,1.1309658288955688,1.1312217712402344,1.1308379173278809,1.1312217712402344,0
2025-05-08 14:00:00+00:00,1.1309658288955688,1.1309658288955688,1.1305822134017944,1.1309658288955688,0
2025-05-08 14:05:00+00:00,1.131733775138855,1.131733775138855,1.1312217712402344,1.1312217712402344,0
2025-05-08 14:10:00+00:00,1.1314777135849,1.131861925125122,1.1312217712402344,1.131733775138855,0
2025-05-08 14:15:00+00:00,1.1309658288955688,1.1312217712402344,1.1308379173278809,1.1312217712402344,0
2025-05-08 14:20:00+00:00,1.1307101249694824,1.1308379173278809,1.1305822134017944,1.1308379173278809,0
2025-05-08 14:25:00+00:00,1.1295605897903442,1.1301988363265991,1.1295605897903442,1.1301988363265991,0
2025-05-08 14:30:00+00:00,1.1296881437301636,1.1299434900283813,1.1296881437301636,1.1298158168792725,0
2025-05-08 14:35:00+00:00,1.1299434900283813,1.1300712823867798,1.1298158168792725,1.1298158168792725,0
2025-05-08 14:40:00+00:00,1.130454421043396,1.130454421043396,1.1299434900283813,1.1300712823867798,0
2025-05-08 14:45:00+00:00,1.1296881437301636,1.1299434900283813,1.1295605897903442,1.1299434900283813,0
2025-05-08 14:50:00+00:00,1.129433035850525,1.129433035850525,1.128413438796997,1.1290504932403564,0
2025-05-08 14:55:00+00:00,1.1282861232757568,1.1293054819107056,1.1281588077545166,1.1293054819107056,0
2025-05-08 15:00:00+00:00,1.1285407543182373,1.1289230585098267,1.1281588077545166,1.1281588077545166,0
2025-05-08 15:05:00+00:00,1.128668189048767,1.1287955045700073,1.1282861232757568,1.1285407543182373,0
2025-05-08 15:10:00+00:00,1.1289230585098267,1.1293054819107056,1.1289230585098267,1.1289230585098267,0
2025-05-08 15:15:00+00:00,1.1291780471801758,1.1291780471801758,1.1290504932403564,1.1291780471801758,0
2025-05-08 15:20:00+00:00,1.1276500225067139,1.128668189048767,1.1276500225067139,1.128668189048767,0
2025-05-08 15:25:00+00:00,1.1279042959213257,1.128031611442566,1.127268671989441,1.1277772188186646,0
2025-05-08 15:30:00+00:00,1.1279042959213257,1.1282861232757568,1.1279042959213257,1.128031611442566,0
2025-05-08 15:35:00+00:00,1.1275228261947632,1.128031611442566,1.1273956298828125,1.128031611442566,0
2025-05-08 15:40:00+00:00,1.1263798475265503,1.127268671989441,1.1263798475265503,1.1270145177841187,0
2025-05-08 15:45:00+00:00,1.1254924535751343,1.1267606019973755,1.1254924535751343,1.1267606019973755,0
2025-05-08 15:50:00+00:00,1.1243535280227661,1.1252391338348389,1.1242270469665527,1.1242270469665527,0
2025-05-08 15:55:00+00:00,1.125112533569336,1.125112533569336,1.123974323272705,1.124985933303833,0
2025-05-08 16:00:00+00:00,1.1242270469665527,1.1252391338348389,1.1242270469665527,1.1252391338348389,0
2025-05-08 16:05:00+00:00,1.1243535280227661,1.124985933303833,1.1243535280227661,1.1246063709259033,0
2025-05-08 16:10:00+00:00,1.1228384971618652,1.1241008043289185,1.1228384971618652,1.1241008043289185,0
2025-05-08 16:15:00+00:00,1.1228384971618652,1.12296462059021,1.1225864887237549,1.1225864887237549,0
2025-05-08 16:20:00+00:00,1.1225864887237549,1.1230907440185547,1.1225864887237549,1.12296462059021,0
2025-05-08 16:25:00+00:00,1.1233429908752441,1.1234692335128784,1.12271249294281,1.12271249294281,0
2025-05-08 16:30:00+00:00,1.1233429908752441,1.1235954761505127,1.1230907440185547,1.1233429908752441,0
2025-05-08 16:35:00+00:00,1.1228384971618652,1.1230907440185547,1.1228384971618652,1.12296462059021,0
2025-05-08 16:40:00+00:00,1.1234692335128784,1.1234692335128784,1.1232168674468994,1.1232168674468994,0
2025-05-08 16:45:00+00:00,1.1228384971618652,1.123721718788147,1.1228384971618652,1.123721718788147,0
2025-05-08 16:50:00+00:00,1.12296462059021,1.1233429908752441,1.12296462059021,1.1233429908752441,0
2025-05-08 16:55:00+00:00,1.12296462059021,1.1230907440185547,1.12271249294281,1.1230907440185547,0
2025-05-08 17:00:00+00:00,1.1228384971618652,1.1232168674468994,1.12271249294281,1.12271249294281,0
2025-05-08 17:05:00+00:00,1.1223344802856445,1.1225864887237549,1.1223344802856445,1.1225864887237549,0
2025-05-08 17:10:00+00:00,1.12271249294281,1.1228384971618652,1.1222084760665894,1.1224603652954102,0
2025-05-08 17:15:00+00:00,1.1232168674468994,1.1232168674468994,1.12296462059021,1.12296462059021,0
2025-05-08 17:20:00+00:00,1.1228384971618652,1.1232168674468994,1.1228384971618652,1.1232168674468994,0
2025-05-08 17:25:00+00:00,1.1220825910568237,1.1224603652954102,1.1220825910568237,1.1224603652954102,0
2025-05-08 17:30:00+00:00,1.121956706047058,1.1222084760665894,1.121956706047058,1.1222084760665894,0
2025-05-08 17:35:00+00:00,1.1218308210372925,1.121956706047058,1.1217050552368164,1.121956706047058,0
2025-05-08 17:40:00+00:00,1.1218308210372925,1.121956706047058,1.1218308210372925,1.121956706047058,0
2025-05-08 17:45:00+00:00,1.1220825910568237,1.1220825910568237,1.1217050552368164,1.1218308210372925,0
2025-05-08 17:50:00+00:00,1.1224603652954102,1.1224603652954102,1.1220825910568237,1.1222084760665894,0
2025-05-08 17:55:00+00:00,1.1230907440185547,1.1230907440185547,1.1225864887237549,1.1225864887237549,0
2025-05-08 18:00:00+00:00,1.1232168674468994,1.1232168674468994,1.12296462059021,1.12296462059021,0
2025-05-08 18:05:00+00:00,1.1230907440185547,1.1230907440185547,1.1228384971618652,1.1230907440185547,0
2025-05-08 18:10:00+00:00,1.1232168674468994,1.1232168674468994,1.12296462059021,1.1230907440185547,0
2025-05-08 18:15:00+00:00,1.1233429908752441,1.1233429908752441,1.1232168674468994,1.1233429908752441,0
2025-05-08 18:20:00+00:00,1.1232168674468994,1.1233429908752441,1.1230907440185547,1.1232168674468994,0
2025-05-08 18:25:00+00:00,1.12296462059021,1.12296462059021,1.1228384971618652,1.1228384971618652,0
2025-05-08 18:30:00+00:00,1.12271249294281,1.1230907440185547,1.12271249294281,1.1228384971618652,0
2025-05-08 18:35:00+00:00,1.1224603652954102,1.12271249294281,1.1224603652954102,1.12271249294281,0
2025-05-08 18:40:00+00:00,1.1224603652954102,1.1224603652954102,1.1223344802856445,1.1224603652954102,0
2025-05-08 18:45:00+00:00,1.1224603652954102,1.12271249294281,1.1223344802856445,1.1224603652954102,0
2025-05-08 18:50:00+00:00,1.1228384971618652,1.12296462059021,1.1225864887237549,1.1225864887237549,0
2025-05-08 18:55:00+00:00,1.1228384971618652,1.12296462059021,1.1228384971618652,1.12296462059021,0
2025-05-08 19:00:00+00:00,1.12271249294281,1.1230907440185547,1.12271249294281,1.12271249294281,0
2025-05-08 19:05:00+00:00,1.1225864887237549,1.12271249294281,1.1225864887237549,1.12271249294281,0
2025-05-08 19:10:00+00:00,1.1228384971618652,1.1228384971618652,1.12271249294281,1.12271249294281,0
2025-05-08 19:15:00+00:00,1.1225864887237549,1.12296462059021,1.1225864887237549,1.12296462059021,0
2025-05-08 19:20:00+00:00,1.121956706047058,1.1223344802856445,1.121956706047058,1.1223344802856445,0
2025-05-08 19:25:00+00:00,1.1215791702270508,1.1220825910568237,1.1215791702270508,1.1220825910568237,0
2025-05-08 19:30:00+00:00,1.121956706047058,1.1222084760665894,1.1217050552368164,1.1217050552368164,0
2025-05-08 19:35:00+00:00,1.1218308210372925,1.1222084760665894,1.1218308210372925,1.1220825910568237,0
2025-05-08 19:40:00+00:00,1.1220825910568237,1.1220825910568237,1.1217050552368164,1.121956706047058,0
2025-05-08 19:45:00+00:00,1.1225864887237549,1.1225864887237549,1.1224603652954102,1.1224603652954102,0
2025-05-08 19:50:00+00:00,1.12296462059021,1.1230907440185547,1.12271249294281,1.12271249294281,0
2025-05-08 19:55:00+00:00,1.1232168674468994,1.1232168674468994,1.12296462059021,1.12296462059021,0
2025-05-08 20:00:00+00:00,1.1225864887237549,1.12296462059021,1.1225864887237549,1.12296462059021,0
2025-05-08 20:05:00+00:00,1.1224603652954102,1.1225864887237549,1.1224603652954102,1.1225864887237549,0
2025-05-08 20:10:00+00:00,1.12271249294281,1.12271249294281,1.1223344802856445,1.1223344802856445,0
2025-05-08 20:15:00+00:00,1.12296462059021,1.1230907440185547,1.12271249294281,1.1228384971618652,0
2025-05-08 20:20:00+00:00,1.1232168674468994,1.1232168674468994,1.12296462059021,1.12296462059021,0
2025-05-08 20:25:00+00:00,1.1230907440185547,1.1232168674468994,1.1230907440185547,1.1232168674468994,0
2025-05-08 20:30:00+00:00,1.1232168674468994,1.1232168674468994,1.1230907440185547,1.1230907440185547,0
2025-05-08 20:35:00+00:00,1.1230907440185547,1.1232168674468994,1.1230907440185547,1.1232168674468994,0
2025-05-08 20:40:00+00:00,1.1230907440185547,1.1230907440185547,1.1230907440185547,1.1230907440185547,0
2025-05-08 20:45:00+00:00,1.1232168674468994,1.1232168674468994,1.12296462059021,1.1232168674468994,0
2025-05-08 20:50:00+00:00,1.1232168674468994,1.1232168674468994,1.12296462059021,1.1230907440185547,0
2025-05-08 20:55:00+00:00,1.1232168674468994,1.1232168674468994,1.1230907440185547,1.1232168674468994,0
2025-05-08 21:00:00+00:00,1.1230907440185547,1.1230907440185547,1.1222084760665894,1.1222084760665894,0
2025-05-08 21:05:00+00:00,1.12296462059021,1.12296462059021,1.1228384971618652,1.12296462059021,0
2025-05-08 21:10:00+00:00,1.12296462059021,1.12296462059021,1.12271249294281,1.12271249294281,0
2025-05-08 21:15:00+00:00,1.1228384971618652,1.12296462059021,1.12271249294281,1.1228384971618652,0
2025-05-08 21:20:00+00:00,1.1228384971618652,1.12296462059021,1.12271249294281,1.1228384971618652,0
2025-05-08 21:25:00+00:00,1.1228384971618652,1.12296462059021,1.1228384971618652,1.12296462059021,0
2025-05-08 21:30:00+00:00,1.12296462059021,1.12296462059021,1.1228384971618652,1.1228384971618652,0
2025-05-08 21:35:00+00:00,1.1228384971618652,1.12296462059021,1.1228384971618652,1.1228384971618652,0
2025-05-08 21:40:00+00:00,1.12271249294281,1.1230907440185547,1.12271249294281,1.1230907440185547,0
2025-05-08 21:45:00+00:00,1.1230907440185547,1.1230907440185547,1.1228384971618652,1.1228384971618652,0
2025-05-08 21:50:00+00:00,1.12296462059021,1.1232168674468994,1.12271249294281,1.12296462059021,0
2025-05-08 21:55:00+00:00,1.1228384971618652,1.1230907440185547,1.1228384971618652,1.1230907440185547,0
2025-05-08 22:00:00+00:00,1.1230907440185547,1.1233429908752441,1.12296462059021,1.1230907440185547,0
2025-05-08 22:05:00+00:00,1.1232168674468994,1.1232168674468994,1.1230907440185547,1.1230907440185547,0
2025-05-08 22:10:00+00:00,1.1230907440185547,1.1234692335128784,1.1230907440185547,1.1232168674468994,0
2025-05-08 22:15:00+00:00,1.1232168674468994,1.1232168674468994,1.1230907440185547,1.1230907440185547,0
2025-05-08 22:20:00+00:00,1.1232168674468994,1.1232168674468994,1.1230907440185547,1.1230907440185547,0
2025-05-08 22:25:00+00:00,1.1232168674468994,1.1232168674468994,1.1232168674468994,1.1232168674468994,0
2025-05-08 22:30:00+00:00,1.1234692335128784,1.1234692335128784,1.1230907440185547,1.1230907440185547,0
2025-05-08 22:35:00+00:00,1.1233429908752441,1.1235954761505127,1.1233429908752441,1.1235954761505127,0
2025-05-08 22:40:00+00:00,1.1233429908752441,1.1233429908752441,1.1232168674468994,1.1233429908752441,0
2025-05-08 22:45:00+00:00,1.1233429908752441,1.1235954761505127,1.1230907440185547,1.1235954761505127,0
2025-05-08 22:50:00+00:00,1.1233429908752441,1.1233429908752441,1.1232168674468994,1.1233429908752441,0
2025-05-08 22:55:00+00:00,1.1235954761505127,1.1235954761505127,1.1233429908752441,1.1233429908752441,0
2025-05-08 23:00:00+00:00,1.12296462059021,1.1234692335128784,1.12296462059021,1.1234692335128784,0
2025-05-08 23:05:00+00:00,1.12296462059021,1.12296462059021,1.12296462059021,1.12296462059021,0
2025-05-08 23:10:00+00:00,1.1228384971618652,1.1230907440185547,1.1228384971618652,1.1228384971618652,0
2025-05-08 23:15:00+00:00,1.1228384971618652,1.12296462059021,1.1228384971618652,1.1228384971618652,0
2025-05-08 23:20:00+00:00,1.1228384971618652,1.1228384971618652,1.1228384971618652,1.1228384971618652,0
2025-05-08 23:25:00+00:00,1.12271249294281,1.1228384971618652,1.1225864887237549,1.1228384971618652,0
2025-05-08 23:30:00+00:00,1.1225864887237549,1.12271249294281,1.1225864887237549,1.1225864887237549,0
2025-05-08 23:35:00+00:00,1.1228384971618652,1.1232168674468994,1.1225864887237549,1.1225864887237549,0
2025-05-08 23:40:00+00:00,1.1230907440185547,1.1230907440185547,1.1228384971618652,1.1228384971618652,0
2025-05-08 23:45:00+00:00,1.1230907440185547,1.1230907440185547,1.1230907440185547,1.1230907440185547,0
2025-05-08 23:50:00+00:00,1.12271249294281,1.1232168674468994,1.12271249294281,1.1230907440185547,0
2025-05-08 23:55:00+00:00,1.1228384971618652,1.1228384971618652,1.1225864887237549,1.12271249294281,0
2025-05-09 00:00:00+00:00,1.1232168674468994,1.1233429908752441,1.1230907440185547,1.1230907440185547,0
2025-05-09 00:05:00+00:00,1.1230907440185547,1.1234692335128784,1.1230907440185547,1.1232168674468994,0
2025-05-09 00:10:00+00:00,1.1223344802856445,1.1230907440185547,1.1223344802856445,1.1230907440185547,0
2025-05-09 00:15:00+00:00,1.1223344802856445,1.1224603652954102,1.1222084760665894,1.1222084760665894,0
2025-05-09 00:20:00+00:00,1.1217050552368164,1.1222084760665894,1.1217050552368164,1.1222084760665894,0
2025-05-09 00:25:00+00:00,1.1220825910568237,1.1220825910568237,1.1217050552368164,1.1217050552368164,0
2025-05-09 00:30:00+00:00,1.1222084760665894,1.1222084760665894,1.121956706047058,1.121956706047058,0
2025-05-09 00:35:00+00:00,1.1222084760665894,1.1223344802856445,1.1222084760665894,1.1222084760665894,0
2025-05-09 00:40:00+00:00,1.1222084760665894,1.1223344802856445,1.1220825910568237,1.1222084760665894,0
2025-05-09 00:45:00+00:00,1.1225864887237549,1.1225864887237549,1.1222084760665894,1.1222084760665894,0
2025-05-09 00:50:00+00:00,1.12271249294281,1.12271249294281,1.1225864887237549,1.12271249294281,0
2025-05-09 00:55:00+00:00,1.12296462059021,1.12296462059021,1.12271249294281,1.12271249294281,0
2025-05-09 01:00:00+00:00,1.1228384971618652,1.1230907440185547,1.1228384971618652,1.12296462059021,0
2025-05-09 01:05:00+00:00,1.1232168674468994,1.1232168674468994,1.12296462059021,1.12296462059021,0
2025-05-09 01:10:00+00:00,1.1228384971618652,1.1230907440185547,1.1228384971618652,1.1230907440185547,0
2025-05-09 01:15:00+00:00,1.1225864887237549,1.1228384971618652,1.1225864887237549,1.1228384971618652,0
2025-05-09 01:20:00+00:00,1.1225864887237549,1.12271249294281,1.1224603652954102,1.12271249294281,0
2025-05-09 01:25:00+00:00,1.1218308210372925,1.1222084760665894,1.1215791702270508,1.1222084760665894,0
2025-05-09 01:30:00+00:00,1.1220825910568237,1.1224603652954102,1.1220825910568237,1.1220825910568237,0
2025-05-09 01:35:00+00:00,1.1215791702270508,1.1220825910568237,1.1215791702270508,1.1220825910568237,0
2025-05-09 01:40:00+00:00,1.1214534044265747,1.1218308210372925,1.1214534044265747,1.1218308210372925,0
2025-05-09 01:45:00+00:00,1.1217050552368164,1.121956706047058,1.1217050552368164,1.1218308210372925,0
2025-05-09 01:50:00+00:00,1.1217050552368164,1.121956706047058,1.1217050552368164,1.1218308210372925,0
2025-05-09 01:55:00+00:00,1.1215791702270508,1.1215791702270508,1.1214534044265747,1.1215791702270508,0
2025-05-09 02:00:00+00:00,1.121076226234436,1.1214534044265747,1.121076226234436,1.1214534044265747,0
2025-05-09 02:05:00+00:00,1.1205737590789795,1.121076226234436,1.1205737590789795,1.121076226234436,0
2025-05-09 02:10:00+00:00,1.1203227043151855,1.1203227043151855,1.1200717687606812,1.1200717687606812,0
2025-05-09 02:15:00+00:00,1.120824933052063,1.120824933052063,1.1204482316970825,1.1204482316970825,0
2025-05-09 02:20:00+00:00,1.120824933052063,1.1209505796432495,1.1206992864608765,1.1209505796432495,0
2025-05-09 02:25:00+00:00,1.121076226234436,1.121076226234436,1.120824933052063,1.120824933052063,0
2025-05-09 02:30:00+00:00,1.121076226234436,1.1212018728256226,1.1209505796432495,1.1209505796432495,0
2025-05-09 02:35:00+00:00,1.1212018728256226,1.1213276386260986,1.1209505796432495,1.1209505796432495,0
2025-05-09 02:40:00+00:00,1.1217050552368164,1.1217050552368164,1.1214534044265747,1.1214534044265747,0
2025-05-09 02:45:00+00:00,1.1215791702270508,1.1215791702270508,1.1214534044265747,1.1215791702270508,0
2025-05-09 02:50:00+00:00,1.121956706047058,1.121956706047058,1.1214534044265747,1.1214534044265747,0
2025-05-09 02:55:00+00:00,1.1222084760665894,1.1222084760665894,1.121956706047058,1.1220825910568237,0
2025-05-09 03:00:00+00:00,1.1228384971618652,1.1228384971618652,1.1223344802856445,1.1223344802856445,0
2025-05-09 03:05:00+00:00,1.12296462059021,1.12296462059021,1.12271249294281,1.12271249294281,0
2025-05-09 03:10:00+00:00,1.1228384971618652,1.12296462059021,1.12271249294281,1.12296462059021,0
2025-05-09 03:15:00+00:00,1.1223344802856445,1.1228384971618652,1.1223344802856445,1.12271249294281,0
2025-05-09 03:20:00+00:00,1.1224603652954102,1.12271249294281,1.1223344802856445,1.1224603652954102,0
2025-05-09 03:25:00+00:00,1.1224603652954102,1.12271249294281,1.1224603652954102,1.1225864887237549,0
2025-05-09 03:30:00+00:00,1.1224603652954102,1.1224603652954102,1.1222084760665894,1.1224603652954102,0
2025-05-09 03:35:00+00:00,1.1225864887237549,1.12271249294281,1.1225864887237549,1.12271249294281,0
2025-05-09 03:40:00+00:00,1.1225864887237549,1.12271249294281,1.1225864887237549,1.1225864887237549,0
2025-05-09 03:45:00+00:00,1.1228384971618652,1.1228384971618652,1.1225864887237549,1.1225864887237549,0
2025-05-09 03:50:00+00:00,1.1228384971618652,1.12296462059021,1.1228384971618652,1.1228384971618652,0
2025-05-09 03:55:00+00:00,1.1224603652954102,1.12271249294281,1.1223344802856445,1.12271249294281,0
2025-05-09 04:00:00+00:00,1.1230907440185547,1.1230907440185547,1.1225864887237549,1.1225864887237549,0
2025-05-09 04:05:00+00:00,1.1230907440185547,1.1230907440185547,1.12296462059021,1.1230907440185547,0
2025-05-09 04:10:00+00:00,1.12296462059021,1.1230907440185547,1.12296462059021,1.12296462059021,0
2025-05-09 04:15:00+00:00,1.1228384971618652,1.1230907440185547,1.1228384971618652,1.1230907440185547,0
2025-05-09 04:20:00+00:00,1.12296462059021,1.12296462059021,1.12271249294281,1.12271249294281,0
2025-05-09 04:25:00+00:00,1.1228384971618652,1.12296462059021,1.12271249294281,1.12296462059021,0
2025-05-09 04:30:00+00:00,1.12296462059021,1.12296462059021,1.1228384971618652,1.12296462059021,0
2025-05-09 04:35:00+00:00,1.1232168674468994,1.1232168674468994,1.1230907440185547,1.1230907440185547,0
2025-05-09 04:40:00+00:00,1.12296462059021,1.1230907440185547,1.1228384971618652,1.1230907440185547,0
2025-05-09 04:45:00+00:00,1.1232168674468994,1.1232168674468994,1.1230907440185547,1.1230907440185547,0
2025-05-09 04:50:00+00:00,1.1232168674468994,1.1232168674468994,1.1230907440185547,1.1230907440185547,0
2025-05-09 04:55:00+00:00,1.1232168674468994,1.1232168674468994,1.1230907440185547,1.1232168674468994,0
2025-05-09 05:00:00+00:00,1.12296462059021,1.1232168674468994,1.12296462059021,1.1232168674468994,0
2025-05-09 05:05:00+00:00,1.1230907440185547,1.1230907440185547,1.1225864887237549,1.1228384971618652,0
2025-05-09 05:10:00+00:00,1.1228384971618652,1.1230907440185547,1.1228384971618652,1.1230907440185547,0
2025-05-09 05:15:00+00:00,1.12296462059021,1.1230907440185547,1.12296462059021,1.1230907440185547,0
2025-05-09 05:20:00+00:00,1.1224603652954102,1.1228384971618652,1.1224603652954102,1.1228384971618652,0
2025-05-09 05:25:00+00:00,1.1223344802856445,1.1225864887237549,1.1223344802856445,1.1225864887237549,0
2025-05-09 05:30:00+00:00,1.1225864887237549,1.1225864887237549,1.1222084760665894,1.1223344802856445,0
2025-05-09 05:35:00+00:00,1.1228384971618652,1.1228384971618652,1.12271249294281,1.12271249294281,0
2025-05-09 05:40:00+00:00,1.1234692335128784,1.1234692335128784,1.12296462059021,1.12296462059021,0
2025-05-09 05:45:00+00:00,1.1230907440185547,1.1233429908752441,1.1230907440185547,1.1233429908752441,0
2025-05-09 05:50:00+00:00,1.1232168674468994,1.1232168674468994,1.12296462059021,1.1230907440185547,0
2025-05-09 05:55:00+00:00,1.1238480806350708,1.1238480806350708,1.1235954761505127,1.1235954761505127,0
2025-05-09 06:00:00+00:00,1.123721718788147,1.1238480806350708,1.1235954761505127,1.123721718788147,0
2025-05-09 06:05:00+00:00,1.123721718788147,1.1238480806350708,1.1235954761505127,1.1235954761505127,0
2025-05-09 06:10:00+00:00,1.1242270469665527,1.1242270469665527,1.123974323272705,1.123974323272705,0
2025-05-09 06:15:00+00:00,1.1242270469665527,1.12447988986969,1.1242270469665527,1.12447988986969,0
2025-05-09 06:20:00+00:00,1.123721718788147,1.1242270469665527,1.123721718788147,1.1242270469665527,0
2025-05-09 06:25:00+00:00,1.1238480806350708,1.123974323272705,1.123721718788147,1.123974323272705,0
2025-05-09 06:30:00+00:00,1.1243535280227661,1.1246063709259033,1.1241008043289185,1.1241008043289185,0
2025-05-09 06:35:00+00:00,1.1246063709259033,1.1246063709259033,1.1243535280227661,1.1243535280227661,0
2025-05-09 06:40:00+00:00,1.1247328519821167,1.1247328519821167,1.1246063709259033,1.1247328519821167,0
2025-05-09 06:45:00+00:00,1.1248594522476196,1.1248594522476196,1.1246063709259033,1.1246063709259033,0
2025-05-09 06:50:00+00:00,1.1246063709259033,1.1246063709259033,1.1246063709259033,1.1246063709259033,0
2025-05-09 06:55:00+00:00,1.1246063709259033,1.125112533569336,1.1246063709259033,1.1247328519821167,0
2025-05-09 07:00:00+00:00,1.12447988986969,1.12447988986969,1.1241008043289185,1.1242270469665527,0
2025-05-09 07:05:00+00:00,1.1246063709259033,1.1246063709259033,1.1246063709259033,1.1246063709259033,0
2025-05-09 07:10:00+00:00,1.125112533569336,1.125112533569336,1.12447988986969,1.12447988986969,0
2025-05-09 07:15:00+00:00,1.1248594522476196,1.125112533569336,1.1248594522476196,1.124985933303833,0
2025-05-09 07:20:00+00:00,1.1248594522476196,1.124985933303833,1.1248594522476196,1.1248594522476196,0
2025-05-09 07:25:00+00:00,1.1247328519821167,1.1247328519821167,1.12447988986969,1.1247328519821167,0
2025-05-09 07:30:00+00:00,1.1252391338348389,1.1252391338348389,1.1248594522476196,1.1248594522476196,0
2025-05-09 07:35:00+00:00,1.1256190538406372,1.1257457733154297,1.1256190538406372,1.1256190538406372,0
2025-05-09 07:40:00+00:00,1.1261261701583862,1.1261261701583862,1.1256190538406372,1.1256190538406372,0
2025-05-09 07:45:00+00:00,1.1258726119995117,1.1259993314743042,1.1257457733154297,1.1259993314743042,0
2025-05-09 07:50:00+00:00,1.1257457733154297,1.1257457733154297,1.1256190538406372,1.1256190538406372,0
2025-05-09 07:55:00+00:00,1.1254924535751343,1.1257457733154297,1.1254924535751343,1.1257457733154297,0
2025-05-09 08:00:00+00:00,1.1258726119995117,1.1258726119995117,1.1254924535751343,1.1256190538406372,0
2025-05-09 08:05:00+00:00,1.1253657341003418,1.1254924535751343,1.1253657341003418,1.1254924535751343,0
2025-05-09 08:10:00+00:00,1.125112533569336,1.1252391338348389,1.125112533569336,1.125112533569336,0
2025-05-09 08:15:00+00:00,1.125112533569336,1.1252391338348389,1.125112533569336,1.125112533569336,0
2025-05-09 08:20:00+00:00,1.124985933303833,1.125112533569336,1.124985933303833,1.125112533569336,0
2025-05-09 08:25:00+00:00,1.1246063709259033,1.124985933303833,1.1246063709259033,1.124985933303833,0
2025-05-09 08:30:00+00:00,1.124985933303833,1.1252391338348389,1.1248594522476196,1.1248594522476196,0
2025-05-09 08:35:00+00:00,1.1259993314743042,1.1259993314743042,1.1252391338348389,1.1252391338348389,0
2025-05-09 08:40:00+00:00,1.1258726119995117,1.1261261701583862,1.1254924535751343,1.1261261701583862,0
2025-05-09 08:45:00+00:00,1.1257457733154297,1.1258726119995117,1.1256190538406372,1.1256190538406372,0
2025-05-09 08:50:00+00:00,1.1256190538406372,1.1258726119995117,1.1256190538406372,1.1256190538406372,0
2025-05-09 08:55:00+00:00,1.1258726119995117,1.1258726119995117,1.1256190538406372,1.1256190538406372,0
2025-05-09 09:00:00+00:00,1.1259993314743042,1.1259993314743042,1.1257457733154297,1.1258726119995117,0
2025-05-09 09:05:00+00:00,1.1257457733154297,1.1262530088424683,1.1257457733154297,1.1261261701583862,0
2025-05-09 09:10:00+00:00,1.1256190538406372,1.1257457733154297,1.1254924535751343,1.1257457733154297,0
2025-05-09 09:15:00+00:00,1.1256190538406372,1.1257457733154297,1.1254924535751343,1.1257457733154297,0
2025-05-09 09:20:00+00:00,1.1257457733154297,1.1257457733154297,1.1256190538406372,1.1256190538406372,0
2025-05-09 09:25:00+00:00,1.1253657341003418,1.1257457733154297,1.1253657341003418,1.1257457733154297,0
2025-05-09 09:30:00+00:00,1.1256190538406372,1.1256190538406372,1.1253657341003418,1.1253657341003418,0
2025-05-09 09:35:00+00:00,1.1254924535751343,1.1258726119995117,1.1254924535751343,1.1258726119995117,0
2025-05-09 09:40:00+00:00,1.1253657341003418,1.1253657341003418,1.1252391338348389,1.1252391338348389,0
2025-05-09 09:45:00+00:00,1.1252391338348389,1.1253657341003418,1.1252391338348389,1.1253657341003418,0
2025-05-09 09:50:00+00:00,1.125112533569336,1.1252391338348389,1.125112533569336,1.1252391338348389,0
2025-05-09 09:55:00+00:00,1.125112533569336,1.125112533569336,1.1248594522476196,1.1248594522476196,0
2025-05-09 10:00:00+00:00,1.1248594522476196,1.124985933303833,1.1247328519821167,1.124985933303833,0
2025-05-09 10:05:00+00:00,1.1248594522476196,1.1248594522476196,1.1246063709259033,1.1246063709259033,0
2025-05-09 10:10:00+00:00,1.1247328519821167,1.1248594522476196,1.1247328519821167,1.1248594522476196,0
2025-05-09 10:15:00+00:00,1.1248594522476196,1.124985933303833,1.1247328519821167,1.124985933303833,0
2025-05-09 10:20:00+00:00,1.1247328519821167,1.1252391338348389,1.1247328519821167,1.125112533569336,0
2025-05-09 10:25:00+00:00,1.1246063709259033,1.1247328519821167,1.1246063709259033,1.1246063709259033,0
2025-05-09 10:30:00+00:00,1.1248594522476196,1.1248594522476196,1.1246063709259033,1.1246063709259033,0
2025-05-09 10:35:00+00:00,1.124985933303833,1.124985933303833,1.1247328519821167,1.124985933303833,0
2025-05-09 10:40:00+00:00,1.125112533569336,1.125112533569336,1.125112533569336,1.125112533569336,0
2025-05-09 10:45:00+00:00,1.1253657341003418,1.1253657341003418,1.125112533569336,1.125112533569336,0
2025-05-09 10:50:00+00:00,1.1252391338348389,1.1253657341003418,1.1252391338348389,1.1253657341003418,0
2025-05-09 10:55:00+00:00,1.1248594522476196,1.1252391338348389,1.1248594522476196,1.1252391338348389,0
2025-05-09 11:00:00+00:00,1.125112533569336,1.1252391338348389,1.1248594522476196,1.1248594522476196,0
2025-05-09 11:05:00+00:00,1.1252391338348389,1.1253657341003418,1.1252391338348389,1.1252391338348389,0
2025-05-09 11:10:00+00:00,1.1256190538406372,1.1256190538406372,1.1252391338348389,1.1253657341003418,0
2025-05-09 11:15:00+00:00,1.1254924535751343,1.1257457733154297,1.1254924535751343,1.1257457733154297,0
2025-05-09 11:20:00+00:00,1.1253657341003418,1.1254924535751343,1.1252391338348389,1.1254924535751343,0
2025-05-09 11:25:00+00:00,1.1256190538406372,1.1261261701583862,1.125112533569336,1.1252391338348389,0
2025-05-09 11:30:00+00:00,1.1254924535751343,1.1258726119995117,1.1254924535751343,1.1258726119995117,0
2025-05-09 11:35:00+00:00,1.1254924535751343,1.1254924535751343,1.125112533569336,1.1254924535751343,0
2025-05-09 11:40:00+00:00,1.1253657341003418,1.1258726119995117,1.1252391338348389,1.1258726119995117,0
2025-05-09 11:45:00+00:00,1.1248594522476196,1.125112533569336,1.1248594522476196,1.125112533569336,0
2025-05-09 11:50:00+00:00,1.1253657341003418,1.1253657341003418,1.124985933303833,1.124985933303833,0
2025-05-09 11:55:00+00:00,1.1257457733154297,1.1257457733154297,1.1254924535751343,1.1256190538406372,0
2025-05-09 12:00:00+00:00,1.1257457733154297,1.1258726119995117,1.1256190538406372,1.1257457733154297,0
2025-05-09 12:05:00+00:00,1.1256190538406372,1.1256190538406372,1.1254924535751343,1.1256190538406372,0
2025-05-09 12:10:00+00:00,1.1257457733154297,1.1258726119995117,1.1254924535751343,1.1254924535751343,0
2025-05-09 12:15:00+00:00,1.1257457733154297,1.1258726119995117,1.1257457733154297,1.1258726119995117,0
2025-05-09 12:20:00+00:00,1.1254924535751343,1.1257457733154297,1.1254924535751343,1.1256190538406372,0
2025-05-09 12:25:00+00:00,1.1257457733154297,1.1257457733154297,1.1256190538406372,1.1256190538406372,0
2025-05-09 12:30:00+00:00,1.1257457733154297,1.1258726119995117,1.1256190538406372,1.1257457733154297,0
2025-05-09 12:35:00+00:00,1.1253657341003418,1.1257457733154297,1.1253657341003418,1.1256190538406372,0
2025-05-09 12:40:00+00:00,1.125112533569336,1.1252391338348389,1.125112533569336,1.1252391338348389,0
2025-05-09 12:45:00+00:00,1.1254924535751343,1.1254924535751343,1.1252391338348389,1.1252391338348389,0
2025-05-09 12:50:00+00:00,1.1256190538406372,1.1256190538406372,1.1253657341003418,1.1254924535751343,0
2025-05-09 12:55:00+00:00,1.1257457733154297,1.1258726119995117,1.1256190538406372,1.1256190538406372,0
2025-05-09 13:00:00+00:00,1.1259993314743042,1.1259993314743042,1.1257457733154297,1.1257457733154297,0
2025-05-09 13:05:00+00:00,1.1263798475265503,1.1263798475265503,1.1257457733154297,1.1257457733154297,0
2025-05-09 13:10:00+00:00,1.126633644104004,1.126887559890747,1.1265066862106323,1.1265066862106323,0
2025-05-09 13:15:00+00:00,1.126633644104004,1.1267606019973755,1.126633644104004,1.1267606019973755,0
2025-05-09 13:20:00+00:00,1.1259993314743042,1.1267606019973755,1.1259993314743042,1.1267606019973755,0
2025-05-09 13:25:00+00:00,1.1265066862106323,1.1265066862106323,1.1262530088424683,1.1262530088424683,0
2025-05-09 13:30:00+00:00,1.126633644104004,1.126633644104004,1.1265066862106323,1.1265066862106323,0
2025-05-09 13:35:00+00:00,1.126633644104004,1.1267606019973755,1.1265066862106323,1.126633644104004,0
2025-05-09 13:40:00+00:00,1.1267606019973755,1.1267606019973755,1.1261261701583862,1.1267606019973755,0
2025-05-09 13:45:00+00:00,1.126887559890747,1.126887559890747,1.126633644104004,1.1267606019973755,0
2025-05-09 13:50:00+00:00,1.1262530088424683,1.1267606019973755,1.1262530088424683,1.1267606019973755,0
2025-05-09 13:55:00+00:00,1.1262530088424683,1.1262530088424683,1.1261261701583862,1.1262530088424683,0
2025-05-09 14:00:00+00:00,1.1263798475265503,1.1263798475265503,1.1259993314743042,1.1259993314743042,0
2025-05-09 14:05:00+00:00,1.126887559890747,1.1270145177841187,1.1265066862106323,1.1265066862106323,0
2025-05-09 14:10:00+00:00,1.1275228261947632,1.1275228261947632,1.1270145177841187,1.1271415948867798,0
2025-05-09 14:15:00+00:00,1.1275228261947632,1.1276500225067139,1.1273956298828125,1.1273956298828125,0
2025-05-09 14:20:00+00:00,1.128668189048767,1.128668189048767,1.1281588077545166,1.1281588077545166,0
2025-05-09 14:25:00+00:00,1.1293054819107056,1.129433035850525,1.1289230585098267,1.1289230585098267,0
2025-05-09 14:30:00+00:00,1.1291780471801758,1.129433035850525,1.1289230585098267,1.1289230585098267,0
2025-05-09 14:35:00+00:00,1.1290504932403564,1.1293054819107056,1.1289230585098267,1.1293054819107056,0
2025-05-09 14:40:00+00:00,1.1281588077545166,1.1289230585098267,1.1281588077545166,1.1289230585098267,0
2025-05-09 14:45:00+00:00,1.1282861232757568,1.1282861232757568,1.1279042959213257,1.128031611442566,0
2025-05-09 14:50:00+00:00,1.1276500225067139,1.128031611442566,1.127268671989441,1.128031611442566,0
2025-05-09 14:55:00+00:00,1.127268671989441,1.1276500225067139,1.127268671989441,1.1276500225067139,0
2025-05-09 15:00:00+00:00,1.1273956298828125,1.1273956298828125,1.1270145177841187,1.127268671989441,0
2025-05-09 15:05:00+00:00,1.1270145177841187,1.1275228261947632,1.1270145177841187,1.1273956298828125,0
2025-05-09 15:10:00+00:00,1.1270145177841187,1.1271415948867798,1.1270145177841187,1.1271415948867798,0
2025-05-09 15:15:00+00:00,1.126633644104004,1.1267606019973755,1.1263798475265503,1.1267606019973755,0
2025-05-09 15:20:00+00:00,1.126887559890747,1.126887559890747,1.1265066862106323,1.1265066862106323,0
2025-05-09 15:25:00+00:00,1.126887559890747,1.126887559890747,1.1267606019973755,1.1267606019973755,0
2025-05-09 15:30:00+00:00,1.1267606019973755,1.1270145177841187,1.126633644104004,1.126887559890747,0
2025-05-09 15:35:00+00:00,1.1271415948867798,1.1271415948867798,1.1265066862106323,1.1265066862106323,0
2025-05-09 15:40:00+00:00,1.1273956298828125,1.1273956298828125,1.1271415948867798,1.1271415948867798,0
2025-05-09 15:45:00+00:00,1.1271415948867798,1.127268671989441,1.1270145177841187,1.127268671989441,0
2025-05-09 15:50:00+00:00,1.1273956298828125,1.1275228261947632,1.1273956298828125,1.1273956298828125,0
2025-05-09 15:55:00+00:00,1.1273956298828125,1.1273956298828125,1.127268671989441,1.1273956298828125,0
2025-05-09 16:00:00+00:00,1.1276500225067139,1.1277772188186646,1.1273956298828125,1.1273956298828125,0
2025-05-09 16:05:00+00:00,1.126887559890747,1.1273956298828125,1.126887559890747,1.1273956298828125,0
2025-05-09 16:10:00+00:00,1.1270145177841187,1.1270145177841187,1.126887559890747,1.126887559890747,0
2025-05-09 16:15:00+00:00,1.1270145177841187,1.127268671989441,1.1270145177841187,1.1271415948867798,0
2025-05-09 16:20:00+00:00,1.126887559890747,1.1271415948867798,1.126887559890747,1.1271415948867798,0
2025-05-09 16:25:00+00:00,1.126633644104004,1.126887559890747,1.126633644104004,1.126887559890747,0
2025-05-09 16:30:00+00:00,1.1263798475265503,1.1265066862106323,1.1263798475265503,1.1265066862106323,0
2025-05-09 16:35:00+00:00,1.126633644104004,1.126633644104004,1.126633644104004,1.126633644104004,0
2025-05-09 16:40:00+00:00,1.126633644104004,1.126633644104004,1.1265066862106323,1.1265066862106323,0
2025-05-09 16:45:00+00:00,1.126633644104004,1.1267606019973755,1.1265066862106323,1.1265066862106323,0
2025-05-09 16:50:00+00:00,1.1265066862106323,1.126887559890747,1.1265066862106323,1.126633644104004,0
2025-05-09 16:55:00+00:00,1.1261261701583862,1.1265066862106323,1.1261261701583862,1.1265066862106323,0
2025-05-09 17:00:00+00:00,1.1259993314743042,1.1261261701583862,1.1259993314743042,1.1261261701583862,0
2025-05-09 17:05:00+00:00,1.1261261701583862,1.1261261701583862,1.1261261701583862,1.1261261701583862,0
2025-05-09 17:10:00+00:00,1.1258726119995117,1.1258726119995117,1.1258726119995117,1.1258726119995117,0
2025-05-09 17:15:00+00:00,1.1259993314743042,1.1259993314743042,1.1256190538406372,1.1256190538406372,0
2025-05-09 17:20:00+00:00,1.1262530088424683,1.1262530088424683,1.1261261701583862,1.1262530088424683,0
2025-05-09 17:25:00+00:00,1.1261261701583862,1.1263798475265503,1.1261261701583862,1.1262530088424683,0
2025-05-09 17:30:00+00:00,1.126633644104004,1.126633644104004,1.1261261701583862,1.1261261701583862,0
2025-05-09 17:35:00+00:00,1.1267606019973755,1.1267606019973755,1.126633644104004,1.1267606019973755,0
2025-05-09 17:40:00+00:00,1.1267606019973755,1.1267606019973755,1.126633644104004,1.1267606019973755,0
2025-05-09 17:45:00+00:00,1.1265066862106323,1.126633644104004,1.1263798475265503,1.126633644104004,0
2025-05-09 17:50:00+00:00,1.126633644104004,1.126633644104004,1.1265066862106323,1.1265066862106323,0
2025-05-09 17:55:00+00:00,1.1265066862106323,1.126633644104004,1.1265066862106323,1.126633644104004,0
2025-05-09 18:00:00+00:00,1.126887559890747,1.126887559890747,1.1265066862106323,1.1265066862106323,0
2025-05-09 18:05:00+00:00,1.126633644104004,1.1267606019973755,1.126633644104004,1.1267606019973755,0
2025-05-09 18:10:00+00:00,1.1263798475265503,1.126633644104004,1.1263798475265503,1.126633644104004,0
2025-05-09 18:15:00+00:00,1.1263798475265503,1.1263798475265503,1.1263798475265503,1.1263798475265503,0
2025-05-09 18:20:00+00:00,1.1263798475265503,1.1265066862106323,1.1263798475265503,1.1263798475265503,0
2025-05-09 18:25:00+00:00,1.1262530088424683,1.1263798475265503,1.1262530088424683,1.1263798475265503,0
2025-05-09 18:30:00+00:00,1.1261261701583862,1.1262530088424683,1.1261261701583862,1.1261261701583862,0
2025-05-09 18:35:00+00:00,1.1261261701583862,1.1262530088424683,1.1261261701583862,1.1262530088424683,0
2025-05-09 18:40:00+00:00,1.1261261701583862,1.1261261701583862,1.1259993314743042,1.1261261701583862,0
2025-05-09 18:45:00+00:00,1.1258726119995117,1.1259993314743042,1.1258726119995117,1.1258726119995117,0
2025-05-09 18:50:00+00:00,1.1261261701583862,1.1262530088424683,1.1258726119995117,1.1258726119995117,0
2025-05-09 18:55:00+00:00,1.1261261701583862,1.1262530088424683,1.1261261701583862,1.1261261701583862,0
2025-05-09 19:00:00+00:00,1.1259993314743042,1.1262530088424683,1.1259993314743042,1.1262530088424683,0
2025-05-09 19:05:00+00:00,1.1258726119995117,1.1261261701583862,1.1258726119995117,1.1261261701583862,0
2025-05-09 19:10:00+00:00,1.1259993314743042,1.1259993314743042,1.1258726119995117,1.1259993314743042,0
2025-05-09 19:15:00+00:00,1.1257457733154297,1.1258726119995117,1.1257457733154297,1.1258726119995117,0
2025-05-09 19:20:00+00:00,1.1256190538406372,1.1257457733154297,1.1256190538406372,1.1257457733154297,0
2025-05-09 19:25:00+00:00,1.1253657341003418,1.1254924535751343,1.1252391338348389,1.1254924535751343,0
2025-05-09 19:30:00+00:00,1.1253657341003418,1.1253657341003418,1.1252391338348389,1.1252391338348389,0
2025-05-09 19:35:00+00:00,1.1256190538406372,1.1256190538406372,1.1252391338348389,1.1254924535751343,0
2025-05-09 19:40:00+00:00,1.1254924535751343,1.1256190538406372,1.1254924535751343,1.1254924535751343,0
2025-05-09 19:45:00+00:00,1.1253657341003418,1.1256190538406372,1.1253657341003418,1.1254924535751343,0
2025-05-09 19:50:00+00:00,1.1256190538406372,1.1256190538406372,1.1254924535751343,1.1254924535751343,0
2025-05-09 19:55:00+00:00,1.1259993314743042,1.1259993314743042,1.1256190538406372,1.1256190538406372,0
2025-05-09 20:00:00+00:00,1.1258726119995117,1.1258726119995117,1.1258726119995117,1.1258726119995117,0
2025-05-09 20:05:00+00:00,1.1258726119995117,1.1259993314743042,1.1258726119995117,1.1258726119995117,0
2025-05-09 20:10:00+00:00,1.1256190538406372,1.1259993314743042,1.1256190538406372,1.1259993314743042,0
2025-05-09 20:15:00+00:00,1.1258726119995117,1.1258726119995117,1.1256190538406372,1.1256190538406372,0
2025-05-09 20:20:00+00:00,1.1256190538406372,1.1257457733154297,1.1256190538406372,1.1257457733154297,0
2025-05-09 20:25:00+00:00,1.1253657341003418,1.1254924535751343,1.1253657341003418,1.1254924535751343,0
2025-05-09 20:30:00+00:00,1.1253657341003418,1.1253657341003418,1.1253657341003418,1.1253657341003418,0
2025-05-09 20:35:00+00:00,1.1253657341003418,1.1253657341003418,1.1253657341003418,1.1253657341003418,0
2025-05-09 20:40:00+00:00,1.1253657341003418,1.1253657341003418,1.1253657341003418,1.1253657341003418,0
2025-05-09 20:45:00+00:00,1.1252391338348389,1.1253657341003418,1.125112533569336,1.1253657341003418,0
2025-05-09 20:50:00+00:00,1.125112533569336,1.1252391338348389,1.125112533569336,1.1252391338348389,0
2025-05-09 20:55:00+00:00,1.1253657341003418,1.1253657341003418,1.125112533569336,1.125112533569336,0
2025-05-09 21:00:00+00:00,1.124985933303833,1.124985933303833,1.124985933303833,1.124985933303833,0
2025-05-09 21:05:00+00:00,1.124985933303833,1.124985933303833,1.124985933303833,1.124985933303833,0
2025-05-09 21:10:00+00:00,1.124985933303833,1.124985933303833,1.124985933303833,1.124985933303833,0
2025-05-09 21:15:00+00:00,1.124985933303833,1.124985933303833,1.124985933303833,1.124985933303833,0
2025-05-09 21:20:00+00:00,1.124985933303833,1.124985933303833,1.124985933303833,1.124985933303833,0
2025-05-09 21:25:00+00:00,1.124985933303833,1.124985933303833,1.124985933303833,1.124985933303833,0
2025-05-11 23:00:00+00:00,1.12296462059021,1.12296462059021,1.12271249294281,1.12296462059021,0
2025-05-11 23:05:00+00:00,1.1230907440185547,1.1230907440185547,1.1228384971618652,1.1228384971618652,0
2025-05-11 23:10:00+00:00,1.123721718788147,1.123721718788147,1.1232168674468994,1.1232168674468994,0
2025-05-11 23:15:00+00:00,1.1233429908752441,1.123721718788147,1.1233429908752441,1.123721718788147,0
2025-05-11 23:20:00+00:00,1.1230907440185547,1.1234692335128784,1.12296462059021,1.1234692335128784,0
2025-05-11 23:25:00+00:00,1.1234692335128784,1.1234692335128784,1.1232168674468994,1.1232168674468994,0
2025-05-11 23:30:00+00:00,1.1234692335128784,1.1235954761505127,1.1234692335128784,1.1234692335128784,0
2025-05-11 23:35:00+00:00,1.1238480806350708,1.1238480806350708,1.1234692335128784,1.1234692335128784,0
2025-05-11 23:40:00+00:00,1.1235954761505127,1.1238480806350708,1.1235954761505127,1.1238480806350708,0
2025-05-11 23:45:00+00:00,1.1230907440185547,1.1234692335128784,1.12296462059021,1.1234692335128784,0
2025-05-11 23:50:00+00:00,1.1232168674468994,1.1233429908752441,1.1232168674468994,1.1232168674468994,0
2025-05-11 23:55:00+00:00,1.1230907440185547,1.1235954761505127,1.1230907440185547,1.1233429908752441,0
2025-05-12 00:00:00+00:00,1.1238480806350708,1.1238480806350708,1.1233429908752441,1.1233429908752441,0
2025-05-12 00:05:00+00:00,1.123974323272705,1.123974323272705,1.1235954761505127,1.123721718788147,0
2025-05-12 00:10:00+00:00,1.123974323272705,1.1241008043289185,1.1238480806350708,1.123974323272705,0
2025-05-12 00:15:00+00:00,1.1233429908752441,1.123974323272705,1.1233429908752441,1.123974323272705,0
2025-05-12 00:20:00+00:00,1.1232168674468994,1.1232168674468994,1.1228384971618652,1.1230907440185547,0
2025-05-12 00:25:00+00:00,1.1234692335128784,1.1235954761505127,1.1233429908752441,1.1233429908752441,0
2025-05-12 00:30:00+00:00,1.123721718788147,1.123721718788147,1.1235954761505127,1.1235954761505127,0
2025-05-12 00:35:00+00:00,1.123721718788147,1.123721718788147,1.1232168674468994,1.1232168674468994,0
2025-05-12 00:40:00+00:00,1.123974323272705,1.123974323272705,1.123721718788147,1.1238480806350708,0
2025-05-12 00:45:00+00:00,1.1241008043289185,1.1241008043289185,1.123721718788147,1.123721718788147,0
2025-05-12 00:50:00+00:00,1.1234692335128784,1.1241008043289185,1.1234692335128784,1.123974323272705,0
2025-05-12 00:55:00+00:00,1.1241008043289185,1.1241008043289185,1.1235954761505127,1.1235954761505127,0
2025-05-12 01:00:00+00:00,1.1243535280227661,1.1243535280227661,1.1242270469665527,1.1243535280227661,0
2025-05-12 01:05:00+00:00,1.123974323272705,1.12447988986969,1.123974323272705,1.12447988986969,0
2025-05-12 01:10:00+00:00,1.1233429908752441,1.123974323272705,1.1233429908752441,1.123974323272705,0
2025-05-12 01:15:00+00:00,1.1233429908752441,1.123721718788147,1.1233429908752441,1.1235954761505127,0
2025-05-12 01:20:00+00:00,1.1228384971618652,1.1230907440185547,1.1228384971618652,1.1228384971618652,0
2025-05-12 01:25:00+00:00,1.1228384971618652,1.12296462059021,1.12271249294281,1.1228384971618652,0
2025-05-12 01:30:00+00:00,1.12296462059021,1.1230907440185547,1.12271249294281,1.12271249294281,0
2025-05-12 01:35:00+00:00,1.12296462059021,1.12296462059021,1.12271249294281,1.1228384971618652,0
2025-05-12 01:40:00+00:00,1.1234692335128784,1.1234692335128784,1.1230907440185547,1.1230907440185547,0
2025-05-12 01:45:00+00:00,1.1233429908752441,1.1233429908752441,1.1230907440185547,1.1233429908752441,0
2025-05-12 01:50:00+00:00,1.1230907440185547,1.1232168674468994,1.1230907440185547,1.1232168674468994,0
2025-05-12 01:55:00+00:00,1.12296462059021,1.1230907440185547,1.1228384971618652,1.1230907440185547,0
2025-05-12 02:00:00+00:00,1.1233429908752441,1.1234692335128784,1.12296462059021,1.12296462059021,0
2025-05-12 02:05:00+00:00,1.1230907440185547,1.1232168674468994,1.1230907440185547,1.1232168674468994,0
2025-05-12 02:10:00+00:00,1.1235954761505127,1.1235954761505127,1.1230907440185547,1.1230907440185547,0
2025-05-12 02:15:00+00:00,1.1235954761505127,1.123721718788147,1.1235954761505127,1.123721718788147,0
2025-05-12 02:20:00+00:00,1.123974323272705,1.123974323272705,1.1234692335128784,1.1234692335128784,0
2025-05-12 02:25:00+00:00,1.1241008043289185,1.1241008043289185,1.1238480806350708,1.1238480806350708,0
2025-05-12 02:30:00+00:00,1.1238480806350708,1.1241008043289185,1.1238480806350708,1.1241008043289185,0
2025-05-12 02:35:00+00:00,1.1235954761505127,1.123721718788147,1.1235954761505127,1.123721718788147,0
2025-05-12 02:40:00+00:00,1.1235954761505127,1.123721718788147,1.1235954761505127,1.1235954761505127,0
2025-05-12 02:45:00+00:00,1.1234692335128784,1.1235954761505127,1.1234692335128784,1.1235954761505127,0
2025-05-12 02:50:00+00:00,1.1232168674468994,1.1233429908752441,1.1230907440185547,1.1233429908752441,0
2025-05-12 02:55:00+00:00,1.1232168674468994,1.1232168674468994,1.1232168674468994,1.1232168674468994,0
2025-05-12 03:00:00+00:00,1.1233429908752441,1.1234692335128784,1.1233429908752441,1.1233429908752441,0
2025-05-12 03:05:00+00:00,1.123721718788147,1.123721718788147,1.1233429908752441,1.1233429908752441,0
2025-05-12 03:10:00+00:00,1.1233429908752441,1.1235954761505127,1.1233429908752441,1.1235954761505127,0
2025-05-12 03:15:00+00:00,1.1228384971618652,1.1232168674468994,1.1228384971618652,1.1232168674468994,0
2025-05-12 03:20:00+00:00,1.12296462059021,1.1230907440185547,1.1228384971618652,1.1228384971618652,0
2025-05-12 03:25:00+00:00,1.1232168674468994,1.1232168674468994,1.1230907440185547,1.1230907440185547,0
2025-05-12 03:30:00+00:00,1.1233429908752441,1.1234692335128784,1.1233429908752441,1.1234692335128784,0
2025-05-12 03:35:00+00:00,1.1230907440185547,1.1233429908752441,1.1230907440185547,1.1233429908752441,0
2025-05-12 03:40:00+00:00,1.1230907440185547,1.1230907440185547,1.12296462059021,1.12296462059021,0
2025-05-12 03:45:00+00:00,1.1232168674468994,1.1233429908752441,1.1230907440185547,1.1230907440185547,0
2025-05-12 03:50:00+00:00,1.1234692335128784,1.1234692335128784,1.1233429908752441,1.1233429908752441,0
2025-05-12 03:55:00+00:00,1.1235954761505127,1.123721718788147,1.1234692335128784,1.1235954761505127,0
2025-05-12 04:00:00+00:00,1.1234692335128784,1.1235954761505127,1.1234692335128784,1.1234692335128784,0
2025-05-12 04:05:00+00:00,1.1234692335128784,1.123721718788147,1.1234692335128784,1.1235954761505127,0
2025-05-12 04:10:00+00:00,1.1235954761505127,1.123721718788147,1.1233429908752441,1.1233429908752441,0
2025-05-12 04:15:00+00:00,1.1234692335128784,1.1235954761505127,1.1234692335128784,1.1235954761505127,0
2025-05-12 04:20:00+00:00,1.1233429908752441,1.1233429908752441,1.1233429908752441,1.1233429908752441,0
2025-05-12 04:25:00+00:00,1.1233429908752441,1.1233429908752441,1.1232168674468994,1.1232168674468994,0
2025-05-12 04:30:00+00:00,1.1232168674468994,1.1233429908752441,1.1232168674468994,1.1232168674468994,0
2025-05-12 04:35:00+00:00,1.12296462059021,1.1233429908752441,1.12296462059021,1.1233429908752441,0
2025-05-12 04:40:00+00:00,1.1230907440185547,1.1230907440185547,1.12296462059021,1.1230907440185547,0
2025-05-12 04:45:00+00:00,1.1230907440185547,1.1232168674468994,1.1230907440185547,1.1232168674468994,0
2025-05-12 04:50:00+00:00,1.1232168674468994,1.1232168674468994,1.1230907440185547,1.1230907440185547,0
2025-05-12 04:55:00+00:00,1.1230907440185547,1.1230907440185547,1.12296462059021,1.1230907440185547,0
2025-05-12 05:00:00+00:00,1.1232168674468994,1.1232168674468994,1.1230907440185547,1.1230907440185547,0
2025-05-12 05:05:00+00:00,1.1232168674468994,1.1233429908752441,1.1232168674468994,1.1232168674468994,0
2025-05-12 05:10:00+00:00,1.12271249294281,1.12296462059021,1.1225864887237549,1.12296462059021,0
2025-05-12 05:15:00+00:00,1.1225864887237549,1.1225864887237549,1.1224603652954102,1.1225864887237549,0
2025-05-12 05:20:00+00:00,1.12271249294281,1.1228384971618652,1.12271249294281,1.12271249294281,0
2025-05-12 05:25:00+00:00,1.1225864887237549,1.1225864887237549,1.1224603652954102,1.1225864887237549,0
2025-05-12 05:30:00+00:00,1.1223344802856445,1.1223344802856445,1.1223344802856445,1.1223344802856445,0
2025-05-12 05:35:00+00:00,1.1223344802856445,1.1224603652954102,1.1222084760665894,1.1223344802856445,0
2025-05-12 05:40:00+00:00,1.1223344802856445,1.1223344802856445,1.1220825910568237,1.1223344802856445,0
2025-05-12 05:45:00+00:00,1.121956706047058,1.1222084760665894,1.1217050552368164,1.1222084760665894,0
2025-05-12 05:50:00+00:00,1.121956706047058,1.1222084760665894,1.121956706047058,1.1220825910568237,0
2025-05-12 05:55:00+00:00,1.1225864887237549,1.12271249294281,1.1220825910568237,1.1220825910568237,0
2025-05-12 06:00:00+00:00,1.12296462059021,1.1230907440185547,1.1228384971618652,1.1228384971618652,0
2025-05-12 06:05:00+00:00,1.1232168674468994,1.1232168674468994,1.12296462059021,1.1230907440185547,0
2025-05-12 06:10:00+00:00,1.123721718788147,1.123721718788147,1.1232168674468994,1.1232168674468994,0
2025-05-12 06:15:00+00:00,1.1234692335128784,1.1235954761505127,1.1233429908752441,1.1235954761505127,0
2025-05-12 06:20:00+00:00,1.1232168674468994,1.1233429908752441,1.1232168674468994,1.1233429908752441,0
2025-05-12 06:25:00+00:00,1.1230907440185547,1.1232168674468994,1.1230907440185547,1.1232168674468994,0
2025-05-12 06:30:00+00:00,1.1232168674468994,1.123721718788147,1.12296462059021,1.12296462059021,0
2025-05-12 06:35:00+00:00,1.1225864887237549,1.1233429908752441,1.1225864887237549,1.1233429908752441,0
2025-05-12 06:40:00+00:00,1.121956706047058,1.1225864887237549,1.121956706047058,1.1225864887237549,0
2025-05-12 06:45:00+00:00,1.1223344802856445,1.1223344802856445,1.1220825910568237,1.1222084760665894,0
2025-05-12 06:50:00+00:00,1.1222084760665894,1.1225864887237549,1.1222084760665894,1.1224603652954102,0
2025-05-12 06:55:00+00:00,1.1222084760665894,1.1224603652954102,1.1222084760665894,1.1222084760665894,0
2025-05-12 07:00:00+00:00,1.11831796169281,1.1198208332061768,1.11831796169281,1.1198208332061768,0
2025-05-12 07:05:00+00:00,1.118943691253662,1.1195701360702515,1.1188185214996338,1.11906898021698,0
2025-05-12 07:10:00+00:00,1.1161960363388062,1.1185681819915771,1.1161960363388062,1.1185681819915771,0
2025-05-12 07:15:00+00:00,1.1161960363388062,1.1165698766708374,1.115946888923645,1.1161960363388062,0
2025-05-12 07:20:00+00:00,1.1147029399871826,1.1154489517211914,1.1143302917480469,1.1153244972229004,0
2025-05-12 07:25:00+00:00,1.1114816665649414,1.113709807395935,1.1114816665649414,1.113709807395935,0
2025-05-12 07:30:00+00:00,1.1124708652496338,1.1134617328643799,1.1118524074554443,1.1118524074554443,0
2025-05-12 07:35:00+00:00,1.1125946044921875,1.1127183437347412,1.1120996475219727,1.1127183437347412,0
2025-05-12 07:40:00+00:00,1.1106175184249878,1.1127183437347412,1.1106175184249878,1.1123470067977905,0
2025-05-12 07:45:00+00:00,1.1113580465316772,1.1113580465316772,1.1104941368103027,1.1112345457077026,0
2025-05-12 07:50:00+00:00,1.1107407808303833,1.1114816665649414,1.1106175184249878,1.1114816665649414,0
2025-05-12 07:55:00+00:00,1.110864281654358,1.110864281654358,1.1102476119995117,1.1104941368103027,0
2025-05-12 08:00:00+00:00,1.1118524074554443,1.1118524074554443,1.110864281654358,1.110864281654358,0
2025-05-12 08:05:00+00:00,1.1104941368103027,1.111605167388916,1.1104941368103027,1.111605167388916,0
2025-05-12 08:10:00+00:00,1.1092623472213745,1.1113580465316772,1.1092623472213745,1.110987663269043,0
2025-05-12 08:15:00+00:00,1.1103708744049072,1.1103708744049072,1.1098779439926147,1.1101243495941162,0
2025-05-12 08:20:00+00:00,1.1117286682128906,1.1117286682128906,1.1101243495941162,1.1101243495941162,0
2025-05-12 08:25:00+00:00,1.111605167388916,1.111605167388916,1.1113580465316772,1.1114816665649414,0
2025-05-12 08:30:00+00:00,1.1120996475219727,1.1120996475219727,1.111605167388916,1.111605167388916,0
2025-05-12 08:35:00+00:00,1.1133378744125366,1.1133378744125366,1.1124708652496338,1.1124708652496338,0
2025-05-12 08:40:00+00:00,1.1132138967514038,1.1133378744125366,1.1128422021865845,1.1133378744125366,0
2025-05-12 08:45:00+00:00,1.1135857105255127,1.1135857105255127,1.1129660606384277,1.113089919090271,0
2025-05-12 08:50:00+00:00,1.1143302917480469,1.1143302917480469,1.113709807395935,1.113709807395935,0
2025-05-12 08:55:00+00:00,1.1140819787979126,1.1147029399871826,1.1140819787979126,1.1144545078277588,0
2025-05-12 09:00:00+00:00,1.1140819787979126,1.1143302917480469,1.113709807395935,1.1138337850570679,0
2025-05-12 09:05:00+00:00,1.1135857105255127,1.1144545078277588,1.1135857105255127,1.1142061948776245,0
2025-05-12 09:10:00+00:00,1.113089919090271,1.1135857105255127,1.113089919090271,1.1135857105255127,0
2025-05-12 09:15:00+00:00,1.1134617328643799,1.1134617328643799,1.113089919090271,1.1132138967514038,0
2025-05-12 09:20:00+00:00,1.1139578819274902,1.1142061948776245,1.113709807395935,1.113709807395935,0
2025-05-12 09:25:00+00:00,1.1142061948776245,1.1142061948776245,1.1139578819274902,1.1139578819274902,0
2025-05-12 09:30:00+00:00,1.1132138967514038,1.1139578819274902,1.1132138967514038,1.1139578819274902,0
2025-05-12 09:35:00+00:00,1.113089919090271,1.1139578819274902,1.113089919090271,1.1135857105255127,0
2025-05-12 09:40:00+00:00,1.1127183437347412,1.113089919090271,1.1127183437347412,1.1129660606384277,0
2025-05-12 09:45:00+00:00,1.1127183437347412,1.1129660606384277,1.1125946044921875,1.1129660606384277,0
2025-05-12 09:50:00+00:00,1.1124708652496338,1.113089919090271,1.1124708652496338,1.1128422021865845,0
2025-05-12 09:55:00+00:00,1.1122233867645264,1.1122233867645264,1.1119760274887085,1.1119760274887085,0
2025-05-12 10:00:00+00:00,1.1114816665649414,1.1117286682128906,1.1114816665649414,1.1117286682128906,0
2025-05-12 10:05:00+00:00,1.110864281654358,1.1114816665649414,1.110864281654358,1.1114816665649414,0
2025-05-12 10:10:00+00:00,1.110864281654358,1.110987663269043,1.110864281654358,1.110987663269043,0
2025-05-12 10:15:00+00:00,1.1101243495941162,1.1107407808303833,1.1097548007965088,1.1107407808303833,0
2025-05-12 10:20:00+00:00,1.109385371208191,1.1103708744049072,1.109385371208191,1.1103708744049072,0
2025-05-12 10:25:00+00:00,1.109385371208191,1.1096316576004028,1.109385371208191,1.1096316576004028,0
2025-05-12 10:30:00+00:00,1.1090162992477417,1.1096316576004028,1.1090162992477417,1.1096316576004028,0
2025-05-12 10:35:00+00:00,1.1085245609283447,1.1095085144042969,1.1085245609283447,1.1095085144042969,0
2025-05-12 10:40:00+00:00,1.1079105138778687,1.1086474657058716,1.1079105138778687,1.1086474657058716,0
2025-05-12 10:45:00+00:00,1.1082788705825806,1.1082788705825806,1.1075423955917358,1.1077877283096313,0
2025-05-12 10:50:00+00:00,1.1088933944702148,1.1088933944702148,1.1082788705825806,1.1085245609283447,0
2025-05-12 10:55:00+00:00,1.1085245609283447,1.1088933944702148,1.1085245609283447,1.1088933944702148,0
2025-05-12 11:00:00+00:00,1.1082788705825806,1.1085245609283447,1.1079105138778687,1.1079105138778687,0
2025-05-12 11:05:00+00:00,1.1087703704833984,1.1087703704833984,1.1084016561508179,1.1084016561508179,0
2025-05-12 11:10:00+00:00,1.1096316576004028,1.1096316576004028,1.1088933944702148,1.1088933944702148,0
2025-05-12 11:15:00+00:00,1.1102476119995117,1.1102476119995117,1.1097548007965088,1.1097548007965088,0
2025-05-12 11:20:00+00:00,1.1101243495941162,1.1102476119995117,1.1098779439926147,1.1102476119995117,0
2025-05-12 11:25:00+00:00,1.1100010871887207,1.1100010871887207,1.1095085144042969,1.1098779439926147,0
2025-05-12 11:30:00+00:00,1.1101243495941162,1.1101243495941162,1.1097548007965088,1.1097548007965088,0
2025-05-12 11:35:00+00:00,1.1095085144042969,1.1097548007965088,1.109385371208191,1.1097548007965088,0
2025-05-12 11:40:00+00:00,1.1104941368103027,1.1104941368103027,1.1096316576004028,1.1096316576004028,0
2025-05-12 11:45:00+00:00,1.1107407808303833,1.1107407808303833,1.1103708744049072,1.1106175184249878,0
2025-05-12 11:50:00+00:00,1.1114816665649414,1.1119760274887085,1.1111111640930176,1.1114816665649414,0
2025-05-12 11:55:00+00:00,1.1112345457077026,1.1118524074554443,1.1112345457077026,1.1118524074554443,0
2025-05-12 12:00:00+00:00,1.1113580465316772,1.1113580465316772,1.110864281654358,1.1112345457077026,0
2025-05-12 12:05:00+00:00,1.110987663269043,1.1112345457077026,1.110987663269043,1.1112345457077026,0
2025-05-12 12:10:00+00:00,1.110864281654358,1.110987663269043,1.1107407808303833,1.110987663269043,0
2025-05-12 12:15:00+00:00,1.1111111640930176,1.1111111640930176,1.110864281654358,1.110987663269043,0
2025-05-12 12:20:00+00:00,1.110864281654358,1.1113580465316772,1.110864281654358,1.1113580465316772,0
2025-05-12 12:25:00+00:00,1.1106175184249878,1.110864281654358,1.1106175184249878,1.110864281654358,0
2025-05-12 12:30:00+00:00,1.110987663269043,1.110987663269043,1.1103708744049072,1.1103708744049072,0
2025-05-12 12:35:00+00:00,1.1117286682128906,1.1118524074554443,1.1112345457077026,1.1112345457077026,0
2025-05-12 12:40:00+00:00,1.1120996475219727,1.1120996475219727,1.1117286682128906,1.1117286682128906,0
2025-05-12 12:45:00+00:00,1.1127183437347412,1.1128422021865845,1.1122233867645264,1.1122233867645264,0
2025-05-12 12:50:00+00:00,1.1119760274887085,1.1124708652496338,1.1119760274887085,1.1124708652496338,0
2025-05-12 12:55:00+00:00,1.111605167388916,1.1118524074554443,1.111605167388916,1.1118524074554443,0
2025-05-12 13:00:00+00:00,1.1117286682128906,1.1117286682128906,1.111605167388916,1.111605167388916,0
2025-05-12 13:05:00+00:00,1.1122233867645264,1.1124708652496338,1.1118524074554443,1.1118524074554443,0
2025-05-12 13:10:00+00:00,1.1124708652496338,1.1124708652496338,1.1120996475219727,1.1123470067977905,0
2025-05-12 13:15:00+00:00,1.1124708652496338,1.1128422021865845,1.1119760274887085,1.1119760274887085,0
2025-05-12 13:20:00+00:00,1.1128422021865845,1.1132138967514038,1.1128422021865845,1.1128422021865845,0
2025-05-12 13:25:00+00:00,1.1127183437347412,1.113089919090271,1.1127183437347412,1.113089919090271,0
2025-05-12 13:30:00+00:00,1.1132138967514038,1.1134617328643799,1.1127183437347412,1.1127183437347412,0
2025-05-12 13:35:00+00:00,1.1129660606384277,1.1134617328643799,1.1129660606384277,1.1134617328643799,0
2025-05-12 13:40:00+00:00,1.1127183437347412,1.1133378744125366,1.1127183437347412,1.1133378744125366,0
2025-05-12 13:45:00+00:00,1.1127183437347412,1.1129660606384277,1.1127183437347412,1.1129660606384277,0
2025-05-12 13:50:00+00:00,1.1120996475219727,1.1123470067977905,1.1120996475219727,1.1123470067977905,0
2025-05-12 13:55:00+00:00,1.1123470067977905,1.1123470067977905,1.1118524074554443,1.1122233867645264,0
2025-05-12 14:00:00+00:00,1.1124708652496338,1.1124708652496338,1.1118524074554443,1.1120996475219727,0
2025-05-12 14:05:00+00:00,1.1133378744125366,1.1133378744125366,1.1124708652496338,1.1124708652496338,0
2025-05-12 14:10:00+00:00,1.1122233867645264,1.113089919090271,1.1122233867645264,1.1128422021865845,0
2025-05-12 14:15:00+00:00,1.1124708652496338,1.1125946044921875,1.1124708652496338,1.1125946044921875,0
2025-05-12 14:20:00+00:00,1.1112345457077026,1.1122233867645264,1.1112345457077026,1.1122233867645264,0
2025-05-12 14:25:00+00:00,1.1119760274887085,1.1119760274887085,1.1114816665649414,1.1114816665649414,0
2025-05-12 14:30:00+00:00,1.1123470067977905,1.1123470067977905,1.111605167388916,1.111605167388916,0
2025-05-12 14:35:00+00:00,1.1134617328643799,1.1135857105255127,1.1125946044921875,1.1125946044921875,0
2025-05-12 14:40:00+00:00,1.1129660606384277,1.1134617328643799,1.1127183437347412,1.1132138967514038,0
2025-05-12 14:45:00+00:00,1.1127183437347412,1.1128422021865845,1.1125946044921875,1.1127183437347412,0
2025-05-12 14:50:00+00:00,1.1111111640930176,1.1122233867645264,1.1111111640930176,1.1122233867645264,0
2025-05-12 14:55:00+00:00,1.1114816665649414,1.111605167388916,1.1111111640930176,1.111605167388916,0
2025-05-12 15:00:00+00:00,1.1119760274887085,1.1120996475219727,1.1113580465316772,1.1113580465316772,0
2025-05-12 15:05:00+00:00,1.1125946044921875,1.1127183437347412,1.1123470067977905,1.1123470067977905,0
2025-05-12 15:10:00+00:00,1.1124708652496338,1.1124708652496338,1.1119760274887085,1.1123470067977905,0
2025-05-12 15:15:00+00:00,1.1119760274887085,1.1120996475219727,1.1119760274887085,1.1119760274887085,0
2025-05-12 15:20:00+00:00,1.1120996475219727,1.1125946044921875,1.1120996475219727,1.1123470067977905,0
2025-05-12 15:25:00+00:00,1.1120996475219727,1.1123470067977905,1.1120996475219727,1.1123470067977905,0
2025-05-12 15:30:00+00:00,1.1117286682128906,1.1120996475219727,1.1114816665649414,1.1120996475219727,0
2025-05-12 15:35:00+00:00,1.1114816665649414,1.1114816665649414,1.1113580465316772,1.1113580465316772,0
2025-05-12 15:40:00+00:00,1.110987663269043,1.1113580465316772,1.110987663269043,1.1112345457077026,0
2025-05-12 15:45:00+00:00,1.110864281654358,1.1111111640930176,1.1107407808303833,1.110987663269043,0
2025-05-12 15:50:00+00:00,1.1104941368103027,1.110987663269043,1.1104941368103027,1.110987663269043,0
2025-05-12 15:55:00+00:00,1.1107407808303833,1.1107407808303833,1.1104941368103027,1.1106175184249878,0
2025-05-12 16:00:00+00:00,1.1111111640930176,1.1113580465316772,1.110987663269043,1.110987663269043,0
2025-05-12 16:05:00+00:00,1.1112345457077026,1.1112345457077026,1.110987663269043,1.1111111640930176,0
2025-05-12 16:10:00+00:00,1.1107407808303833,1.1112345457077026,1.1107407808303833,1.1111111640930176,0
2025-05-12 16:15:00+00:00,1.1104941368103027,1.110987663269043,1.1104941368103027,1.110987663269043,0
2025-05-12 16:20:00+00:00,1.1104941368103027,1.1104941368103027,1.1101243495941162,1.1103708744049072,0
2025-05-12 16:25:00+00:00,1.1098779439926147,1.1103708744049072,1.1098779439926147,1.1103708744049072,0
2025-05-12 16:30:00+00:00,1.1097548007965088,1.1098779439926147,1.1096316576004028,1.1098779439926147,0
2025-05-12 16:35:00+00:00,1.1098779439926147,1.1098779439926147,1.1096316576004028,1.1098779439926147,0
2025-05-12 16:40:00+00:00,1.1104941368103027,1.1104941368103027,1.1098779439926147,1.1098779439926147,0
2025-05-12 16:45:00+00:00,1.1096316576004028,1.1103708744049072,1.1096316576004028,1.1103708744049072,0
2025-05-12 16:50:00+00:00,1.109139323234558,1.1097548007965088,1.109139323234558,1.1095085144042969,0
2025-05-12 16:55:00+00:00,1.1087703704833984,1.1092623472213745,1.1087703704833984,1.1092623472213745,0
2025-05-12 17:00:00+00:00,1.1087703704833984,1.1090162992477417,1.1087703704833984,1.1088933944702148,0
2025-05-12 17:05:00+00:00,1.1085245609283447,1.109139323234558,1.1085245609283447,1.109139323234558,0
2025-05-12 17:10:00+00:00,1.1087703704833984,1.1087703704833984,1.1086474657058716,1.1087703704833984,0
2025-05-12 17:15:00+00:00,1.1086474657058716,1.1086474657058716,1.1085245609283447,1.1086474657058716,0
2025-05-12 17:20:00+00:00,1.1084016561508179,1.1086474657058716,1.1084016561508179,1.1086474657058716,0
2025-05-12 17:25:00+00:00,1.1084016561508179,1.1086474657058716,1.1084016561508179,1.1084016561508179,0
2025-05-12 17:30:00+00:00,1.1079105138778687,1.1081559658050537,1.1077877283096313,1.1081559658050537,0
2025-05-12 17:35:00+00:00,1.1076650619506836,1.1079105138778687,1.1076650619506836,1.1079105138778687,0
2025-05-12 17:40:00+00:00,1.1082788705825806,1.1082788705825806,1.1077877283096313,1.1077877283096313,0
2025-05-12 17:45:00+00:00,1.1081559658050537,1.1082788705825806,1.1079105138778687,1.1082788705825806,0
2025-05-12 17:50:00+00:00,1.1081559658050537,1.1084016561508179,1.1081559658050537,1.1082788705825806,0
2025-05-12 17:55:00+00:00,1.1082788705825806,1.1082788705825806,1.1079105138778687,1.1082788705825806,0
2025-05-12 18:00:00+00:00,1.108033299446106,1.1082788705825806,1.108033299446106,1.1082788705825806,0
2025-05-12 18:05:00+00:00,1.1075423955917358,1.1079105138778687,1.1075423955917358,1.1079105138778687,0
2025-05-12 18:10:00+00:00,1.1076650619506836,1.1076650619506836,1.1075423955917358,1.1075423955917358,0
2025-05-12 18:15:00+00:00,1.1071745157241821,1.1075423955917358,1.1071745157241821,1.1075423955917358,0
2025-05-12 18:20:00+00:00,1.1071745157241821,1.1075423955917358,1.1071745157241821,1.1072970628738403,0
2025-05-12 18:25:00+00:00,1.1071745157241821,1.1072970628738403,1.1071745157241821,1.1071745157241821,0
2025-05-12 18:30:00+00:00,1.1072970628738403,1.1072970628738403,1.107051968574524,1.1071745157241821,0
2025-05-12 18:35:00+00:00,1.1075423955917358,1.1075423955917358,1.1071745157241821,1.107419729232788,0
2025-05-12 18:40:00+00:00,1.108033299446106,1.108033299446106,1.1077877283096313,1.1077877283096313,0
2025-05-12 18:45:00+00:00,1.1084016561508179,1.1084016561508179,1.1081559658050537,1.1081559658050537,0
2025-05-12 18:50:00+00:00,1.109139323234558,1.109139323234558,1.1086474657058716,1.1086474657058716,0
2025-05-12 18:55:00+00:00,1.1092623472213745,1.109385371208191,1.1090162992477417,1.109385371208191,0
2025-05-12 19:00:00+00:00,1.1090162992477417,1.109385371208191,1.1090162992477417,1.109385371208191,0
2025-05-12 19:05:00+00:00,1.1088933944702148,1.1088933944702148,1.1086474657058716,1.1088933944702148,0
2025-05-12 19:10:00+00:00,1.109385371208191,1.109385371208191,1.1086474657058716,1.1086474657058716,0
2025-05-12 19:15:00+00:00,1.1097548007965088,1.1097548007965088,1.109385371208191,1.109385371208191,0
2025-05-12 19:20:00+00:00,1.1096316576004028,1.1098779439926147,1.1096316576004028,1.1097548007965088,0
2025-05-12 19:25:00+00:00,1.1095085144042969,1.1097548007965088,1.1095085144042969,1.1097548007965088,0
2025-05-12 19:30:00+00:00,1.1097548007965088,1.1097548007965088,1.1095085144042969,1.1095085144042969,0
2025-05-12 19:35:00+00:00,1.1098779439926147,1.1098779439926147,1.1098779439926147,1.1098779439926147,0
2025-05-12 19:40:00+00:00,1.1095085144042969,1.1098779439926147,1.1095085144042969,1.1098779439926147,0
2025-05-12 19:45:00+00:00,1.109139323234558,1.1092623472213745,1.109139323234558,1.1092623472213745,0
2025-05-12 19:50:00+00:00,1.109385371208191,1.109385371208191,1.1088933944702148,1.1090162992477417,0
2025-05-12 19:55:00+00:00,1.1095085144042969,1.1095085144042969,1.1092623472213745,1.109385371208191,0
2025-05-12 20:00:00+00:00,1.109139323234558,1.1095085144042969,1.109139323234558,1.1095085144042969,0
2025-05-12 20:05:00+00:00,1.109385371208191,1.109385371208191,1.1092623472213745,1.109385371208191,0
2025-05-12 20:10:00+00:00,1.1097548007965088,1.1097548007965088,1.109385371208191,1.109385371208191,0
2025-05-12 20:15:00+00:00,1.1095085144042969,1.1097548007965088,1.1095085144042969,1.1097548007965088,0
2025-05-12 20:20:00+00:00,1.109385371208191,1.1096316576004028,1.109385371208191,1.1096316576004028,0
2025-05-12 20:25:00+00:00,1.1095085144042969,1.1096316576004028,1.109385371208191,1.1096316576004028,0
2025-05-12 20:30:00+00:00,1.1095085144042969,1.1096316576004028,1.1095085144042969,1.1095085144042969,0
2025-05-12 20:35:00+00:00,1.1092623472213745,1.109385371208191,1.1092623472213745,1.109385371208191,0
2025-05-12 20:40:00+00:00,1.1092623472213745,1.109385371208191,1.1092623472213745,1.109385371208191,0
2025-05-12 20:45:00+00:00,1.1092623472213745,1.109385371208191,1.1092623472213745,1.1092623472213745,0
2025-05-12 20:50:00+00:00,1.109139323234558,1.1092623472213745,1.109139323234558,1.1092623472213745,0
2025-05-12 20:55:00+00:00,1.1090162992477417,1.109139323234558,1.1090162992477417,1.109139323234558,0
2025-05-12 21:00:00+00:00,1.1095085144042969,1.1101243495941162,1.1086474657058716,1.1086474657058716,0
2025-05-12 21:05:00+00:00,1.1095085144042969,1.1095085144042969,1.1095085144042969,1.1095085144042969,0
2025-05-12 21:10:00+00:00,1.109385371208191,1.1096316576004028,1.109385371208191,1.109385371208191,0
2025-05-12 21:15:00+00:00,1.1092623472213745,1.109385371208191,1.1092623472213745,1.109385371208191,0
2025-05-12 21:20:00+00:00,1.1092623472213745,1.109385371208191,1.1090162992477417,1.109385371208191,0
2025-05-12 21:25:00+00:00,1.109139323234558,1.109139323234558,1.1090162992477417,1.109139323234558,0
2025-05-12 21:30:00+00:00,1.1090162992477417,1.1092623472213745,1.1090162992477417,1.1092623472213745,0
2025-05-12 21:35:00+00:00,1.109139323234558,1.1092623472213745,1.1090162992477417,1.1090162992477417,0
2025-05-12 21:40:00+00:00,1.109139323234558,1.109139323234558,1.1090162992477417,1.1090162992477417,0
2025-05-12 21:45:00+00:00,1.109139323234558,1.1092623472213745,1.1090162992477417,1.1090162992477417,0
2025-05-12 21:50:00+00:00,1.109139323234558,1.109139323234558,1.1090162992477417,1.109139323234558,0
2025-05-12 21:55:00+00:00,1.109385371208191,1.1095085144042969,1.1092623472213745,1.1095085144042969,0
2025-05-12 22:00:00+00:00,1.1095085144042969,1.1097548007965088,1.109139323234558,1.109139323234558,0
2025-05-12 22:05:00+00:00,1.1095085144042969,1.1095085144042969,1.1095085144042969,1.1095085144042969,0
2025-05-12 22:10:00+00:00,1.1096316576004028,1.1096316576004028,1.1095085144042969,1.1096316576004028,0
2025-05-12 22:15:00+00:00,1.1095085144042969,1.1097548007965088,1.109385371208191,1.1097548007965088,0
2025-05-12 22:20:00+00:00,1.109385371208191,1.1095085144042969,1.109385371208191,1.109385371208191,0
2025-05-12 22:25:00+00:00,1.109385371208191,1.109385371208191,1.109385371208191,1.109385371208191,0
2025-05-12 22:30:00+00:00,1.1095085144042969,1.1096316576004028,1.1095085144042969,1.1095085144042969,0
2025-05-12 22:35:00+00:00,1.1096316576004028,1.1096316576004028,1.1095085144042969,1.1096316576004028,0
2025-05-12 22:40:00+00:00,1.1096316576004028,1.1097548007965088,1.1096316576004028,1.1097548007965088,0
2025-05-12 22:45:00+00:00,1.1095085144042969,1.1095085144042969,1.109385371208191,1.1095085144042969,0
2025-05-12 22:50:00+00:00,1.1095085144042969,1.1095085144042969,1.109385371208191,1.1095085144042969,0
2025-05-12 22:55:00+00:00,1.1096316576004028,1.1096316576004028,1.1096316576004028,1.1096316576004028,0
2025-05-12 23:00:00+00:00,1.109385371208191,1.1096316576004028,1.109385371208191,1.1096316576004028,0
2025-05-12 23:05:00+00:00,1.1095085144042969,1.1095085144042969,1.1092623472213745,1.1092623472213745,0
2025-05-12 23:10:00+00:00,1.1096316576004028,1.1096316576004028,1.109385371208191,1.109385371208191,0
2025-05-12 23:15:00+00:00,1.1096316576004028,1.1096316576004028,1.1095085144042969,1.1095085144042969,0
2025-05-12 23:20:00+00:00,1.1092623472213745,1.1097548007965088,1.1092623472213745,1.1097548007965088,0
2025-05-12 23:25:00+00:00,1.1095085144042969,1.1096316576004028,1.109385371208191,1.109385371208191,0
2025-05-12 23:30:00+00:00,1.1097548007965088,1.1097548007965088,1.1095085144042969,1.1095085144042969,0
2025-05-12 23:35:00+00:00,1.1098779439926147,1.1100010871887207,1.1098779439926147,1.1098779439926147,0
2025-05-12 23:40:00+00:00,1.1100010871887207,1.1100010871887207,1.1097548007965088,1.1097548007965088,0
2025-05-12 23:45:00+00:00,1.1101243495941162,1.1102476119995117,1.1101243495941162,1.1102476119995117,0
2025-05-12 23:50:00+00:00,1.1097548007965088,1.1101243495941162,1.1097548007965088,1.1101243495941162,0
2025-05-12 23:55:00+00:00,1.1098779439926147,1.1098779439926147,1.1097548007965088,1.1097548007965088,0
2025-05-13 00:00:00+00:00,1.1101243495941162,1.1101243495941162,1.1100010871887207,1.1100010871887207,0
2025-05-13 00:05:00+00:00,1.1107407808303833,1.1107407808303833,1.1103708744049072,1.1103708744049072,0
2025-05-13 00:10:00+00:00,1.110864281654358,1.110864281654358,1.1106175184249878,1.1107407808303833,0
2025-05-13 00:15:00+00:00,1.110864281654358,1.110864281654358,1.1104941368103027,1.1104941368103027,0
2025-05-13 00:20:00+00:00,1.1103708744049072,1.1107407808303833,1.1103708744049072,1.1107407808303833,0
2025-05-13 00:25:00+00:00,1.1103708744049072,1.1103708744049072,1.1102476119995117,1.1103708744049072,0
2025-05-13 00:30:00+00:00,1.1104941368103027,1.1107407808303833,1.1103708744049072,1.1103708744049072,0
2025-05-13 00:35:00+00:00,1.1103708744049072,1.1104941368103027,1.1103708744049072,1.1104941368103027,0
2025-05-13 00:40:00+00:00,1.1104941368103027,1.1106175184249878,1.1103708744049072,1.1104941368103027,0
2025-05-13 00:45:00+00:00,1.1102476119995117,1.1106175184249878,1.1102476119995117,1.1106175184249878,0
2025-05-13 00:50:00+00:00,1.1104941368103027,1.1104941368103027,1.1102476119995117,1.1102476119995117,0
2025-05-13 00:55:00+00:00,1.110864281654358,1.110864281654358,1.1106175184249878,1.1106175184249878,0
2025-05-13 01:00:00+00:00,1.1106175184249878,1.110864281654358,1.1104941368103027,1.1106175184249878,0
2025-05-13 01:05:00+00:00,1.1106175184249878,1.110987663269043,1.1106175184249878,1.1106175184249878,0
2025-05-13 01:10:00+00:00,1.1106175184249878,1.1106175184249878,1.1104941368103027,1.1104941368103027,0
2025-05-13 01:15:00+00:00,1.1111111640930176,1.1111111640930176,1.110864281654358,1.110987663269043,0
2025-05-13 01:20:00+00:00,1.110987663269043,1.110987663269043,1.1107407808303833,1.110987663269043,0
2025-05-13 01:25:00+00:00,1.1106175184249878,1.110987663269043,1.1106175184249878,1.110987663269043,0
2025-05-13 01:30:00+00:00,1.1104941368103027,1.1104941368103027,1.1103708744049072,1.1103708744049072,0
2025-05-13 01:35:00+00:00,1.1107407808303833,1.1107407808303833,1.1104941368103027,1.1104941368103027,0
2025-05-13 01:40:00+00:00,1.1106175184249878,1.110987663269043,1.1106175184249878,1.110987663269043,0
2025-05-13 01:45:00+00:00,1.110864281654358,1.110987663269043,1.1107407808303833,1.1107407808303833,0
2025-05-13 01:50:00+00:00,1.110864281654358,1.1111111640930176,1.110864281654358,1.1111111640930176,0
2025-05-13 01:55:00+00:00,1.1111111640930176,1.1111111640930176,1.110987663269043,1.1111111640930176,0
2025-05-13 02:00:00+00:00,1.1111111640930176,1.1111111640930176,1.110987663269043,1.1111111640930176,0
2025-05-13 02:05:00+00:00,1.1111111640930176,1.1113580465316772,1.1111111640930176,1.1112345457077026,0
2025-05-13 02:10:00+00:00,1.1107407808303833,1.1111111640930176,1.1107407808303833,1.1111111640930176,0
2025-05-13 02:15:00+00:00,1.1106175184249878,1.1107407808303833,1.1106175184249878,1.1107407808303833,0
2025-05-13 02:20:00+00:00,1.1103708744049072,1.1106175184249878,1.1103708744049072,1.1106175184249878,0
2025-05-13 02:25:00+00:00,1.1104941368103027,1.1106175184249878,1.1103708744049072,1.1103708744049072,0
2025-05-13 02:30:00+00:00,1.1107407808303833,1.1107407808303833,1.1103708744049072,1.1103708744049072,0
2025-05-13 02:35:00+00:00,1.1107407808303833,1.110987663269043,1.1107407808303833,1.1107407808303833,0
2025-05-13 02:40:00+00:00,1.110864281654358,1.110987663269043,1.110864281654358,1.110864281654358,0
2025-05-13 02:45:00+00:00,1.1107407808303833,1.110864281654358,1.1107407808303833,1.1107407808303833,0
2025-05-13 02:50:00+00:00,1.1104941368103027,1.1106175184249878,1.1102476119995117,1.1106175184249878,0
2025-05-13 02:55:00+00:00,1.1106175184249878,1.1106175184249878,1.1103708744049072,1.1103708744049072,0
2025-05-13 03:00:00+00:00,1.1103708744049072,1.1107407808303833,1.1103708744049072,1.1107407808303833,0
2025-05-13 03:05:00+00:00,1.1102476119995117,1.1103708744049072,1.1102476119995117,1.1103708744049072,0
2025-05-13 03:10:00+00:00,1.1104941368103027,1.1104941368103027,1.1102476119995117,1.1102476119995117,0
2025-05-13 03:15:00+00:00,1.1104941368103027,1.1104941368103027,1.1103708744049072,1.1103708744049072,0
2025-05-13 03:20:00+00:00,1.1107407808303833,1.1107407808303833,1.1104941368103027,1.1104941368103027,0
2025-05-13 03:25:00+00:00,1.110864281654358,1.110864281654358,1.1107407808303833,1.1107407808303833,0
2025-05-13 03:30:00+00:00,1.1112345457077026,1.1112345457077026,1.110987663269043,1.110987663269043,0
2025-05-13 03:35:00+00:00,1.1112345457077026,1.1114816665649414,1.1112345457077026,1.1113580465316772,0
2025-05-13 03:40:00+00:00,1.1111111640930176,1.1111111640930176,1.110987663269043,1.1111111640930176,0
2025-05-13 03:45:00+00:00,1.1119760274887085,1.1119760274887085,1.1113580465316772,1.1113580465316772,0
2025-05-13 03:50:00+00:00,1.1117286682128906,1.1119760274887085,1.1117286682128906,1.1117286682128906,0
2025-05-13 03:55:00+00:00,1.1119760274887085,1.1119760274887085,1.1118524074554443,1.1118524074554443,0
2025-05-13 04:00:00+00:00,1.1119760274887085,1.1119760274887085,1.1119760274887085,1.1119760274887085,0
2025-05-13 04:05:00+00:00,1.1118524074554443,1.1119760274887085,1.1118524074554443,1.1118524074554443,0
2025-05-13 04:10:00+00:00,1.111605167388916,1.1118524074554443,1.111605167388916,1.1117286682128906,0
2025-05-13 04:15:00+00:00,1.111605167388916,1.111605167388916,1.1114816665649414,1.111605167388916,0
2025-05-13 04:20:00+00:00,1.111605167388916,1.111605167388916,1.1113580465316772,1.1114816665649414,0
2025-05-13 04:25:00+00:00,1.111605167388916,1.111605167388916,1.1113580465316772,1.111605167388916,0
2025-05-13 04:30:00+00:00,1.1117286682128906,1.1117286682128906,1.1117286682128906,1.1117286682128906,0
2025-05-13 04:35:00+00:00,1.111605167388916,1.1117286682128906,1.111605167388916,1.1117286682128906,0
2025-05-13 04:40:00+00:00,1.1117286682128906,1.1117286682128906,1.1114816665649414,1.1114816665649414,0
2025-05-13 04:45:00+00:00,1.1114816665649414,1.1117286682128906,1.1113580465316772,1.1117286682128906,0
2025-05-13 04:50:00+00:00,1.1113580465316772,1.1117286682128906,1.1113580465316772,1.111605167388916,0
2025-05-13 04:55:00+00:00,1.1119760274887085,1.1119760274887085,1.1112345457077026,1.1112345457077026,0
2025-05-13 05:00:00+00:00,1.1117286682128906,1.1119760274887085,1.111605167388916,1.1119760274887085,0
2025-05-13 05:05:00+00:00,1.111605167388916,1.1117286682128906,1.111605167388916,1.1117286682128906,0
2025-05-13 05:10:00+00:00,1.1120996475219727,1.1120996475219727,1.1114816665649414,1.1117286682128906,0
2025-05-13 05:15:00+00:00,1.1120996475219727,1.1120996475219727,1.1118524074554443,1.1119760274887085,0
2025-05-13 05:20:00+00:00,1.1117286682128906,1.1119760274887085,1.111605167388916,1.1119760274887085,0
2025-05-13 05:25:00+00:00,1.111605167388916,1.1117286682128906,1.1114816665649414,1.1117286682128906,0
2025-05-13 05:30:00+00:00,1.1118524074554443,1.1118524074554443,1.111605167388916,1.111605167388916,0
2025-05-13 05:35:00+00:00,1.111605167388916,1.1119760274887085,1.111605167388916,1.1118524074554443,0
2025-05-13 05:40:00+00:00,1.1114816665649414,1.1117286682128906,1.1114816665649414,1.1117286682128906,0
2025-05-13 05:45:00+00:00,1.1112345457077026,1.1114816665649414,1.1112345457077026,1.1113580465316772,0
2025-05-13 05:50:00+00:00,1.111605167388916,1.111605167388916,1.1112345457077026,1.1112345457077026,0
2025-05-13 05:55:00+00:00,1.1113580465316772,1.1119760274887085,1.1113580465316772,1.111605167388916,0
2025-05-13 06:00:00+00:00,1.1114816665649414,1.1114816665649414,1.1112345457077026,1.1113580465316772,0
2025-05-13 06:05:00+00:00,1.1111111640930176,1.1114816665649414,1.1111111640930176,1.1114816665649414,0
2025-05-13 06:10:00+00:00,1.110864281654358,1.1111111640930176,1.110864281654358,1.1111111640930176,0
2025-05-13 06:15:00+00:00,1.110987663269043,1.1112345457077026,1.110987663269043,1.110987663269043,0
2025-05-13 06:20:00+00:00,1.110987663269043,1.1114816665649414,1.110987663269043,1.1112345457077026,0
2025-05-13 06:25:00+00:00,1.1107407808303833,1.110864281654358,1.1106175184249878,1.110864281654358,0
2025-05-13 06:30:00+00:00,1.110987663269043,1.110987663269043,1.1107407808303833,1.110987663269043,0
2025-05-13 06:35:00+00:00,1.1106175184249878,1.1107407808303833,1.1104941368103027,1.1107407808303833,0
2025-05-13 06:40:00+00:00,1.1117286682128906,1.1117286682128906,1.110864281654358,1.110864281654358,0
2025-05-13 06:45:00+00:00,1.1114816665649414,1.1117286682128906,1.1113580465316772,1.1117286682128906,0
2025-05-13 06:50:00+00:00,1.1117286682128906,1.1119760274887085,1.111605167388916,1.111605167388916,0
2025-05-13 06:55:00+00:00,1.1114816665649414,1.1119760274887085,1.1114816665649414,1.1119760274887085,0
2025-05-13 07:00:00+00:00,1.1114816665649414,1.1118524074554443,1.1113580465316772,1.1113580465316772,0
2025-05-13 07:05:00+00:00,1.1117286682128906,1.1117286682128906,1.1113580465316772,1.1113580465316772,0
2025-05-13 07:10:00+00:00,1.110987663269043,1.111605167388916,1.110987663269043,1.111605167388916,0
2025-05-13 07:15:00+00:00,1.111605167388916,1.111605167388916,1.1107407808303833,1.1113580465316772,0
2025-05-13 07:20:00+00:00,1.1123470067977905,1.1123470067977905,1.111605167388916,1.111605167388916,0
2025-05-13 07:25:00+00:00,1.1118524074554443,1.1120996475219727,1.1118524074554443,1.1120996475219727,0
2025-05-13 07:30:00+00:00,1.1120996475219727,1.1122233867645264,1.1118524074554443,1.1122233867645264,0
2025-05-13 07:35:00+00:00,1.1119760274887085,1.1122233867645264,1.1119760274887085,1.1120996475219727,0
2025-05-13 07:40:00+00:00,1.1125946044921875,1.1125946044921875,1.1120996475219727,1.1122233867645264,0
2025-05-13 07:45:00+00:00,1.1123470067977905,1.1125946044921875,1.1122233867645264,1.1125946044921875,0
2025-05-13 07:50:00+00:00,1.1119760274887085,1.1120996475219727,1.1119760274887085,1.1120996475219727,0
2025-05-13 07:55:00+00:00,1.1117286682128906,1.1118524074554443,1.1117286682128906,1.1117286682128906,0
2025-05-13 08:00:00+00:00,1.1119760274887085,1.1120996475219727,1.1117286682128906,1.1120996475219727,0
2025-05-13 08:05:00+00:00,1.110987663269043,1.1118524074554443,1.110987663269043,1.1118524074554443,0
2025-05-13 08:10:00+00:00,1.1114816665649414,1.1114816665649414,1.1111111640930176,1.1111111640930176,0
2025-05-13 08:15:00+00:00,1.1113580465316772,1.1117286682128906,1.1113580465316772,1.1117286682128906,0
2025-05-13 08:20:00+00:00,1.110987663269043,1.1112345457077026,1.110987663269043,1.1112345457077026,0
2025-05-13 08:25:00+00:00,1.110864281654358,1.1112345457077026,1.110864281654358,1.1112345457077026,0
2025-05-13 08:30:00+00:00,1.1107407808303833,1.1111111640930176,1.1107407808303833,1.110864281654358,0
2025-05-13 08:35:00+00:00,1.1106175184249878,1.110864281654358,1.1106175184249878,1.110864281654358,0
2025-05-13 08:40:00+00:00,1.1107407808303833,1.110987663269043,1.1107407808303833,1.110987663269043,0
2025-05-13 08:45:00+00:00,1.1112345457077026,1.1112345457077026,1.110864281654358,1.110864281654358,0
2025-05-13 08:50:00+00:00,1.111605167388916,1.111605167388916,1.110987663269043,1.110987663269043,0
2025-05-13 08:55:00+00:00,1.111605167388916,1.1117286682128906,1.1113580465316772,1.1113580465316772,0
2025-05-13 09:00:00+00:00,1.110987663269043,1.1113580465316772,1.110987663269043,1.1113580465316772,0
2025-05-13 09:05:00+00:00,1.110864281654358,1.110864281654358,1.1107407808303833,1.110864281654358,0
2025-05-13 09:10:00+00:00,1.1111111640930176,1.1112345457077026,1.110987663269043,1.110987663269043,0
2025-05-13 09:15:00+00:00,1.1113580465316772,1.1113580465316772,1.1111111640930176,1.1111111640930176,0
2025-05-13 09:20:00+00:00,1.1111111640930176,1.1112345457077026,1.1111111640930176,1.1112345457077026,0
2025-05-13 09:25:00+00:00,1.1112345457077026,1.1114816665649414,1.1112345457077026,1.1112345457077026,0
2025-05-13 09:30:00+00:00,1.111605167388916,1.111605167388916,1.1113580465316772,1.1113580465316772,0
2025-05-13 09:35:00+00:00,1.111605167388916,1.111605167388916,1.1113580465316772,1.1114816665649414,0
2025-05-13 09:40:00+00:00,1.111605167388916,1.111605167388916,1.1114816665649414,1.1114816665649414,0
2025-05-13 09:45:00+00:00,1.1112345457077026,1.111605167388916,1.1112345457077026,1.1114816665649414,0
2025-05-13 09:50:00+00:00,1.1112345457077026,1.1113580465316772,1.1112345457077026,1.1112345457077026,0
2025-05-13 09:55:00+00:00,1.110987663269043,1.1113580465316772,1.110987663269043,1.1113580465316772,0
2025-05-13 10:00:00+00:00,1.110987663269043,1.1111111640930176,1.110864281654358,1.1111111640930176,0
2025-05-13 10:05:00+00:00,1.1104941368103027,1.1111111640930176,1.1101243495941162,1.1111111640930176,0
2025-05-13 10:10:00+00:00,1.1104941368103027,1.1104941368103027,1.1102476119995117,1.1102476119995117,0
2025-05-13 10:15:00+00:00,1.1102476119995117,1.1104941368103027,1.1102476119995117,1.1104941368103027,0
2025-05-13 10:20:00+00:00,1.110864281654358,1.110987663269043,1.1102476119995117,1.1102476119995117,0
2025-05-13 10:25:00+00:00,1.1112345457077026,1.1112345457077026,1.110864281654358,1.110864281654358,0
2025-05-13 10:30:00+00:00,1.110987663269043,1.1111111640930176,1.1107407808303833,1.1111111640930176,0
2025-05-13 10:35:00+00:00,1.110987663269043,1.110987663269043,1.1107407808303833,1.1107407808303833,0
2025-05-13 10:40:00+00:00,1.1107407808303833,1.1107407808303833,1.1104941368103027,1.1104941368103027,0
2025-05-13 10:45:00+00:00,1.1101243495941162,1.1104941368103027,1.1101243495941162,1.1104941368103027,0
2025-05-13 10:50:00+00:00,1.1104941368103027,1.1107407808303833,1.1104941368103027,1.1106175184249878,0
2025-05-13 10:55:00+00:00,1.110864281654358,1.110864281654358,1.1107407808303833,1.1107407808303833,0
2025-05-13 11:00:00+00:00,1.1111111640930176,1.1111111640930176,1.1107407808303833,1.110864281654358,0
2025-05-13 11:05:00+00:00,1.110864281654358,1.1112345457077026,1.110864281654358,1.110987663269043,0
2025-05-13 11:10:00+00:00,1.1111111640930176,1.1111111640930176,1.110864281654358,1.110864281654358,0
2025-05-13 11:15:00+00:00,1.1113580465316772,1.1113580465316772,1.1111111640930176,1.1111111640930176,0
2025-05-13 11:20:00+00:00,1.1112345457077026,1.1113580465316772,1.1112345457077026,1.1113580465316772,0
2025-05-13 11:25:00+00:00,1.1112345457077026,1.1112345457077026,1.1112345457077026,1.1112345457077026,0
2025-05-13 11:30:00+00:00,1.1113580465316772,1.1113580465316772,1.1113580465316772,1.1113580465316772,0
2025-05-13 11:35:00+00:00,1.1112345457077026,1.1113580465316772,1.1111111640930176,1.1113580465316772,0
2025-05-13 11:40:00+00:00,1.1111111640930176,1.1113580465316772,1.1111111640930176,1.1113580465316772,0
2025-05-13 11:45:00+00:00,1.1111111640930176,1.1112345457077026,1.110987663269043,1.1112345457077026,0
2025-05-13 11:50:00+00:00,1.1112345457077026,1.1112345457077026,1.110864281654358,1.1111111640930176,0
2025-05-13 11:55:00+00:00,1.110987663269043,1.1111111640930176,1.110864281654358,1.110987663269043,0
2025-05-13 12:00:00+00:00,1.1112345457077026,1.1113580465316772,1.1111111640930176,1.1111111640930176,0
2025-05-13 12:05:00+00:00,1.111605167388916,1.111605167388916,1.1112345457077026,1.1112345457077026,0
2025-05-13 12:10:00+00:00,1.1114816665649414,1.1118524074554443,1.1114816665649414,1.111605167388916,0
2025-05-13 12:15:00+00:00,1.1112345457077026,1.1114816665649414,1.1112345457077026,1.1114816665649414,0
2025-05-13 12:20:00+00:00,1.1113580465316772,1.1117286682128906,1.1113580465316772,1.1113580465316772,0
2025-05-13 12:25:00+00:00,1.1117286682128906,1.1117286682128906,1.111605167388916,1.111605167388916,0
2025-05-13 12:30:00+00:00,1.1112345457077026,1.1127183437347412,1.1112345457077026,1.1127183437347412,0
2025-05-13 12:35:00+00:00,1.1120996475219727,1.1120996475219727,1.111605167388916,1.111605167388916,0
2025-05-13 12:40:00+00:00,1.1129660606384277,1.1129660606384277,1.1120996475219727,1.1120996475219727,0
2025-05-13 12:45:00+00:00,1.1133378744125366,1.1133378744125366,1.1129660606384277,1.1129660606384277,0
2025-05-13 12:50:00+00:00,1.1125946044921875,1.1127183437347412,1.1122233867645264,1.1127183437347412,0
2025-05-13 12:55:00+00:00,1.1132138967514038,1.1132138967514038,1.1129660606384277,1.1129660606384277,0
2025-05-13 13:00:00+00:00,1.1134617328643799,1.1135857105255127,1.1132138967514038,1.1132138967514038,0
2025-05-13 13:05:00+00:00,1.1147029399871826,1.1147029399871826,1.1134617328643799,1.1134617328643799,0
2025-05-13 13:10:00+00:00,1.1140819787979126,1.1142061948776245,1.1138337850570679,1.1140819787979126,0
2025-05-13 13:15:00+00:00,1.1139578819274902,1.1139578819274902,1.1133378744125366,1.1135857105255127,0
2025-05-13 13:20:00+00:00,1.1147029399871826,1.1147029399871826,1.1140819787979126,1.1140819787979126,0
2025-05-13 13:25:00+00:00,1.1147029399871826,1.1150758266448975,1.1144545078277588,1.1150758266448975,0
2025-05-13 13:30:00+00:00,1.1145787239074707,1.114951491355896,1.1145787239074707,1.1145787239074707,0
2025-05-13 13:35:00+00:00,1.114951491355896,1.1150758266448975,1.114951491355896,1.114951491355896,0
2025-05-13 13:40:00+00:00,1.1148271560668945,1.1148271560668945,1.1144545078277588,1.1145787239074707,0
2025-05-13 13:45:00+00:00,1.114951491355896,1.114951491355896,1.1147029399871826,1.1148271560668945,0
2025-05-13 13:50:00+00:00,1.1139578819274902,1.1147029399871826,1.1139578819274902,1.1147029399871826,0
2025-05-13 13:55:00+00:00,1.1138337850570679,1.1138337850570679,1.1135857105255127,1.1135857105255127,0
2025-05-13 14:00:00+00:00,1.1139578819274902,1.1139578819274902,1.1135857105255127,1.1138337850570679,0
2025-05-13 14:05:00+00:00,1.1139578819274902,1.1142061948776245,1.1138337850570679,1.1142061948776245,0
2025-05-13 14:10:00+00:00,1.113709807395935,1.1144545078277588,1.113709807395935,1.1144545078277588,0
2025-05-13 14:15:00+00:00,1.113709807395935,1.1138337850570679,1.1133378744125366,1.113709807395935,0
2025-05-13 14:20:00+00:00,1.1144545078277588,1.1148271560668945,1.1143302917480469,1.1144545078277588,0
2025-05-13 14:25:00+00:00,1.1139578819274902,1.1140819787979126,1.1134617328643799,1.1139578819274902,0
2025-05-13 14:30:00+00:00,1.1139578819274902,1.1140819787979126,1.113709807395935,1.1140819787979126,0
2025-05-13 14:35:00+00:00,1.1145787239074707,1.1145787239074707,1.1140819787979126,1.1140819787979126,0
2025-05-13 14:40:00+00:00,1.1153244972229004,1.1155734062194824,1.1142061948776245,1.1142061948776245,0
2025-05-13 14:45:00+00:00,1.1154489517211914,1.1155734062194824,1.114951491355896,1.114951491355896,0
2025-05-13 14:50:00+00:00,1.1158223152160645,1.115946888923645,1.1154489517211914,1.1155734062194824,0
2025-05-13 14:55:00+00:00,1.1165698766708374,1.1166945695877075,1.115946888923645,1.115946888923645,0
2025-05-13 15:00:00+00:00,1.1161960363388062,1.1164453029632568,1.1161960363388062,1.1164453029632568,0
2025-05-13 15:05:00+00:00,1.116071343421936,1.1166945695877075,1.116071343421936,1.1166945695877075,0
2025-05-13 15:10:00+00:00,1.1169440746307373,1.1169440746307373,1.1161960363388062,1.1163206100463867,0
2025-05-13 15:15:00+00:00,1.1169440746307373,1.1170687675476074,1.1169440746307373,1.1169440746307373,0
2025-05-13 15:20:00+00:00,1.1175681352615356,1.1176930665969849,1.1168192625045776,1.1168192625045776,0
2025-05-13 15:25:00+00:00,1.1174432039260864,1.1175681352615356,1.1174432039260864,1.1175681352615356,0
2025-05-13 15:30:00+00:00,1.117817997932434,1.117817997932434,1.1173185110092163,1.1175681352615356,0
2025-05-13 15:35:00+00:00,1.1174432039260864,1.117817997932434,1.1174432039260864,1.117817997932434,0
2025-05-13 15:40:00+00:00,1.1175681352615356,1.1175681352615356,1.1175681352615356,1.1175681352615356,0
2025-05-13 15:45:00+00:00,1.1175681352615356,1.117817997932434,1.1175681352615356,1.117817997932434,0
2025-05-13 15:50:00+00:00,1.1176930665969849,1.117817997932434,1.1173185110092163,1.1173185110092163,0
2025-05-13 15:55:00+00:00,1.117817997932434,1.118067979812622,1.1176930665969849,1.1176930665969849,0
2025-05-13 16:00:00+00:00,1.1179429292678833,1.118067979812622,1.117817997932434,1.1179429292678833,0
2025-05-13 16:05:00+00:00,1.1175681352615356,1.1179429292678833,1.1175681352615356,1.1179429292678833,0
2025-05-13 16:10:00+00:00,1.1173185110092163,1.1176930665969849,1.1173185110092163,1.1176930665969849,0
2025-05-13 16:15:00+00:00,1.1169440746307373,1.1170687675476074,1.1168192625045776,1.1170687675476074,0
2025-05-13 16:20:00+00:00,1.117193579673767,1.117193579673767,1.1169440746307373,1.1169440746307373,0
2025-05-13 16:25:00+00:00,1.1170687675476074,1.1173185110092163,1.1169440746307373,1.1173185110092163,0
2025-05-13 16:30:00+00:00,1.1179429292678833,1.1179429292678833,1.1173185110092163,1.1173185110092163,0
2025-05-13 16:35:00+00:00,1.117817997932434,1.117817997932434,1.1175681352615356,1.1176930665969849,0
2025-05-13 16:40:00+00:00,1.1181930303573608,1.1184431314468384,1.118067979812622,1.118067979812622,0
2025-05-13 16:45:00+00:00,1.1181930303573608,1.1184431314468384,1.118067979812622,1.1184431314468384,0
2025-05-13 16:50:00+00:00,1.1181930303573608,1.1181930303573608,1.117817997932434,1.118067979812622,0
2025-05-13 16:55:00+00:00,1.1179429292678833,1.11831796169281,1.1179429292678833,1.11831796169281,0
2025-05-13 17:00:00+00:00,1.11831796169281,1.11831796169281,1.1179429292678833,1.1179429292678833,0
2025-05-13 17:05:00+00:00,1.117817997932434,1.1181930303573608,1.117817997932434,1.1181930303573608,0
2025-05-13 17:10:00+00:00,1.1176930665969849,1.1176930665969849,1.1175681352615356,1.1176930665969849,0
2025-05-13 17:15:00+00:00,1.1175681352615356,1.117817997932434,1.1175681352615356,1.1175681352615356,0
2025-05-13 17:20:00+00:00,1.1176930665969849,1.1176930665969849,1.1175681352615356,1.1175681352615356,0
2025-05-13 17:25:00+00:00,1.117193579673767,1.1175681352615356,1.117193579673767,1.1175681352615356,0
2025-05-13 17:30:00+00:00,1.1175681352615356,1.1176930665969849,1.117193579673767,1.117193579673767,0
2025-05-13 17:35:00+00:00,1.1174432039260864,1.1176930665969849,1.1174432039260864,1.1175681352615356,0
2025-05-13 17:40:00+00:00,1.1174432039260864,1.1174432039260864,1.117193579673767,1.1173185110092163,0
2025-05-13 17:45:00+00:00,1.117817997932434,1.117817997932434,1.1174432039260864,1.1175681352615356,0
2025-05-13 17:50:00+00:00,1.118067979812622,1.118067979812622,1.117817997932434,1.117817997932434,0
2025-05-13 17:55:00+00:00,1.118067979812622,1.1181930303573608,1.118067979812622,1.118067979812622,0
2025-05-13 18:00:00+00:00,1.1181930303573608,1.1184431314468384,1.118067979812622,1.118067979812622,0
2025-05-13 18:05:00+00:00,1.1181930303573608,1.1181930303573608,1.1179429292678833,1.1179429292678833,0
2025-05-13 18:10:00+00:00,1.1179429292678833,1.1181930303573608,1.1179429292678833,1.1181930303573608,0
2025-05-13 18:15:00+00:00,1.1184431314468384,1.1184431314468384,1.1179429292678833,1.1179429292678833,0
2025-05-13 18:20:00+00:00,1.1184431314468384,1.1185681819915771,1.1184431314468384,1.1184431314468384,0
2025-05-13 18:25:00+00:00,1.1181930303573608,1.1184431314468384,1.1181930303573608,1.1184431314468384,0
2025-05-13 18:30:00+00:00,1.1184431314468384,1.1184431314468384,1.11831796169281,1.11831796169281,0
2025-05-13 18:35:00+00:00,1.1186933517456055,1.1186933517456055,1.11831796169281,1.11831796169281,0
2025-05-13 18:40:00+00:00,1.1186933517456055,1.1188185214996338,1.1186933517456055,1.1186933517456055,0
2025-05-13 18:45:00+00:00,1.1186933517456055,1.1186933517456055,1.1185681819915771,1.1185681819915771,0
2025-05-13 18:50:00+00:00,1.1184431314468384,1.1186933517456055,1.1184431314468384,1.1186933517456055,0
2025-05-13 18:55:00+00:00,1.1188185214996338,1.118943691253662,1.1185681819915771,1.1185681819915771,0
2025-05-13 19:00:00+00:00,1.118943691253662,1.118943691253662,1.1188185214996338,1.118943691253662,0
2025-05-13 19:05:00+00:00,1.1188185214996338,1.11906898021698,1.1186933517456055,1.11906898021698,0
2025-05-13 19:10:00+00:00,1.118943691253662,1.118943691253662,1.1188185214996338,1.118943691253662,0
2025-05-13 19:15:00+00:00,1.1188185214996338,1.1188185214996338,1.1186933517456055,1.1188185214996338,0
2025-05-13 19:20:00+00:00,1.1188185214996338,1.118943691253662,1.1186933517456055,1.1186933517456055,0
2025-05-13 19:25:00+00:00,1.11906898021698,1.11906898021698,1.118943691253662,1.118943691253662,0
2025-05-13 19:30:00+00:00,1.118943691253662,1.11906898021698,1.118943691253662,1.118943691253662,0
2025-05-13 19:35:00+00:00,1.11906898021698,1.11906898021698,1.118943691253662,1.118943691253662,0
2025-05-13 19:40:00+00:00,1.1191942691802979,1.1191942691802979,1.11906898021698,1.11906898021698,0
2025-05-13 19:45:00+00:00,1.1193194389343262,1.1193194389343262,1.11906898021698,1.11906898021698,0
2025-05-13 19:50:00+00:00,1.1193194389343262,1.1193194389343262,1.1193194389343262,1.1193194389343262,0
2025-05-13 19:55:00+00:00,1.1193194389343262,1.119444727897644,1.1191942691802979,1.1191942691802979,0
2025-05-13 20:00:00+00:00,1.11906898021698,1.1193194389343262,1.11906898021698,1.1191942691802979,0
2025-05-13 20:05:00+00:00,1.1191942691802979,1.1191942691802979,1.11906898021698,1.11906898021698,0
2025-05-13 20:10:00+00:00,1.1191942691802979,1.1191942691802979,1.1191942691802979,1.1191942691802979,0
2025-05-13 20:15:00+00:00,1.1191942691802979,1.1191942691802979,1.11906898021698,1.1191942691802979,0
2025-05-13 20:20:00+00:00,1.119444727897644,1.119444727897644,1.11906898021698,1.1193194389343262,0
2025-05-13 20:25:00+00:00,1.1196954250335693,1.1196954250335693,1.119444727897644,1.119444727897644,0
2025-05-13 20:30:00+00:00,1.1196954250335693,1.1198208332061768,1.1196954250335693,1.1196954250335693,0
2025-05-13 20:35:00+00:00,1.1196954250335693,1.1196954250335693,1.119444727897644,1.1195701360702515,0
2025-05-13 20:40:00+00:00,1.1196954250335693,1.1196954250335693,1.1195701360702515,1.1195701360702515,0
2025-05-13 20:45:00+00:00,1.1191942691802979,1.1195701360702515,1.1191942691802979,1.1195701360702515,0
2025-05-13 20:50:00+00:00,1.11906898021698,1.1193194389343262,1.11906898021698,1.1193194389343262,0
2025-05-13 20:55:00+00:00,1.1188185214996338,1.11906898021698,1.1188185214996338,1.11906898021698,0
2025-05-13 21:00:00+00:00,1.11906898021698,1.1191942691802979,1.11906898021698,1.1191942691802979,0
2025-05-13 21:05:00+00:00,1.118943691253662,1.1191942691802979,1.118943691253662,1.118943691253662,0
2025-05-13 21:10:00+00:00,1.1191942691802979,1.1191942691802979,1.11906898021698,1.1191942691802979,0
2025-05-13 21:15:00+00:00,1.11906898021698,1.1193194389343262,1.11906898021698,1.1193194389343262,0
2025-05-13 21:20:00+00:00,1.11906898021698,1.1191942691802979,1.118943691253662,1.118943691253662,0
2025-05-13 21:25:00+00:00,1.11906898021698,1.11906898021698,1.11906898021698,1.11906898021698,0
2025-05-13 21:30:00+00:00,1.1191942691802979,1.1191942691802979,1.11906898021698,1.11906898021698,0
2025-05-13 21:35:00+00:00,1.1191942691802979,1.1191942691802979,1.1188185214996338,1.11906898021698,0
2025-05-13 21:40:00+00:00,1.11906898021698,1.1191942691802979,1.1188185214996338,1.118943691253662,0
2025-05-13 21:45:00+00:00,1.11906898021698,1.1191942691802979,1.118943691253662,1.11906898021698,0
2025-05-13 21:50:00+00:00,1.118943691253662,1.1191942691802979,1.118943691253662,1.1191942691802979,0
2025-05-13 21:55:00+00:00,1.1191942691802979,1.1191942691802979,1.118943691253662,1.118943691253662,0
2025-05-13 22:00:00+00:00,1.119444727897644,1.119444727897644,1.1191942691802979,1.1193194389343262,0
2025-05-13 22:05:00+00:00,1.119444727897644,1.119444727897644,1.1191942691802979,1.119444727897644,0
2025-05-13 22:10:00+00:00,1.1191942691802979,1.119444727897644,1.11906898021698,1.119444727897644,0
2025-05-13 22:15:00+00:00,1.1191942691802979,1.1193194389343262,1.1191942691802979,1.1193194389343262,0
2025-05-13 22:20:00+00:00,1.119444727897644,1.119444727897644,1.1193194389343262,1.1193194389343262,0
2025-05-13 22:25:00+00:00,1.1193194389343262,1.119444727897644,1.1193194389343262,1.119444727897644,0
2025-05-13 22:30:00+00:00,1.1193194389343262,1.1193194389343262,1.1193194389343262,1.1193194389343262,0
2025-05-13 22:35:00+00:00,1.1193194389343262,1.1193194389343262,1.1193194389343262,1.1193194389343262,0
2025-05-13 22:40:00+00:00,1.1193194389343262,1.119444727897644,1.1191942691802979,1.1193194389343262,0
2025-05-13 22:45:00+00:00,1.119444727897644,1.119444727897644,1.119444727897644,1.119444727897644,0
2025-05-13 22:50:00+00:00,1.1199462413787842,1.1199462413787842,1.1196954250335693,1.1196954250335693,0
2025-05-13 22:55:00+00:00,1.1198208332061768,1.1199462413787842,1.1198208332061768,1.1199462413787842,0
2025-05-13 23:00:00+00:00,1.1196954250335693,1.1199462413787842,1.1196954250335693,1.1199462413787842,0
2025-05-13 23:05:00+00:00,1.1193194389343262,1.119444727897644,1.1191942691802979,1.119444727897644,0
2025-05-13 23:10:00+00:00,1.1191942691802979,1.1191942691802979,1.11906898021698,1.11906898021698,0
2025-05-13 23:15:00+00:00,1.1191942691802979,1.1191942691802979,1.11906898021698,1.11906898021698,0
2025-05-13 23:20:00+00:00,1.11906898021698,1.119444727897644,1.11906898021698,1.1193194389343262,0
2025-05-13 23:25:00+00:00,1.1193194389343262,1.1193194389343262,1.11906898021698,1.11906898021698,0
2025-05-13 23:30:00+00:00,1.1193194389343262,1.1193194389343262,1.1191942691802979,1.1191942691802979,0
2025-05-13 23:35:00+00:00,1.1191942691802979,1.1193194389343262,1.1191942691802979,1.1193194389343262,0
2025-05-13 23:40:00+00:00,1.1193194389343262,1.1193194389343262,1.1191942691802979,1.1193194389343262,0
2025-05-13 23:45:00+00:00,1.11906898021698,1.119444727897644,1.11906898021698,1.1193194389343262,0
2025-05-13 23:50:00+00:00,1.11906898021698,1.11906898021698,1.118943691253662,1.11906898021698,0
2025-05-13 23:55:00+00:00,1.11906898021698,1.11906898021698,1.118943691253662,1.118943691253662,0
2025-05-14 00:00:00+00:00,1.1185681819915771,1.11906898021698,1.1185681819915771,1.11906898021698,0
2025-05-14 00:05:00+00:00,1.118943691253662,1.118943691253662,1.1188185214996338,1.118943691253662,0
2025-05-14 00:10:00+00:00,1.118943691253662,1.1191942691802979,1.118943691253662,1.118943691253662,0
2025-05-14 00:15:00+00:00,1.118943691253662,1.11906898021698,1.118943691253662,1.11906898021698,0
2025-05-14 00:20:00+00:00,1.1186933517456055,1.1186933517456055,1.1185681819915771,1.1185681819915771,0
2025-05-14 00:25:00+00:00,1.1196954250335693,1.1196954250335693,1.118943691253662,1.118943691253662,0
2025-05-14 00:30:00+00:00,1.1195701360702515,1.1198208332061768,1.1195701360702515,1.1196954250335693,0
2025-05-14 00:35:00+00:00,1.1195701360702515,1.1195701360702515,1.119444727897644,1.1195701360702515,0
2025-05-14 00:40:00+00:00,1.1191942691802979,1.119444727897644,1.1191942691802979,1.119444727897644,0
2025-05-14 00:45:00+00:00,1.118943691253662,1.1193194389343262,1.118943691253662,1.1193194389343262,0
2025-05-14 00:50:00+00:00,1.1195701360702515,1.1196954250335693,1.1188185214996338,1.1188185214996338,0
2025-05-14 00:55:00+00:00,1.119444727897644,1.1196954250335693,1.119444727897644,1.1196954250335693,0
2025-05-14 01:00:00+00:00,1.118943691253662,1.119444727897644,1.118943691253662,1.119444727897644,0
2025-05-14 01:05:00+00:00,1.1191942691802979,1.1191942691802979,1.11906898021698,1.11906898021698,0
2025-05-14 01:10:00+00:00,1.1196954250335693,1.1198208332061768,1.1193194389343262,1.1193194389343262,0
2025-05-14 01:15:00+00:00,1.1193194389343262,1.1198208332061768,1.1191942691802979,1.1198208332061768,0
2025-05-14 01:20:00+00:00,1.1198208332061768,1.1199462413787842,1.119444727897644,1.1195701360702515,0
2025-05-14 01:25:00+00:00,1.1199462413787842,1.1199462413787842,1.1198208332061768,1.1198208332061768,0
2025-05-14 01:30:00+00:00,1.1195701360702515,1.1199462413787842,1.1195701360702515,1.1199462413787842,0
2025-05-14 01:35:00+00:00,1.1193194389343262,1.1193194389343262,1.1191942691802979,1.1193194389343262,0
2025-05-14 01:40:00+00:00,1.119444727897644,1.119444727897644,1.1191942691802979,1.1191942691802979,0
2025-05-14 01:45:00+00:00,1.1186933517456055,1.119444727897644,1.1186933517456055,1.119444727897644,0
2025-05-14 01:50:00+00:00,1.11906898021698,1.1191942691802979,1.118943691253662,1.118943691253662,0
2025-05-14 01:55:00+00:00,1.11906898021698,1.1191942691802979,1.118943691253662,1.1191942691802979,0
2025-05-14 02:00:00+00:00,1.11906898021698,1.11906898021698,1.118943691253662,1.11906898021698,0
2025-05-14 02:05:00+00:00,1.11906898021698,1.11906898021698,1.1186933517456055,1.118943691253662,0
2025-05-14 02:10:00+00:00,1.118943691253662,1.1191942691802979,1.118943691253662,1.11906898021698,0
2025-05-14 02:15:00+00:00,1.11906898021698,1.11906898021698,1.1186933517456055,1.1188185214996338,0
2025-05-14 02:20:00+00:00,1.118943691253662,1.118943691253662,1.118943691253662,1.118943691253662,0
2025-05-14 02:25:00+00:00,1.118943691253662,1.118943691253662,1.1188185214996338,1.118943691253662,0
2025-05-14 02:30:00+00:00,1.1188185214996338,1.118943691253662,1.1188185214996338,1.1188185214996338,0
2025-05-14 02:35:00+00:00,1.1186933517456055,1.1188185214996338,1.1186933517456055,1.1188185214996338,0
2025-05-14 02:40:00+00:00,1.118943691253662,1.118943691253662,1.1186933517456055,1.1186933517456055,0
2025-05-14 02:45:00+00:00,1.1191942691802979,1.1191942691802979,1.1186933517456055,1.1186933517456055,0
2025-05-14 02:50:00+00:00,1.1191942691802979,1.1191942691802979,1.11906898021698,1.1191942691802979,0
2025-05-14 02:55:00+00:00,1.1191942691802979,1.119444727897644,1.1191942691802979,1.119444727897644,0
2025-05-14 03:00:00+00:00,1.118943691253662,1.11906898021698,1.118943691253662,1.11906898021698,0
2025-05-14 03:05:00+00:00,1.118943691253662,1.11906898021698,1.118943691253662,1.118943691253662,0
2025-05-14 03:10:00+00:00,1.1191942691802979,1.1191942691802979,1.11906898021698,1.11906898021698,0
2025-05-14 03:15:00+00:00,1.11906898021698,1.1191942691802979,1.11906898021698,1.1191942691802979,0
2025-05-14 03:20:00+00:00,1.1193194389343262,1.1193194389343262,1.11906898021698,1.1191942691802979,0
2025-05-14 03:25:00+00:00,1.118943691253662,1.1193194389343262,1.118943691253662,1.1193194389343262,0
2025-05-14 03:30:00+00:00,1.1188185214996338,1.118943691253662,1.1188185214996338,1.118943691253662,0
2025-05-14 03:35:00+00:00,1.1193194389343262,1.1193194389343262,1.1188185214996338,1.1188185214996338,0
2025-05-14 03:40:00+00:00,1.1193194389343262,1.1193194389343262,1.1191942691802979,1.1191942691802979,0
2025-05-14 03:45:00+00:00,1.1191942691802979,1.1193194389343262,1.1191942691802979,1.1193194389343262,0
2025-05-14 03:50:00+00:00,1.1191942691802979,1.119444727897644,1.1191942691802979,1.1193194389343262,0
2025-05-14 03:55:00+00:00,1.1198208332061768,1.1198208332061768,1.119444727897644,1.119444727897644,0
2025-05-14 04:00:00+00:00,1.1196954250335693,1.1203227043151855,1.1196954250335693,1.1203227043151855,0
2025-05-14 04:05:00+00:00,1.1198208332061768,1.1198208332061768,1.1195701360702515,1.1196954250335693,0
2025-05-14 04:10:00+00:00,1.1195701360702515,1.1198208332061768,1.1195701360702515,1.1196954250335693,0
2025-05-14 04:15:00+00:00,1.1191942691802979,1.119444727897644,1.1191942691802979,1.119444727897644,0
2025-05-14 04:20:00+00:00,1.1195701360702515,1.1195701360702515,1.1193194389343262,1.119444727897644,0
2025-05-14 04:25:00+00:00,1.1196954250335693,1.1199462413787842,1.1195701360702515,1.1196954250335693,0
2025-05-14 04:30:00+00:00,1.1203227043151855,1.1203227043151855,1.1198208332061768,1.1198208332061768,0
2025-05-14 04:35:00+00:00,1.1198208332061768,1.1203227043151855,1.1198208332061768,1.1203227043151855,0
2025-05-14 04:40:00+00:00,1.1195701360702515,1.1198208332061768,1.1195701360702515,1.1196954250335693,0
2025-05-14 04:45:00+00:00,1.1195701360702515,1.1198208332061768,1.1195701360702515,1.1195701360702515,0
2025-05-14 04:50:00+00:00,1.1193194389343262,1.1195701360702515,1.1193194389343262,1.1195701360702515,0
2025-05-14 04:55:00+00:00,1.1191942691802979,1.1193194389343262,1.1191942691802979,1.1193194389343262,0
2025-05-14 05:00:00+00:00,1.1193194389343262,1.1193194389343262,1.11906898021698,1.11906898021698,0
2025-05-14 05:05:00+00:00,1.1193194389343262,1.119444727897644,1.1193194389343262,1.1193194389343262,0
2025-05-14 05:10:00+00:00,1.1193194389343262,1.119444727897644,1.1193194389343262,1.1193194389343262,0
2025-05-14 05:15:00+00:00,1.11906898021698,1.119444727897644,1.11906898021698,1.1193194389343262,0
2025-05-14 05:20:00+00:00,1.1191942691802979,1.1191942691802979,1.11906898021698,1.1191942691802979,0
2025-05-14 05:25:00+00:00,1.11906898021698,1.11906898021698,1.118943691253662,1.11906898021698,0
2025-05-14 05:30:00+00:00,1.11906898021698,1.11906898021698,1.118943691253662,1.118943691253662,0
2025-05-14 05:35:00+00:00,1.11906898021698,1.1191942691802979,1.1188185214996338,1.11906898021698,0
2025-05-14 05:40:00+00:00,1.1193194389343262,1.1193194389343262,1.1191942691802979,1.1191942691802979,0
2025-05-14 05:45:00+00:00,1.11906898021698,1.1191942691802979,1.11906898021698,1.11906898021698,0
2025-05-14 05:50:00+00:00,1.11906898021698,1.11906898021698,1.118943691253662,1.118943691253662,0
2025-05-14 05:55:00+00:00,1.1188185214996338,1.11906898021698,1.1188185214996338,1.11906898021698,0
2025-05-14 06:00:00+00:00,1.118943691253662,1.1191942691802979,1.118943691253662,1.1191942691802979,0
2025-05-14 06:05:00+00:00,1.1186933517456055,1.1186933517456055,1.1185681819915771,1.1186933517456055,0
2025-05-14 06:10:00+00:00,1.118943691253662,1.11906898021698,1.118943691253662,1.118943691253662,0
2025-05-14 06:15:00+00:00,1.1195701360702515,1.1195701360702515,1.11906898021698,1.11906898021698,0
2025-05-14 06:20:00+00:00,1.1196954250335693,1.1198208332061768,1.1195701360702515,1.1195701360702515,0
2025-05-14 06:25:00+00:00,1.1198208332061768,1.1198208332061768,1.1195701360702515,1.1198208332061768,0
2025-05-14 06:30:00+00:00,1.1195701360702515,1.1200717687606812,1.1195701360702515,1.1200717687606812,0
2025-05-14 06:35:00+00:00,1.1199462413787842,1.1199462413787842,1.119444727897644,1.119444727897644,0
2025-05-14 06:40:00+00:00,1.119444727897644,1.1199462413787842,1.119444727897644,1.1199462413787842,0
2025-05-14 06:45:00+00:00,1.1196954250335693,1.1198208332061768,1.1196954250335693,1.1196954250335693,0
2025-05-14 06:50:00+00:00,1.1193194389343262,1.1196954250335693,1.1193194389343262,1.1196954250335693,0
2025-05-14 06:55:00+00:00,1.11906898021698,1.1191942691802979,1.1186933517456055,1.1191942691802979,0
2025-05-14 07:00:00+00:00,1.1198208332061768,1.1200717687606812,1.11906898021698,1.11906898021698,0
2025-05-14 07:05:00+00:00,1.1195701360702515,1.1198208332061768,1.1195701360702515,1.1196954250335693,0
2025-05-14 07:10:00+00:00,1.1186933517456055,1.119444727897644,1.1186933517456055,1.119444727897644,0
2025-05-14 07:15:00+00:00,1.11906898021698,1.11906898021698,1.1188185214996338,1.118943691253662,0
2025-05-14 07:20:00+00:00,1.1193194389343262,1.1193194389343262,1.11906898021698,1.11906898021698,0
2025-05-14 07:25:00+00:00,1.1195701360702515,1.1199462413787842,1.1193194389343262,1.119444727897644,0
2025-05-14 07:30:00+00:00,1.1195701360702515,1.1198208332061768,1.119444727897644,1.1196954250335693,0
2025-05-14 07:35:00+00:00,1.121076226234436,1.121076226234436,1.1196954250335693,1.1196954250335693,0
2025-05-14 07:40:00+00:00,1.120824933052063,1.121076226234436,1.1205737590789795,1.121076226234436,0
2025-05-14 07:45:00+00:00,1.1206992864608765,1.1209505796432495,1.1206992864608765,1.120824933052063,0
2025-05-14 07:50:00+00:00,1.1215791702270508,1.1215791702270508,1.120824933052063,1.120824933052063,0
2025-05-14 07:55:00+00:00,1.1218308210372925,1.121956706047058,1.1213276386260986,1.1213276386260986,0
2025-05-14 08:00:00+00:00,1.1234692335128784,1.1234692335128784,1.1217050552368164,1.1217050552368164,0
2025-05-14 08:05:00+00:00,1.1235954761505127,1.12447988986969,1.12296462059021,1.12296462059021,0
2025-05-14 08:10:00+00:00,1.12296462059021,1.12447988986969,1.12296462059021,1.12447988986969,0
2025-05-14 08:15:00+00:00,1.1241008043289185,1.1241008043289185,1.1232168674468994,1.1232168674468994,0
2025-05-14 08:20:00+00:00,1.1248594522476196,1.125112533569336,1.1241008043289185,1.1241008043289185,0
2025-05-14 08:25:00+00:00,1.1242270469665527,1.1253657341003418,1.1242270469665527,1.125112533569336,0
2025-05-14 08:30:00+00:00,1.1242270469665527,1.12447988986969,1.1242270469665527,1.1242270469665527,0
2025-05-14 08:35:00+00:00,1.1241008043289185,1.1241008043289185,1.1238480806350708,1.123974323272705,0
2025-05-14 08:40:00+00:00,1.123721718788147,1.12447988986969,1.123721718788147,1.1242270469665527,0
2025-05-14 08:45:00+00:00,1.1241008043289185,1.1246063709259033,1.1241008043289185,1.1241008043289185,0
2025-05-14 08:50:00+00:00,1.123974323272705,1.12447988986969,1.123974323272705,1.1241008043289185,0
2025-05-14 08:55:00+00:00,1.1242270469665527,1.1248594522476196,1.123721718788147,1.123721718788147,0
2025-05-14 09:00:00+00:00,1.1242270469665527,1.1242270469665527,1.1234692335128784,1.1242270469665527,0
2025-05-14 09:05:00+00:00,1.1242270469665527,1.1243535280227661,1.1241008043289185,1.1242270469665527,0
2025-05-14 09:10:00+00:00,1.124985933303833,1.124985933303833,1.1242270469665527,1.1242270469665527,0
2025-05-14 09:15:00+00:00,1.1252391338348389,1.1256190538406372,1.125112533569336,1.1252391338348389,0
2025-05-14 09:20:00+00:00,1.1259993314743042,1.1261261701583862,1.1257457733154297,1.1258726119995117,0
2025-05-14 09:25:00+00:00,1.1257457733154297,1.1263798475265503,1.1257457733154297,1.1261261701583862,0
2025-05-14 09:30:00+00:00,1.1257457733154297,1.1258726119995117,1.1253657341003418,1.1258726119995117,0
2025-05-14 09:35:00+00:00,1.1253657341003418,1.1256190538406372,1.1253657341003418,1.1253657341003418,0
2025-05-14 09:40:00+00:00,1.1262530088424683,1.1262530088424683,1.1253657341003418,1.1253657341003418,0
2025-05-14 09:45:00+00:00,1.1267606019973755,1.1267606019973755,1.1263798475265503,1.1263798475265503,0
2025-05-14 09:50:00+00:00,1.1262530088424683,1.1265066862106323,1.1259993314743042,1.1265066862106323,0
2025-05-14 09:55:00+00:00,1.1256190538406372,1.1258726119995117,1.1256190538406372,1.1258726119995117,0
2025-05-14 10:00:00+00:00,1.1254924535751343,1.1256190538406372,1.1253657341003418,1.1253657341003418,0
2025-05-14 10:05:00+00:00,1.1253657341003418,1.1254924535751343,1.1252391338348389,1.1253657341003418,0
2025-05-14 10:10:00+00:00,1.1246063709259033,1.125112533569336,1.1246063709259033,1.125112533569336,0
2025-05-14 10:15:00+00:00,1.1243535280227661,1.1246063709259033,1.1243535280227661,1.1246063709259033,0
2025-05-14 10:20:00+00:00,1.123974323272705,1.1242270469665527,1.123974323272705,1.1242270469665527,0
2025-05-14 10:25:00+00:00,1.123974323272705,1.123974323272705,1.123721718788147,1.123721718788147,0
2025-05-14 10:30:00+00:00,1.1241008043289185,1.1247328519821167,1.123974323272705,1.123974323272705,0
2025-05-14 10:35:00+00:00,1.123721718788147,1.1241008043289185,1.1235954761505127,1.1241008043289185,0
2025-05-14 10:40:00+00:00,1.1238480806350708,1.1238480806350708,1.123721718788147,1.1238480806350708,0
2025-05-14 10:45:00+00:00,1.1232168674468994,1.123721718788147,1.1232168674468994,1.123721718788147,0
2025-05-14 10:50:00+00:00,1.1235954761505127,1.1235954761505127,1.1233429908752441,1.1234692335128784,0
2025-05-14 10:55:00+00:00,1.1235954761505127,1.123974323272705,1.1235954761505127,1.123721718788147,0
2025-05-14 11:00:00+00:00,1.123721718788147,1.123721718788147,1.1232168674468994,1.1233429908752441,0
2025-05-14 11:05:00+00:00,1.1228384971618652,1.123721718788147,1.1228384971618652,1.123721718788147,0
2025-05-14 11:10:00+00:00,1.12296462059021,1.1232168674468994,1.12296462059021,1.12296462059021,0
2025-05-14 11:15:00+00:00,1.121956706047058,1.12271249294281,1.121956706047058,1.12271249294281,0
2025-05-14 11:20:00+00:00,1.1224603652954102,1.1224603652954102,1.121956706047058,1.121956706047058,0
2025-05-14 11:25:00+00:00,1.1224603652954102,1.1225864887237549,1.1223344802856445,1.1225864887237549,0
2025-05-14 11:30:00+00:00,1.12271249294281,1.12271249294281,1.1224603652954102,1.1224603652954102,0
2025-05-14 11:35:00+00:00,1.12271249294281,1.12271249294281,1.1225864887237549,1.12271249294281,0
2025-05-14 11:40:00+00:00,1.12271249294281,1.1228384971618652,1.1225864887237549,1.1228384971618652,0
2025-05-14 11:45:00+00:00,1.1228384971618652,1.12296462059021,1.1228384971618652,1.1228384971618652,0
2025-05-14 11:50:00+00:00,1.1224603652954102,1.1224603652954102,1.1224603652954102,1.1224603652954102,0
2025-05-14 11:55:00+00:00,1.121956706047058,1.121956706047058,1.1217050552368164,1.121956706047058,0
2025-05-14 12:00:00+00:00,1.1224603652954102,1.1225864887237549,1.1222084760665894,1.1222084760665894,0
2025-05-14 12:05:00+00:00,1.1217050552368164,1.1224603652954102,1.1217050552368164,1.1224603652954102,0
2025-05-14 12:10:00+00:00,1.1214534044265747,1.1217050552368164,1.1213276386260986,1.1215791702270508,0
2025-05-14 12:15:00+00:00,1.1217050552368164,1.1217050552368164,1.1213276386260986,1.1215791702270508,0
2025-05-14 12:20:00+00:00,1.1225864887237549,1.1225864887237549,1.121956706047058,1.1220825910568237,0
2025-05-14 12:25:00+00:00,1.1228384971618652,1.12296462059021,1.1225864887237549,1.1225864887237549,0
2025-05-14 12:30:00+00:00,1.1232168674468994,1.1233429908752441,1.1228384971618652,1.1228384971618652,0
2025-05-14 12:35:00+00:00,1.1224603652954102,1.1230907440185547,1.1224603652954102,1.1230907440185547,0
2025-05-14 12:40:00+00:00,1.1230907440185547,1.1230907440185547,1.1225864887237549,1.1225864887237549,0
2025-05-14 12:45:00+00:00,1.1238480806350708,1.1238480806350708,1.1232168674468994,1.1234692335128784,0
2025-05-14 12:50:00+00:00,1.12296462059021,1.1235954761505127,1.12296462059021,1.1234692335128784,0
2025-05-14 12:55:00+00:00,1.12296462059021,1.1232168674468994,1.1228384971618652,1.1232168674468994,0
2025-05-14 13:00:00+00:00,1.1222084760665894,1.1224603652954102,1.1220825910568237,1.1224603652954102,0
2025-05-14 13:05:00+00:00,1.1218308210372925,1.1220825910568237,1.1218308210372925,1.1220825910568237,0
2025-05-14 13:10:00+00:00,1.1217050552368164,1.121956706047058,1.1215791702270508,1.121956706047058,0
2025-05-14 13:15:00+00:00,1.1222084760665894,1.1222084760665894,1.1214534044265747,1.1214534044265747,0
2025-05-14 13:20:00+00:00,1.1228384971618652,1.1228384971618652,1.1225864887237549,1.12271249294281,0
2025-05-14 13:25:00+00:00,1.1224603652954102,1.1228384971618652,1.1224603652954102,1.12271249294281,0
2025-05-14 13:30:00+00:00,1.1225864887237549,1.1228384971618652,1.1224603652954102,1.1228384971618652,0
2025-05-14 13:35:00+00:00,1.1232168674468994,1.1232168674468994,1.1224603652954102,1.1224603652954102,0
2025-05-14 13:40:00+00:00,1.1232168674468994,1.1233429908752441,1.1230907440185547,1.1233429908752441,0
2025-05-14 13:45:00+00:00,1.1235954761505127,1.123721718788147,1.1233429908752441,1.1233429908752441,0
2025-05-14 13:50:00+00:00,1.1234692335128784,1.1235954761505127,1.1234692335128784,1.1235954761505127,0
2025-05-14 13:55:00+00:00,1.1225864887237549,1.1233429908752441,1.1218308210372925,1.1233429908752441,0
2025-05-14 14:00:00+00:00,1.1214534044265747,1.1220825910568237,1.1214534044265747,1.1220825910568237,0
2025-05-14 14:05:00+00:00,1.1217050552368164,1.1218308210372925,1.1214534044265747,1.1214534044265747,0
2025-05-14 14:10:00+00:00,1.121956706047058,1.121956706047058,1.1215791702270508,1.121956706047058,0
2025-05-14 14:15:00+00:00,1.1213276386260986,1.1222084760665894,1.1212018728256226,1.1222084760665894,0
2025-05-14 14:20:00+00:00,1.1205737590789795,1.1214534044265747,1.1205737590789795,1.121076226234436,0
2025-05-14 14:25:00+00:00,1.1215791702270508,1.1215791702270508,1.1209505796432495,1.1209505796432495,0
2025-05-14 14:30:00+00:00,1.121076226234436,1.1215791702270508,1.121076226234436,1.1215791702270508,0
2025-05-14 14:35:00+00:00,1.121076226234436,1.121076226234436,1.120824933052063,1.1209505796432495,0
2025-05-14 14:40:00+00:00,1.1215791702270508,1.1215791702270508,1.1212018728256226,1.1212018728256226,0
2025-05-14 14:45:00+00:00,1.1223344802856445,1.1223344802856445,1.1217050552368164,1.1217050552368164,0
2025-05-14 14:50:00+00:00,1.1217050552368164,1.1220825910568237,1.1215791702270508,1.1220825910568237,0
2025-05-14 14:55:00+00:00,1.1214534044265747,1.1218308210372925,1.1214534044265747,1.1217050552368164,0
2025-05-14 15:00:00+00:00,1.121076226234436,1.1218308210372925,1.121076226234436,1.1215791702270508,0
2025-05-14 15:05:00+00:00,1.1213276386260986,1.1215791702270508,1.120824933052063,1.120824933052063,0
2025-05-14 15:10:00+00:00,1.120824933052063,1.121076226234436,1.120824933052063,1.121076226234436,0
2025-05-14 15:15:00+00:00,1.1205737590789795,1.120824933052063,1.1205737590789795,1.120824933052063,0
2025-05-14 15:20:00+00:00,1.120824933052063,1.120824933052063,1.1206992864608765,1.1206992864608765,0
2025-05-14 15:25:00+00:00,1.121076226234436,1.121076226234436,1.1204482316970825,1.1204482316970825,0
2025-05-14 15:30:00+00:00,1.1209505796432495,1.121076226234436,1.120824933052063,1.120824933052063,0
2025-05-14 15:35:00+00:00,1.1204482316970825,1.120824933052063,1.1204482316970825,1.120824933052063,0
2025-05-14 15:40:00+00:00,1.1204482316970825,1.1206992864608765,1.1204482316970825,1.1206992864608765,0
2025-05-14 15:45:00+00:00,1.1203227043151855,1.1203227043151855,1.1201971769332886,1.1203227043151855,0
2025-05-14 15:50:00+00:00,1.1203227043151855,1.1204482316970825,1.1201971769332886,1.1204482316970825,0
2025-05-14 15:55:00+00:00,1.1206992864608765,1.120824933052063,1.1205737590789795,1.120824933052063,0
2025-05-14 16:00:00+00:00,1.121076226234436,1.121076226234436,1.120824933052063,1.120824933052063,0
2025-05-14 16:05:00+00:00,1.1214534044265747,1.1214534044265747,1.1212018728256226,1.1212018728256226,0
2025-05-14 16:10:00+00:00,1.120824933052063,1.1212018728256226,1.120824933052063,1.1212018728256226,0
2025-05-14 16:15:00+00:00,1.120824933052063,1.120824933052063,1.1206992864608765,1.120824933052063,0
2025-05-14 16:20:00+00:00,1.120824933052063,1.1209505796432495,1.1206992864608765,1.1209505796432495,0
2025-05-14 16:25:00+00:00,1.1204482316970825,1.1205737590789795,1.1204482316970825,1.1205737590789795,0
2025-05-14 16:30:00+00:00,1.1205737590789795,1.1205737590789795,1.1203227043151855,1.1203227043151855,0
2025-05-14 16:35:00+00:00,1.120824933052063,1.1209505796432495,1.1206992864608765,1.1206992864608765,0
2025-05-14 16:40:00+00:00,1.118943691253662,1.119444727897644,1.118067979812622,1.119444727897644,0
2025-05-14 16:45:00+00:00,1.119444727897644,1.119444727897644,1.1186933517456055,1.1191942691802979,0
2025-05-14 16:50:00+00:00,1.1196954250335693,1.1196954250335693,1.119444727897644,1.119444727897644,0
2025-05-14 16:55:00+00:00,1.119444727897644,1.1199462413787842,1.1193194389343262,1.1199462413787842,0
2025-05-14 17:00:00+00:00,1.119444727897644,1.119444727897644,1.1191942691802979,1.1193194389343262,0
2025-05-14 17:05:00+00:00,1.1191942691802979,1.119444727897644,1.1191942691802979,1.119444727897644,0
2025-05-14 17:10:00+00:00,1.1191942691802979,1.1191942691802979,1.1188185214996338,1.1188185214996338,0
2025-05-14 17:15:00+00:00,1.119444727897644,1.1196954250335693,1.1193194389343262,1.119444727897644,0
2025-05-14 17:20:00+00:00,1.1198208332061768,1.1198208332061768,1.119444727897644,1.119444727897644,0
2025-05-14 17:25:00+00:00,1.1198208332061768,1.1199462413787842,1.1196954250335693,1.1199462413787842,0
2025-05-14 17:30:00+00:00,1.119444727897644,1.1198208332061768,1.119444727897644,1.1196954250335693,0
2025-05-14 17:35:00+00:00,1.11906898021698,1.1191942691802979,1.118943691253662,1.1191942691802979,0
2025-05-14 17:40:00+00:00,1.1188185214996338,1.11906898021698,1.1188185214996338,1.118943691253662,0
2025-05-14 17:45:00+00:00,1.1185681819915771,1.1186933517456055,1.1185681819915771,1.1185681819915771,0
2025-05-14 17:50:00+00:00,1.118943691253662,1.118943691253662,1.1185681819915771,1.1186933517456055,0
2025-05-14 17:55:00+00:00,1.1191942691802979,1.1193194389343262,1.1191942691802979,1.1191942691802979,0
2025-05-14 18:00:00+00:00,1.1185681819915771,1.1191942691802979,1.1185681819915771,1.1191942691802979,0
2025-05-14 18:05:00+00:00,1.1181930303573608,1.1188185214996338,1.1181930303573608,1.1184431314468384,0
2025-05-14 18:10:00+00:00,1.118067979812622,1.11831796169281,1.1179429292678833,1.1181930303573608,0
2025-05-14 18:15:00+00:00,1.1181930303573608,1.1181930303573608,1.1179429292678833,1.118067979812622,0
2025-05-14 18:20:00+00:00,1.118067979812622,1.11831796169281,1.118067979812622,1.1181930303573608,0
2025-05-14 18:25:00+00:00,1.1176930665969849,1.117817997932434,1.1176930665969849,1.1176930665969849,0
2025-05-14 18:30:00+00:00,1.1179429292678833,1.1179429292678833,1.1176930665969849,1.1176930665969849,0
2025-05-14 18:35:00+00:00,1.1179429292678833,1.118067979812622,1.1179429292678833,1.118067979812622,0
2025-05-14 18:40:00+00:00,1.11831796169281,1.1184431314468384,1.118067979812622,1.118067979812622,0
2025-05-14 18:45:00+00:00,1.1184431314468384,1.1185681819915771,1.11831796169281,1.11831796169281,0
2025-05-14 18:50:00+00:00,1.1184431314468384,1.1185681819915771,1.11831796169281,1.11831796169281,0
2025-05-14 18:55:00+00:00,1.1181930303573608,1.11831796169281,1.1181930303573608,1.11831796169281,0
2025-05-14 19:00:00+00:00,1.117193579673767,1.1179429292678833,1.117193579673767,1.1179429292678833,0
2025-05-14 19:05:00+00:00,1.1175681352615356,1.1175681352615356,1.117193579673767,1.117193579673767,0
2025-05-14 19:10:00+00:00,1.1179429292678833,1.1179429292678833,1.1175681352615356,1.1175681352615356,0
2025-05-14 19:15:00+00:00,1.117817997932434,1.1179429292678833,1.1176930665969849,1.117817997932434,0
2025-05-14 19:20:00+00:00,1.117817997932434,1.117817997932434,1.1175681352615356,1.117817997932434,0
2025-05-14 19:25:00+00:00,1.1179429292678833,1.1179429292678833,1.1175681352615356,1.117817997932434,0
2025-05-14 19:30:00+00:00,1.117817997932434,1.117817997932434,1.1176930665969849,1.117817997932434,0
2025-05-14 19:35:00+00:00,1.1176930665969849,1.117817997932434,1.1176930665969849,1.1176930665969849,0
2025-05-14 19:40:00+00:00,1.1175681352615356,1.117817997932434,1.1175681352615356,1.117817997932434,0
2025-05-14 19:45:00+00:00,1.1174432039260864,1.1175681352615356,1.1174432039260864,1.1175681352615356,0
2025-05-14 19:50:00+00:00,1.1170687675476074,1.117193579673767,1.1170687675476074,1.117193579673767,0
2025-05-14 19:55:00+00:00,1.1170687675476074,1.1170687675476074,1.1169440746307373,1.1169440746307373,0
2025-05-14 20:00:00+00:00,1.1170687675476074,1.117193579673767,1.1170687675476074,1.117193579673767,0
2025-05-14 20:05:00+00:00,1.1170687675476074,1.1170687675476074,1.1168192625045776,1.1170687675476074,0
